Date,Adj Close,Adj Close,Adj Close,Adj Close
3/4/2013,75.458092,50.289307,29.695126,96.535545
3/5/2013,76.01799,50.755718,29.835163,96.897087
3/6/2013,75.975555,50.711288,30.004677,97.340782
3/7/2013,75.254486,50.977802,29.960461,97.414719
3/8/2013,75.47506,50.437363,29.768835,97.422935
3/11/2013,75.636238,50.400356,29.923611,97.554405
3/12/2013,75.636238,50.148651,29.783579,97.160011
3/13/2013,75.721077,50.156055,29.621418,97.250397
3/14/2013,76.204613,50.674271,30.218426,98.5979
3/15/2013,75.814362,50.244892,30.277386,98.334969
3/18/2013,75.305397,49.830318,29.967827,97.883072
3/19/2013,75.144211,49.941357,30.218426,98.154221
3/20/2013,75.186615,50.030209,30.085756,98.88549
3/21/2013,74.796394,49.474976,30.13735,98.877274
3/22/2013,75.746513,49.948772,30.955456,99.567444
3/25/2013,75.517448,49.334309,30.92598,98.745804
3/26/2013,76.459091,49.919163,31.191303,99.40313
3/27/2013,76.840843,49.63784,31.147083,98.754013
3/28/2013,76.442146,49.46756,31.213413,97.628357
4/1/2013,77.002037,49.304699,30.96283,98.277458
4/2/2013,76.840843,49.452763,31.058641,97.776237
4/3/2013,76.289459,49.112217,30.88175,96.773827
4/4/2013,76.153709,48.853115,30.424791,97.012115
4/5/2013,75.508987,48.919743,30.601681,96.560196
4/8/2013,75.161171,48.497757,30.380573,96.798492
4/9/2013,75.305397,49.015976,30.771193,97.480453
4/10/2013,75.229034,49.178841,30.638523,98.302101
4/11/2013,75.687141,49.563816,30.793301,99.378471
4/12/2013,75.492004,49.51939,30.638523,98.548607
4/15/2013,73.371208,48.756866,30.188944,95.779648
4/16/2013,73.473015,49.282494,30.328981,96.14119
4/17/2013,73.023407,48.505169,29.650906,94.333542
4/18/2013,73.481491,48.460747,30.284746,94.974434
4/19/2013,74.1856,48.586601,30.21105,95.229134
4/22/2013,74.728554,48.890121,30.328981,95.779648
4/23/2013,75.755005,49.800716,30.675375,96.527336
4/24/2013,75.865288,50.407764,31.014412,97.184669
4/25/2013,74.711555,50.948181,31.161819,97.37365
4/26/2013,74.652184,50.800129,31.102858,98.630775
4/29/2013,74.830345,51.370167,31.419792,99.682487
4/30/2013,75.492004,51.666302,32.134708,100.249413
5/1/2013,74.236511,51.651489,31.928335,98.819756
5/2/2013,75.186615,52.265938,32.083118,100.274063
5/3/2013,76.365791,52.880402,32.400055,101.465462
5/6/2013,76.840843,52.599091,32.407421,101.268265
5/7/2013,77.324394,52.562061,32.481113,101.095718
5/8/2013,77.790955,53.287575,32.56319,101.358635
5/9/2013,77.756783,53.065468,32.287113,101.588715
5/10/2013,76.996574,52.880402,32.219959,101.251839
5/13/2013,76.962395,52.843384,32.100563,100.93959
5/14/2013,77.825157,53.324581,32.167725,102.706146
5/15/2013,77.936172,52.200069,32.070717,101.886162
5/16/2013,77.474899,52.16259,31.899105,101.679092
5/17/2013,78.380348,52.522423,32.055794,102.225761
5/20/2013,79.029526,52.582413,32.384113,103.352211
5/21/2013,79.268715,53.137161,32.503506,104.313019
5/22/2013,78.747665,52.454964,32.294571,103.476456
5/23/2013,78.405983,52.462467,32.630352,103.865738
5/24/2013,78.183891,52.155098,32.473663,103.907158
5/28/2013,78.909943,52.320019,32.533348,104.718857
5/29/2013,78.653709,52.522423,32.570656,103.940285
5/30/2013,78.662209,52.582413,32.585583,103.625526
5/31/2013,77.278465,51.60033,32.018494,101.670792
6/3/2013,78.1241,51.967678,32.399036,102.780693
6/4/2013,77.551796,51.367928,32.264732,101.844765
6/5/2013,76.578018,50.745693,31.988632,100.693436
6/6/2013,77.073448,50.933125,32.197571,99.881729
6/7/2013,78.11554,50.790668,32.04834,100.801117
6/10/2013,77.833664,51.315464,32.294571,101.621124
6/11/2013,77.269905,51.337952,32.152802,100.594055
6/12/2013,76.6549,51.195499,31.914024,99.36821
6/13/2013,78.013039,51.630318,32.152802,100.767982
6/14/2013,77.372421,50.768196,31.966257,99.624962
6/17/2013,78.166809,51.075554,32.279648,100.403564
6/18/2013,78.525566,51.105541,32.302036,100.652023
6/19/2013,77.731171,50.558277,31.787174,99.807182
6/20/2013,76.065514,49.793606,31.100681,97.695084
6/21/2013,76.432816,49.748619,31.130531,98.506783
6/24/2013,75.578621,49.246346,30.981295,96.759117
6/25/2013,76.116768,49.156387,31.100681,97.280952
6/26/2013,76.706146,49.538715,31.212612,97.860733
6/27/2013,76.911148,50.063484,31.175303,98.324585
6/28/2013,77.175957,49.681152,31.14546,98.018112
7/1/2013,77.133247,49.70364,31.070847,98.631027
7/2/2013,77.42366,49.523716,30.876835,98.688988
7/3/2013,77.466362,49.433746,30.727606,98.631027
7/5/2013,78.218063,49.306305,30.720135,99.815475
7/8/2013,78.798912,49.883564,30.802214,100.42012
7/9/2013,79.729965,50.265907,31.078306,102.101509
7/10/2013,79.285805,50.895626,31.429005,101.795044
7/11/2013,79.670174,52.267536,31.742401,102.515648
7/12/2013,79.781219,52.327526,31.481241,102.755852
7/15/2013,79.653107,51.937675,31.44393,103.269371
7/16/2013,79.695808,52.477451,31.742401,102.80555
7/17/2013,79.832489,52.762329,31.749865,102.99604
7/18/2013,80.61834,53.047203,31.869247,103.923714
7/19/2013,81.293159,53.069695,32.093102,105.116447
7/22/2013,81.002716,53.257122,32.234875,105.21582
7/23/2013,81.318779,53.38456,32.49604,105.406319
7/24/2013,81.139389,53.414543,32.41396,104.669167
7/25/2013,81.122322,53.639442,32.600494,105.820473
7/26/2013,80.968544,53.37706,32.518425,105.6548
7/29/2013,80.319366,52.874783,32.175179,104.503502
7/30/2013,80.131432,52.477451,31.14546,104.180473
7/31/2013,80.080193,53.129681,30.9216,104.271576
8/1/2013,79.208923,50.385849,31.130531,104.727142
8/2/2013,78.542664,50.041,31.287231,103.493004
8/5/2013,78.23513,50.198437,31.317087,102.697845
8/6/2013,78.132629,50.220917,31.220076,101.993835
8/7/2013,78.021584,50.048492,31.16716,102.151207
8/8/2013,78.397446,50.483315,31.204958,101.935852
8/9/2013,78.027603,50.730709,31.197399,101.463737
8/12/2013,77.313721,50.498306,31.053776,100.883942
8/13/2013,76.892288,50.753189,31.288115,101.463737
8/14/2013,76.505219,50.669621,31.250311,101.091034
8/15/2013,75.825768,50.418888,31.197399,100.422935
8/16/2013,75.610741,50.692413,31.235201,100.113922
8/19/2013,74.759239,50.411289,31.068886,99.09507
8/20/2013,74.681839,50.510063,30.917706,98.786095
8/21/2013,74.329201,50.289722,30.638008,98.293365
8/22/2013,74.810844,50.335312,30.925257,98.786095
8/23/2013,75.275314,50.965931,31.37882,99.821625
8/26/2013,74.905472,50.821575,31.265436,99.245407
8/27/2013,74.673256,51.178673,31.348581,99.220352
8/28/2013,76.410622,52.31834,31.839939,101.725708
8/29/2013,75.06028,51.680115,31.477095,100.523132
8/30/2013,74.965668,51.019115,31.220076,100.573242
9/3/2013,74.957077,51.155872,31.242762,100.673454
9/4/2013,75.481728,51.26984,31.303223,100.93235
9/5/2013,75.129097,51.148281,31.40906,101.358269
9/6/2013,75.043076,51.285042,31.613163,101.224609
9/9/2013,75.722557,51.315437,31.666082,102.0681
9/10/2013,75.53334,51.307827,31.764351,102.727844
9/11/2013,76.410622,51.961235,31.968445,103.487793
9/12/2013,75.670952,51.87006,31.824829,103.462753
9/13/2013,76.032166,52.11319,31.70388,103.671516
9/16/2013,76.26442,52.060005,31.839939,103.621437
9/17/2013,76.496651,51.961235,31.764351,103.838547
9/18/2013,77.047104,52.979336,32.066715,105.074516
9/19/2013,76.78907,53.08572,31.998688,104.757187
9/20/2013,76.255814,52.500687,32.096962,104.322914
9/23/2013,75.473129,52.485485,31.953333,104.82399
9/24/2013,75.137688,52.242374,31.960882,103.963821
9/25/2013,74.948463,52.128391,32.044044,103.613052
9/26/2013,74.888252,52.485485,32.248154,103.128693
9/27/2013,74.742043,52.622261,32.353973,102.418861
9/30/2013,74.002365,52.310738,31.771915,101.466812
10/1/2013,73.967964,51.961235,31.635843,101.31649
10/2/2013,74.036781,52.105595,31.832382,100.90728
10/3/2013,73.53791,51.976433,32.044044,98.752678
10/4/2013,74.243195,51.923248,31.960882,98.652481
10/7/2013,73.881943,51.383801,31.832382,98.435356
10/8/2013,73.546516,50.753193,31.53001,97.483307
10/9/2013,73.245491,50.403698,31.401508,96.982224
10/10/2013,74.002365,51.224255,31.673643,97.191017
10/11/2013,74.785057,51.459793,31.862623,98.268318
10/14/2013,75.344116,51.816875,32.202785,99.028282
10/15/2013,74.647423,51.976433,32.127193,98.669174
10/16/2013,75.094688,52.333523,32.180115,99.512642
10/17/2013,75.240906,52.948959,32.505161,99.813278
10/18/2013,75.301102,53.192081,32.754627,99.92186
10/21/2013,75.025894,53.556774,32.936043,100.063828
10/22/2013,75.670952,54.119015,32.958714,100.748611
10/23/2013,75.352715,53.96706,32.799976,100.322693
10/24/2013,76.049385,54.430515,32.943604,100.681801
10/25/2013,75.662338,54.969952,33.004082,100.706848
10/28/2013,75.885979,54.833206,33.049442,100.974098
10/29/2013,76.488045,55.258675,34.697376,101.466812
10/30/2013,76.384842,55.311859,34.992188,100.464676
10/31/2013,77.081497,52.819786,35.150936,100.18074
11/1/2013,77.25351,53.230072,35.188732,98.552277
11/4/2013,79.214546,53.207272,35.475986,98.627441
11/5/2013,79.119919,53.024933,35.521343,98.919708
11/6/2013,80.177834,53.123695,35.827423,101.166191
11/7/2013,79.632294,52.409508,35.27647,100.138977
11/8/2013,80.299072,52.295544,35.268822,101.207939
11/11/2013,80.498222,52.515877,35.261169,101.116081
11/12/2013,80.247101,52.424702,35.131081,100.214149
11/13/2013,80.177826,52.547871,35.5443,100.289291
11/14/2013,80.723373,53.15604,35.643784,100.685112
11/15/2013,82.498566,54.20298,36.102909,101.106148
11/18/2013,82.654427,54.28767,35.903942,101.527222
11/19/2013,82.628441,54.264572,35.926907,102.790436
11/20/2013,81.987671,54.395439,35.957516,102.739891
11/21/2013,81.996323,54.695679,36.232986,103.969406
11/22/2013,82.27343,54.965107,36.753342,104.449409
11/25/2013,82.342682,54.557102,36.324818,104.205208
11/26/2013,81.632614,53.97205,36.072292,103.396751
11/27/2013,81.225624,53.825768,35.888641,103.09359
11/29/2013,80.948532,53.841171,35.972816,103.110428
12/2/2013,80.983162,53.487053,35.697346,103.026222
12/3/2013,81.736534,53.394676,35.643784,103.177795
12/4/2013,81.979012,52.932785,35.789165,102.546196
12/5/2013,81.511398,52.848106,35.53664,101.981995
12/6/2013,82.827621,54.279976,35.812126,102.984108
12/9/2013,82.992142,54.54171,35.903942,103.86834
12/10/2013,82.879585,54.803455,35.63612,104.13784
12/11/2013,81.623955,54.749573,35.735603,102.824127
12/12/2013,82.576515,54.40313,35.330036,101.889343
12/13/2013,82.533195,53.92585,34.962738,100.97142
12/16/2013,84.187141,54.526314,35.222904,101.240921
12/17/2013,83.780174,54.472424,34.832642,99.99456
12/18/2013,86.196152,55.42701,35.368301,102.403038
12/19/2013,86.100906,55.973576,35.666733,103.767303
12/20/2013,85.451431,56.08905,35.85804,103.396751
12/23/2013,85.304237,56.674103,36.278908,103.413612
12/24/2013,85.91906,56.966633,36.416645,104.011513
12/26/2013,87.37384,57.313049,36.707428,105.106277
12/27/2013,87.902054,57.597889,36.937,105.459976
12/30/2013,86.862938,57.42083,36.88343,104.617844
12/31/2013,87.633621,57.821129,37.197166,105.190506
1/2/2014,86.378006,57.266876,36.715084,104.542061
1/3/2014,86.170166,57.320766,36.630898,104.718895
1/6/2014,86.300072,56.881962,36.730385,104.441002
1/7/2014,87.521042,57.397743,37.151249,105.325226
1/8/2014,87.235283,57.159096,37.288994,103.826233
1/9/2014,86.38665,57.467018,37.380814,103.826233
1/10/2014,87.044769,58.506275,37.648655,101.906204
1/13/2014,85.338875,57.590183,36.845165,100.424034
1/14/2014,85.832481,57.844234,36.990559,100.693512
1/15/2014,85.538033,57.79034,36.8069,100.365082
1/16/2014,85.67659,58.059776,36.661514,100.070351
1/17/2014,85.867104,57.028221,36.88343,100.457726
1/21/2014,85.295578,57.559395,37.135948,101.35881
1/22/2014,84.758675,58.344612,37.526207,101.417747
1/23/2014,83.970673,58.452381,37.212467,99.699791
1/24/2014,82.134865,57.390049,36.539078,97.931343
1/27/2014,82.195488,56.943542,36.156475,98.04924
1/28/2014,82.827621,57.112915,36.332474,98.394516
1/29/2014,82.360008,57.228374,36.171776,97.687134
1/30/2014,81.39016,57.875027,36.278908,98.066078
1/31/2014,79.805466,56.065952,35.880997,94.006989
2/3/2014,77.978317,55.011292,35.284126,93.594376
2/4/2014,77.952362,55.12677,35.406559,93.33329
2/5/2014,77.571342,55.403912,35.230556,92.230103
2/6/2014,78.312607,55.911995,36.210041,93.703835
2/7/2014,78.992821,56.335384,36.431942,94.360695
2/10/2014,78.068428,56.450863,36.347778,94.057533
2/11/2014,79.219559,57.821129,37.197166,95.649178
2/12/2014,79.428864,58.327595,37.460426,95.18187
2/13/2014,79.734085,59.262589,37.514626,95.589691
2/14/2014,82.071251,59.691109,37.793369,96.413818
2/18/2014,82.036392,60.766342,38.257954,95.759613
2/19/2014,81.931709,60.579357,38.196007,96.51577
2/20/2014,83.170067,61.24942,38.60638,97.365379
2/21/2014,82.873573,61.272808,38.567665,95.734131
2/24/2014,84.10321,61.724705,38.923843,96.983055
2/25/2014,83.989838,61.272808,39.233566,97.679726
2/26/2014,83.536354,61.02346,39.039993,98.138527
2/27/2014,83.579948,60.859848,39.032242,98.291458
2/28/2014,83.954933,60.7118,39.187107,97.985588
3/3/2014,83.283447,59.854752,37.940491,97.56929
3/4/2014,84.172966,61.155918,38.203747,97.977089
3/5/2014,81.800926,60.898808,37.801117,97.22094
3/6/2014,81.766029,60.571552,37.777885,97.577766
3/7/2014,82.838692,60.641674,37.499138,97.773178
3/10/2014,83.283447,60.92218,37.506886,98.418892
3/11/2014,81.98407,60.579357,37.33654,97.288902
3/12/2014,82.15847,60.283272,37.328793,98.257477
3/13/2014,81.661385,59.208035,36.848732,97.237915
3/14/2014,81.51313,59.465168,36.926159,96.940575
3/17/2014,82.254379,59.480724,36.902935,97.764679
3/18/2014,82.594521,59.659954,36.825508,98.758736
3/19/2014,81.739876,59.254787,36.639679,97.87513
3/20/2014,82.481148,58.997673,36.020233,98.138527
3/21/2014,82.245659,58.943123,36.012493,98.240471
3/24/2014,82.53347,58.966496,36.159607,98.427399
3/25/2014,82.768921,59.566444,36.399639,99.480904
3/26/2014,82.585785,59.589825,36.368664,100.007645
3/27/2014,83.92878,59.82357,36.833248,99.973686
3/28/2014,85.202011,60.727394,37.452679,100.678856
3/31/2014,85.184578,60.859848,37.243622,101.027191
4/1/2014,85.228172,60.836472,37.506886,101.103668
4/2/2014,85.420036,60.594933,37.506886,101.401016
4/3/2014,85.402603,60.602726,37.413963,101.13765
4/4/2014,84.905502,60.665054,37.514626,100.933746
4/7/2014,84.399704,60.587147,37.251366,99.693306
4/8/2014,84.984001,61.311752,37.13522,100.084145
4/9/2014,84.879364,61.849384,37.770145,101.188622
4/10/2014,84.399704,61.257229,37.382996,99.14106
4/11/2014,84.347382,61.226051,36.740326,99.429924
4/14/2014,85.341545,61.825989,36.810013,100.84877
4/15/2014,86.056671,62.394783,36.988106,102.208145
4/16/2014,87.155487,62.35582,37.468166,103.50808
4/17/2014,87.574081,62.924618,37.847576,105.079834
4/21/2014,88.018829,62.924618,37.963715,105.555626
4/22/2014,87.530472,62.51165,37.971458,105.351723
4/23/2014,87.643845,62.768776,37.793369,105.937958
4/24/2014,87.21653,63.033691,38.242466,105.60659
4/25/2014,87.565361,62.784359,38.497986,105.343216
4/28/2014,88.228127,62.986935,37.971458,106.821533
4/29/2014,88.472313,63.711552,38.939339,107.025459
4/30/2014,89.309525,65.955536,39.194847,106.643112
5/1/2014,88.437431,66.087975,39.024513,106.150345
5/2/2014,88.960678,66.384064,39.388428,105.96344
5/5/2014,89.745544,66.384064,39.341965,106.507179
5/6/2014,89.536263,66.539894,39.581997,106.175835
5/7/2014,89.919968,67.29567,39.961876,107.246353
5/8/2014,89.23101,67.560577,39.773895,106.277779
5/9/2014,89.511986,67.4515,39.601574,106.226822
5/12/2014,89.75782,67.708633,39.711235,106.405235
5/13/2014,89.871964,67.880051,39.562416,106.923508
5/14/2014,89.810501,67.470459,39.499752,107.407768
5/15/2014,88.484703,67.67524,39.867889,106.088211
5/16/2014,88.449593,68.195107,40.181194,105.548386
5/19/2014,88.563744,68.722824,40.22818,105.351303
5/20/2014,88.388153,67.698875,39.875725,104.965706
5/21/2014,89.582214,67.903664,40.314342,106.388115
5/22/2014,89.11689,65.359535,40.110691,105.933968
5/23/2014,88.958847,64.79245,40.024536,105.711189
5/27/2014,88.993958,64.367111,39.711235,105.257034
5/28/2014,88.730568,64.367111,39.68774,104.982857
5/29/2014,88.91494,64.713661,39.672077,104.811478
5/30/2014,88.265221,64.461624,39.515427,105.21418
6/2/2014,87.747208,64.760925,39.617249,104.717232
6/3/2014,88.142311,65.217773,39.570251,105.008553
6/4/2014,87.835022,64.603394,39.217781,104.837166
6/5/2014,88.282799,64.863327,39.50758,105.839714
6/6/2014,89.204666,65.430428,39.797394,106.413818
6/9/2014,89.134438,65.257149,39.820885,106.568062
6/10/2014,89.081764,65.249283,39.907047,107.3992
6/11/2014,89.511986,65.115356,39.836555,107.2621
6/12/2014,89.25737,65.792747,40.212521,108.05899
6/13/2014,90.126579,66.478004,40.478832,109.044373
6/16/2014,90.36364,66.848221,40.525829,110.141159
6/17/2014,89.924652,66.580399,40.447495,110.389656
6/18/2014,90.196823,68.124199,41.254246,111.632111
6/19/2014,90.109024,68.210854,41.254246,113.097351
6/20/2014,91.162628,68.226601,41.34042,113.397263
6/23/2014,91.645531,68.525909,41.567554,113.945625
6/24/2014,90.196823,67.746124,41.387409,112.908852
6/25/2014,89.678795,67.53347,41.215092,112.446106
6/26/2014,89.582214,68.092705,41.316914,112.180511
6/27/2014,88.862251,68.596802,41.199421,111.700661
6/30/2014,88.396927,68.533798,41.316914,111.863457
7/1/2014,88.993958,68.998497,41.512722,111.854889
7/2/2014,89.178345,69.250557,41.810364,111.589249
7/3/2014,90.073898,68.998497,41.630219,112.411842
7/7/2014,90.126579,68.683449,41.215092,111.794914
7/8/2014,90.28463,68.297485,41.027111,111.306488
7/9/2014,90.916786,68.659813,40.980114,112.583229
7/10/2014,90.056343,67.793388,40.572815,111.606407
7/11/2014,89.327591,68.360504,40.423996,110.081192
7/14/2014,90.152916,68.431396,40.447495,110.758102
7/15/2014,89.898293,68.360504,40.494499,110.758102
7/16/2014,91.10994,68.848862,40.94878,112.154785
7/17/2014,89.828056,68.100571,39.844391,111.460732
7/18/2014,90.196823,68.013947,39.734726,111.726357
7/21/2014,90.50412,68.02182,39.726898,112.497536
7/22/2014,90.908005,68.297485,39.922718,113.602867
7/23/2014,91.53138,68.54953,40.095032,114.716812
7/24/2014,91.557724,68.541672,40.251675,115.547974
7/25/2014,90.591911,68.02182,39.883545,114.451187
7/28/2014,91.636742,67.525581,39.664242,114.168419
7/29/2014,90.916786,67.659508,38.364029,113.465797
7/30/2014,90.653381,66.493767,38.802662,113.560059
7/31/2014,86.869209,67.848526,38.356205,110.740967
8/1/2014,86.7463,67.320801,38.379704,109.592758
8/4/2014,87.914017,67.935181,38.638165,109.824127
8/5/2014,86.219482,67.848526,38.042892,107.073593
8/6/2014,86.904327,67.706749,37.935863,107.733376
8/7/2014,86.280937,66.958488,37.547394,107.664825
8/8/2014,87.571594,66.769432,37.579102,109.558502
8/11/2014,87.288689,66.824577,37.610813,109.42997
8/12/2014,87.076508,66.257454,37.610813,108.898712
8/13/2014,87.606972,66.13002,37.365044,109.335724
8/14/2014,87.606972,66.353058,37.587025,108.787315
8/15/2014,87.553932,66.655754,37.571178,108.968796
8/18/2014,87.987129,67.38858,37.975502,109.141632
8/19/2014,87.960617,67.922264,38.292625,110.290939
8/20/2014,88.146286,66.92659,38.205429,110.169952
8/21/2014,87.774948,66.504395,38.268845,110.550179
8/22/2014,87.085342,66.145943,38.157852,109.841599
8/25/2014,87.306366,66.424736,38.490829,110.472412
8/26/2014,88.093224,67.046066,38.197487,110.826706
8/27/2014,87.995979,67.428413,38.340195,111.163727
8/28/2014,88.031349,67.667358,37.99136,111.258766
8/29/2014,87.934082,67.587723,37.927944,111.863678
9/2/2014,87.076508,67.054024,37.42054,110.213158
9/3/2014,87.624657,67.420441,37.824863,110.489693
9/4/2014,86.961578,66.823021,35.589146,109.5737
9/5/2014,87.757263,66.974365,36.41367,110.092201
9/8/2014,86.439941,65.357353,35.937992,109.06385
9/9/2014,86.103966,64.552841,35.795277,108.173782
9/10/2014,85.591171,65.556496,36.881432,107.396049
9/11/2014,85.785706,64.863495,36.659447,107.007179
9/12/2014,84.68055,64.401497,36.4216,105.996132
9/15/2014,85.131462,64.568771,36.381958,107.361473
9/16/2014,86.139359,65.118393,36.651512,107.983665
9/17/2014,85.82991,64.720108,36.651512,107.776276
9/18/2014,85.414375,65.29364,36.802143,107.27507
9/19/2014,85.865273,65.5326,36.833866,107.845406
9/22/2014,85.352486,65.48481,36.572239,106.713371
9/23/2014,84.901573,64.568771,36.247181,106.341789
9/24/2014,84.715919,64.640457,36.080688,105.771446
9/25/2014,83.327835,63.34206,34.931118,104.285141
9/26/2014,84.371101,63.581047,35.168961,104.967804
9/29/2014,83.487,63.596977,35.311676,104.172791
9/30/2014,83.151039,63.023445,34.843918,103.109886
10/1/2014,82.09893,62.418064,34.629848,101.666756
10/2/2014,82.487953,61.470169,34.217594,101.200104
10/3/2014,83.036087,61.024086,33.852901,101.718613
10/6/2014,83.566559,61.063934,34.130383,102.046974
10/7/2014,82.549843,60.570065,33.741913,100.258194
10/8/2014,83.646141,61.916225,34.209671,101.926018
10/9/2014,81.179459,59.614193,33.290009,98.953339
10/10/2014,80.984947,58.029057,32.933247,98.417564
10/13/2014,80.313019,57.758217,32.679546,96.810265
10/14/2014,80.056633,57.089111,32.195934,94.865944
10/15/2014,79.76487,56.810314,32.211792,94.425217
10/16/2014,80.100822,55.910213,32.283142,95.972038
10/17/2014,80.640144,57.455528,32.853962,96.611504
10/20/2014,81.135246,56.961658,32.631977,96.343628
10/21/2014,82.797386,58.73798,33.50407,99.454529
10/22/2014,82.337639,58.204285,32.949097,98.512619
10/23/2014,83.204086,58.905251,33.432716,100.405106
10/24/2014,83.540054,59.016777,33.432716,100.163155
10/27/2014,82.850433,58.833565,33.258301,99.394051
10/28/2014,84.079361,59.407101,33.96389,101.2174
10/29/2014,83.628448,59.168121,34.011471,101.226028
10/30/2014,83.504669,59.231865,34.177956,101.277885
10/31/2014,85.502785,59.478775,34.455437,103.654297
11/3/2014,84.22081,58.212265,33.662624,100.914955
11/4/2014,83.566559,57.025387,33.020451,99.69651
11/5/2014,84.052818,57.790096,33.599621,101.14827
11/6/2014,85.104935,57.917534,33.680061,102.427216
11/7/2014,86.013237,59.29557,33.832893,102.660545
11/10/2014,85.73719,59.080502,33.672016,101.900078
11/11/2014,85.852951,59.255737,33.58353,102.349434
11/12/2014,84.935738,58.440948,33.125034,101.666756
11/13/2014,84.294579,57.932682,32.714783,100.629784
11/14/2014,84.677498,58.578079,32.931973,101.449608
11/17/2014,84.69529,58.46513,32.899796,100.952477
11/18/2014,84.481575,59.167007,33.133072,100.708282
11/19/2014,85.140564,58.82011,33.414608,101.580444
11/20/2014,85.32756,59.981827,33.599621,102.313042
11/21/2014,86.209145,60.732105,34.122475,103.4207
11/24/2014,85.238503,60.328728,33.816807,102.557259
11/25/2014,84.401436,59.772057,33.438736,101.301346
11/26/2014,84.1343,60.441662,33.454826,100.394295
11/28/2014,80.625717,56.020679,31.628849,94.952034
12/1/2014,82.237518,56.770962,32.039093,97.446411
12/2/2014,83.876038,58.085964,32.755009,99.443626
12/3/2014,84.552818,57.448631,33.229591,99.173271
12/4/2014,84.036346,56.641891,32.489552,97.926102
12/5/2014,83.546562,56.335323,32.159752,96.696335
12/8/2014,81.658684,55.076782,31.26687,93.14666
12/9/2014,81.373741,54.947708,30.985334,93.329811
12/10/2014,78.960495,53.431026,30.357908,91.454659
12/11/2014,79.432457,52.874367,30.028112,91.498276
12/12/2014,77.117149,51.446411,29.151312,89.291695
12/15/2014,77.384315,50.429905,28.105597,87.966011
12/16/2014,76.947968,52.49519,28.765202,88.698647
12/17/2014,79.272156,54.802498,30.317686,92.466354
12/18/2014,81.177834,55.407555,30.824459,95.091583
12/19/2014,83.386269,56.883904,31.693205,98.492989
12/22/2014,83.110214,57.053318,31.451881,97.708038
12/23/2014,84.232231,57.263088,31.467964,99.382591
12/24/2014,83.510941,57.327618,31.331226,98.963974
12/26/2014,83.003365,57.650311,31.355358,98.772079
12/29/2014,82.878685,57.263088,31.395582,98.83313
12/30/2014,82.834152,56.432129,30.856627,98.649986
12/31/2014,82.326576,56.117489,30.66357,97.83889
1/2/2015,82.664955,55.762527,30.66357,98.187737
1/5/2015,80.403091,52.858227,29.0387,94.263016
1/6/2015,79.975655,52.164425,28.821508,94.219406
1/7/2015,80.786011,52.81789,28.893902,94.140915
1/8/2015,82.130669,53.987682,29.545462,96.295158
1/9/2015,82.014908,53.269669,29.424805,94.376389
1/12/2015,80.438721,51.906258,28.998474,92.344261
1/13/2015,80.144859,52.043407,28.926077,90.879028
1/14/2015,79.913315,51.510956,28.692797,90.617386
1/15/2015,79.218727,52.019211,28.741074,89.54464
1/16/2015,81.142197,53.737587,30.454433,91.68145
1/20/2015,81.115494,53.850525,30.317686,92.858826
1/21/2015,81.810081,54.65728,31.226654,94.332787
1/22/2015,82.7006,55.060658,31.355358,94.995628
1/23/2015,80.937393,54.996113,31.291002,93.190254
1/26/2015,81.712135,56.117489,32.111485,94.960747
1/27/2015,80.990829,56.35144,32.344761,94.419998
1/28/2015,78.319321,54.149029,31.274918,90.451683
1/29/2015,77.989845,52.35804,31.170341,89.832436
1/30/2015,77.847359,51.623901,31.234695,89.422531
2/2/2015,79.770844,53.213188,32.063225,92.501244
2/3/2015,82.148483,56.157825,33.060669,95.527634
2/4/2015,81.444977,54.883163,32.537819,94.498482
2/5/2015,82.246414,56.319176,33.285915,95.335777
2/6/2015,82.09391,55.520493,33.116982,95.597427
2/9/2015,82.147728,56.044888,33.470921,96.312584
2/10/2015,81.654297,55.762527,33.181335,96.094551
2/11/2015,81.28643,55.402653,32.936447,95.92012
2/12/2015,82.874474,55.942451,33.744556,97.637543
2/13/2015,83.771683,56.645828,34.226166,99.328545
2/17/2015,83.484573,56.776684,34.103714,98.993866
2/18/2015,81.654297,56.743969,34.079231,97.267647
2/19/2015,80.245674,55.582596,33.62212,95.426926
2/20/2015,80.676323,55.860668,33.695583,95.647087
2/23/2015,79.859871,55.427189,33.646614,94.995346
2/24/2015,80.22773,56.130566,33.948627,95.083427
2/25/2015,80.389221,56.375935,34.209831,95.629494
2/26/2015,79.536873,55.37812,33.760883,94.290779
2/27/2015,79.438187,55.737988,33.826187,93.956093
3/2/2015,78.989586,54.437569,33.711906,93.269135
3/3/2015,78.61277,54.233097,34.071064,92.617393
3/4/2015,78.21801,53.955025,33.899654,92.617393
3/5/2015,77.823219,53.66877,33.613953,92.238701
3/6/2015,76.827332,52.736397,32.936447,91.199417
3/9/2015,76.405655,52.752747,32.879303,91.551704
3/10/2015,75.598167,50.585392,31.867144,90.63575
3/11/2015,75.382843,49.996525,31.205963,91.19062
3/12/2015,75.562271,50.274601,31.148825,90.204193
3/13/2015,75.248268,48.95784,30.691715,89.499611
3/16/2015,76.046768,49.505798,30.6509,90.829514
3/17/2015,75.436684,50.250065,30.871296,90.864738
3/18/2015,77.222107,52.03302,32.120182,93.973709
3/19/2015,75.73275,51.583191,31.810003,92.25631
3/20/2015,75.849373,52.891788,32.73238,94.264343
3/23/2015,76.647903,53.963203,32.765038,93.286743
3/24/2015,75.831421,53.243477,32.250786,91.771896
3/25/2015,76.136497,53.750565,32.658924,93.066559
3/26/2015,75.652008,52.932682,32.49567,92.696655
3/27/2015,74.988083,52.008488,32.332413,91.842361
3/30/2015,76.827332,52.33564,32.520153,94.149849
3/31/2015,76.262108,51.280582,31.92428,92.458855
4/1/2015,75.777618,51.885811,32.242622,92.291519
4/2/2015,75.634056,51.967598,32.365059,92.723076
4/6/2015,76.378723,52.859077,32.75687,94.167465
4/7/2015,76.93499,53.537907,32.854828,95.594238
4/8/2015,75.418724,50.25824,33.279289,93.938492
4/9/2015,75.948082,49.227722,33.75272,94.193893
4/10/2015,76.764534,49.399483,33.907814,94.158646
4/13/2015,76.567146,49.63665,33.654778,93.797577
4/14/2015,77.724525,50.708073,34.120041,95.858467
4/15/2015,79.025467,52.114819,34.626125,97.241203
4/16/2015,78.711449,52.932682,34.732239,97.021034
4/17/2015,77.993698,52.180237,35.009781,96.096268
4/20/2015,78.271835,52.122997,34.952637,97.135513
4/21/2015,77.948822,51.893993,34.919987,96.642326
4/22/2015,78.469215,51.910347,35.295471,96.439751
4/23/2015,78.540993,52.131172,35.589329,96.853699
4/24/2015,78.029587,52.073921,35.475056,96.765625
4/27/2015,78.065483,52.253849,35.132214,96.615891
4/28/2015,78.774261,52.392887,35.491375,97.866531
4/29/2015,78.837074,52.474674,35.581161,98.40377
4/30/2015,78.388466,52.826359,35.230164,97.813675
5/1/2015,79.716316,52.728214,35.287308,96.034607
5/4/2015,79.9496,52.924496,35.434242,95.40049
5/5/2015,79.500999,52.679146,35.18119,95.11866
5/6/2015,79.124168,52.646431,35.181194,95.074623
5/7/2015,78.594818,51.534126,34.626575,94.739952
5/8/2015,79.841934,53.104443,35.355034,95.691132
5/11/2015,78.50309,53.153511,35.247414,94.554993
5/12/2015,78.720184,52.989941,35.33847,94.731148
5/13/2015,78.304062,53.545975,35.404705,94.854446
5/14/2015,78.674965,53.570877,35.561974,95.514984
5/15/2015,79.018715,53.321903,35.437809,96.093155
5/18/2015,78.566406,52.384102,35.090141,94.865646
5/19/2015,78.693054,51.49609,34.626575,93.415756
5/20/2015,78.819695,51.836361,34.833523,93.620346
5/21/2015,78.892067,52.583279,35.512318,93.833809
5/22/2015,78.267899,51.645481,35.181194,93.300117
5/26/2015,77.20948,50.251225,34.461021,91.876907
5/27/2015,76.992363,50.599789,34.593464,91.716805
5/28/2015,76.992363,50.774071,34.394794,91.832436
5/29/2015,77.073784,50.367413,34.320286,91.61895
6/1/2015,77.010475,49.363213,33.898117,91.289833
6/2/2015,77.019493,49.844559,34.353405,91.245361
6/3/2015,76.84761,49.67028,34.129894,90.880669
6/4/2015,76.187248,48.815475,33.624943,90.186852
6/5/2015,76.241524,48.890163,33.575279,90.364754
6/8/2015,76.757172,48.417114,33.550446,89.324036
6/9/2015,76.512917,48.483509,33.566998,89.324036
6/10/2015,77.082832,49.587296,34.171284,90.578232
6/11/2015,76.974274,49.686882,34.287174,89.946693
6/12/2015,76.006317,48.84037,33.773945,88.834816
6/15/2015,75.734947,48.724182,33.873276,88.318901
6/16/2015,76.603386,49.114246,33.865005,88.986023
6/17/2015,76.648621,49.205536,34.113342,88.736977
6/18/2015,77.327087,49.388115,34.154724,89.172813
6/19/2015,77.082832,49.371521,34.063671,88.479004
6/22/2015,77.046646,49.827969,34.369957,89.208397
6/23/2015,76.956177,49.653687,34.386513,89.030487
6/24/2015,76.603386,50.010544,34.626575,88.301094
6/25/2015,75.924919,49.786476,34.676239,87.473862
6/26/2015,75.861595,49.736675,34.229229,87.705139
6/29/2015,74.920784,48.184746,33.368324,86.006195
6/30/2015,75.264526,47.595505,33.078594,85.810486
7/1/2015,74.513702,47.105858,32.507423,85.472466
7/2/2015,75.210274,47.554005,34.179565,85.276794
7/6/2015,74.658447,46.79879,33.037209,84.298332
7/7/2015,74.966026,46.475117,32.871655,84.743088
7/8/2015,74.151863,46.126553,32.408089,83.222038
7/9/2015,73.817146,46.649406,32.391537,83.417717
7/10/2015,74.377998,47.87767,33.028942,83.978111
7/13/2015,74.558937,47.570606,33.078594,84.147118
7/14/2015,75.183121,48.408821,33.384888,84.992149
7/15/2015,74.866516,47.869373,33.144825,83.826904
7/16/2015,75.002213,47.902565,32.73093,84.04039
7/17/2015,74.730835,47.728291,32.383251,82.85733
7/20/2015,73.961891,47.363125,32.076973,82.67054
7/21/2015,73.871429,47.587208,32.060413,83.524475
7/22/2015,73.989037,46.815384,31.381632,83.177551
7/23/2015,73.401016,46.458523,30.876671,82.67054
7/24/2015,72.315475,45.587109,30.272377,80.589104
7/27/2015,71.700325,45.421131,29.841934,79.290413
7/28/2015,74.613213,45.811192,30.868391,82.190208
7/29/2015,75.210274,46.317432,30.951174,82.946297
7/30/2015,75.092674,48.251129,31.191233,82.750587
7/31/2015,71.655106,48.259434,30.603504,78.703362
8/3/2015,70.614777,47.744884,30.197884,76.141586
8/4/2015,69.809662,47.678497,30.247551,75.79467
8/5/2015,69.809662,48.217937,30.188633,74.745056
8/6/2015,70.641922,48.848675,30.197056,75.776886
8/7/2015,69.502106,48.790577,30.028732,74.495987
8/10/2015,71.238976,49.13084,30.533695,76.399529
8/11/2015,70.755043,49.288528,30.340126,76.301697
8/12/2015,71.942039,49.516209,30.668356,77.200081
8/13/2015,71.814232,48.192291,30.230715,76.363953
8/14/2015,71.549423,47.989902,30.104473,76.48848
8/17/2015,71.923782,47.677902,29.902487,74.966278
8/18/2015,71.129402,47.323727,29.666838,75.155426
8/19/2015,69.604553,46.210625,29.170284,72.876633
8/20/2015,68.088829,45.873333,28.934637,71.372437
8/21/2015,65.860886,44.296425,27.916283,68.237953
8/24/2015,62.747272,42.044933,26.249893,64.959373
8/25/2015,62.73814,42.044933,25.845919,63.067871
8/26/2015,66.198738,41.926872,26.174147,65.833054
8/27/2015,68.344482,43.815769,27.798456,69.931297
8/28/2015,68.545364,44.372322,27.992027,72.444283
8/31/2015,68.700584,44.633728,28.227678,72.948692
9/1/2015,65.815239,42.500286,27.049419,70.426682
9/2/2015,66.865295,43.149597,27.09992,70.309601
9/3/2015,67.376625,42.829155,27.276657,70.489746
9/4/2015,66.162216,41.648594,25.837502,69.05761
9/8/2015,67.111816,42.719532,26.435045,69.210732
9/9/2015,65.742195,42.255741,26.005821,67.481369
9/10/2015,66.216995,42.685799,26.266722,68.147888
9/11/2015,66.372231,42.382225,26.098404,68.264984
9/14/2015,66.189606,42.036495,25.820669,68.246971
9/15/2015,66.527443,42.382225,26.182564,69.50795
9/16/2015,67.8423,43.782036,27.041008,71.174286
9/17/2015,67.988403,43.47847,27.024174,71.525558
9/18/2015,66.363091,41.935299,26.165733,70.02137
9/21/2015,67.011383,41.960594,26.14048,70.336624
9/22/2015,66.417885,40.392139,25.576601,69.580017
9/23/2015,66.016129,40.13916,25.181046,68.562218
9/24/2015,66.40876,39.945206,25.383028,69.25576
9/25/2015,66.865295,39.987366,25.610268,69.985336
9/28/2015,66.290047,38.722485,24.726572,68.246971
9/29/2015,66.627884,39.405525,24.936972,68.679298
9/30/2015,67.887955,40.037968,25.719675,71.04818
10/1/2015,67.623154,40.847496,26.056318,70.561798
10/2/2015,69.284973,42.297901,27.369236,73.453087
10/5/2015,70.13414,43.866371,28.185598,75.686859
10/6/2015,71.120277,45.527588,28.875723,78.352959
10/7/2015,72.316414,47.087616,30.053974,79.370766
10/8/2015,73.07428,47.812824,30.264381,80.983055
10/9/2015,72.371201,47.129784,30.264381,80.676796
10/12/2015,72.407722,46.952698,29.76783,79.929207
10/13/2015,72.279915,46.058842,29.2292,79.60495
10/14/2015,73.192986,46.969566,29.725746,80.847923
10/15/2015,74.398254,47.863419,30.028732,81.712616
10/16/2015,75.311348,48.251316,30.180223,82.226036
10/19/2015,73.950836,46.952698,29.405935,81.091125
10/20/2015,73.804741,47.028587,29.431189,81.055107
10/21/2015,73.23864,47.391193,29.574255,80.460625
10/22/2015,75.685707,47.197247,30.230715,82.52327
10/23/2015,75.767876,46.269653,30.062397,82.180984
10/26/2015,74.160866,45.291473,29.498514,79.95623
10/27/2015,74.042145,44.532539,29.304941,78.992462
10/28/2015,75.128716,44.9879,30.079229,80.874962
10/29/2015,75.083069,44.414486,30.053974,80.965034
10/30/2015,75.548729,44.431351,30.045563,81.856735
11/2/2015,77.867989,45.384232,30.533695,85.531639
11/3/2015,79.301521,46.244354,31.333225,88.395905
11/4/2015,78.507141,46.016678,31.102274,87.161926
11/5/2015,77.43882,44.439785,30.409397,85.162361
11/6/2015,77.12838,44.001289,30.050131,84.693977
11/9/2015,75.479698,43.866371,29.836285,83.153755
11/10/2015,75.848122,43.376862,29.742189,83.973404
11/11/2015,75.175758,42.698429,29.417139,83.036667
11/12/2015,73.140251,41.822475,28.655832,80.938004
11/13/2015,71.933685,41.633541,28.553186,79.87516
11/16/2015,74.512611,42.638313,29.494123,83.376144
11/17/2015,73.64682,42.749954,29.237503,82.993225
11/18/2015,74.365242,43.900719,30.024466,84.069038
11/19/2015,73.959984,44.252815,30.152781,82.810875
11/20/2015,73.49025,42.904537,29.451355,81.151566
11/23/2015,73.941551,42.561028,29.442795,82.063278
11/24/2015,75.41523,43.454155,29.930372,83.284958
11/25/2015,74.834976,43.239456,29.930372,82.847343
11/27/2015,74.816551,43.333927,29.793516,82.391487
11/30/2015,75.212616,42.88736,29.596769,83.257614
12/1/2015,75.424446,43.308163,29.742189,84.315201
12/2/2015,73.269203,42.861595,28.929564,82.282097
12/3/2015,72.219215,42.320568,28.450539,81.005676
12/4/2015,72.633675,41.882591,27.945854,81.789757
12/7/2015,70.73632,39.864464,26.739744,79.574303
12/8/2015,68.73764,39.435074,26.748297,78.808449
12/9/2015,69.658699,40.439842,27.210209,79.866035
12/10/2015,69.713959,39.890221,27.201656,81.415955
12/11/2015,68.470543,38.430302,26.337706,78.808449
12/14/2015,70.027115,38.112556,25.850126,81.443306
12/15/2015,73.158676,38.481827,26.303488,84.57048
12/16/2015,72.90078,38.593472,26.406136,85.190453
12/17/2015,71.804726,37.53717,25.961327,82.546486
12/18/2015,71.178413,37.665997,25.790249,81.88092
12/21/2015,71.160004,37.519993,25.773142,81.361252
12/22/2015,71.519218,38.404537,26.337706,82.300323
12/23/2015,73.858673,40.680298,27.672125,85.527779
12/24/2015,73.066574,39.984695,27.475384,83.92318
12/28/2015,72.523155,39.51236,27.124668,82.382378
12/29/2015,72.909988,40.311028,27.261534,83.193802
12/30/2015,71.942886,39.769997,26.782511,82.1362
12/31/2015,71.795525,39.538128,26.739744,82.017693
1/4/2016,71.344223,39.821522,26.568663,81.005676
1/5/2016,71.952095,39.460842,26.457462,81.698586
1/6/2016,71.353424,37.9408,25.918558,78.471123
1/7/2016,70.211334,36.10302,25.174362,75.690392
1/8/2016,68.792915,34.076302,24.729555,74.878967
1/11/2016,67.871864,34.187946,24.66968,73.639038
1/12/2016,69.26265,33.9389,24.507149,74.897202
1/13/2016,69.677116,32.97707,24.6098,74.149597
1/14/2016,72.873146,35.270004,26.37192,77.924088
1/15/2016,71.454742,33.466568,24.943403,76.283005
1/19/2016,70.367905,33.037178,24.73811,74.313721
1/20/2016,67.402138,31.740419,24.344627,72.007088
1/21/2016,68.249496,32.770958,25.200026,73.894325
1/22/2016,70.524475,34.677448,25.961327,76.164482
1/25/2016,68.138977,33.964661,25.20858,73.748451
1/26/2016,70.644211,35.364471,26.294933,76.693291
1/27/2016,69.345558,36.068665,26.24361,75.936554
1/28/2016,70.911324,37.348244,27.278639,78.334366
1/29/2016,71.703423,37.897869,27.689234,78.8358
2/1/2016,70.266586,37.40836,27.116117,77.759987
2/2/2016,68.700806,35.665039,24.823652,74.067551
2/3/2016,72.283684,36.99614,25.371103,77.149147
2/4/2016,73.527084,38.310074,26.183735,77.304131
2/5/2016,73.757355,38.404537,26.055424,75.562759
2/8/2016,74.752075,38.23278,25.593508,78.398186
2/9/2016,74.426796,36.601105,24.763775,75.599213
2/10/2016,73.748322,36.35207,24.492987,75.708641
2/11/2016,73.980682,36.601105,24.143585,75.66304
2/12/2016,75.309731,38.018089,25.34902,77.887627
2/16/2016,75.486305,38.962742,25.383957,78.303108
2/17/2016,76.211243,40.523708,26.161375,81.534569
2/18/2016,76.629463,40.094009,26.012878,80.075798
2/19/2016,76.675941,39.725689,25.986673,79.863449
2/22/2016,76.573723,40.611412,26.467096,82.005455
2/23/2016,75.495605,38.89259,25.331545,78.395416
2/24/2016,75.765137,38.910126,24.929739,78.727806
2/25/2016,76.220543,39.725689,25.034557,78.755516
2/26/2016,75.978897,40.094009,25.331545,77.878403
2/29/2016,74.491852,40.085239,25.410162,77.038223
3/1/2016,75.542068,40.813107,25.881849,79.521828
3/2/2016,76.861824,41.48835,26.388483,80.454346
3/3/2016,76.583015,41.979439,26.964996,80.814415
3/4/2016,76.480774,42.303909,27.209576,81.183723
3/7/2016,78.497581,42.575764,27.515303,83.713509
3/8/2016,76.796776,41.698818,26.266191,81.93158
3/9/2016,76.583015,42.452995,26.467096,85.69854
3/10/2016,76.378532,41.847904,26.056555,86.732643
3/11/2016,76.387833,42.794998,26.685474,87.323509
3/14/2016,76.592308,42.514378,26.161375,87.028076
3/15/2016,76.973358,42.207451,25.890589,87.037292
3/16/2016,77.019844,43.294865,26.650534,88.080605
3/17/2016,78.162987,44.443665,27.550241,89.456276
3/18/2016,78.255936,43.92627,27.366802,90.194908
3/21/2016,77.716888,43.496559,27.183372,89.040817
3/22/2016,78.181595,42.882698,27.026142,88.172928
3/23/2016,77.8377,42.312683,26.379749,86.40947
3/24/2016,78.051468,42.72485,26.571922,87.572807
3/28/2016,78.274529,42.72485,26.571922,87.415848
3/29/2016,78.56263,42.794998,26.510777,88.006737
3/30/2016,78.553337,43.593018,27.017406,87.942116
3/31/2016,77.689003,43.137009,26.36228,88.080605
4/1/2016,77.103477,42.514378,25.829443,87.028076
4/4/2016,77.289368,42.575764,25.838179,86.261742
4/5/2016,76.406425,41.48835,25.270403,85.560059
4/6/2016,77.428772,42.137295,25.593599,87.563568
4/7/2016,76.55513,41.926823,25.445101,87.517403
4/8/2016,77.335815,43.584251,26.336075,88.939247
4/11/2016,77.438065,43.873646,26.475836,87.932869
4/12/2016,78.395348,44.882137,27.25325,90.028725
4/13/2016,78.841476,45.32061,27.410482,90.111816
4/14/2016,79.399109,45.680161,27.008669,90.462662
4/15/2016,78.971588,45.750309,26.772823,89.770203
4/18/2016,79.724403,45.706467,27.13096,91.127419
4/19/2016,80.124054,46.372944,27.742414,92.789314
4/20/2016,80.672401,46.513252,27.829765,93.888023
4/21/2016,80.663109,46.671108,27.724943,93.620262
4/22/2016,81.350861,46.785107,28.08308,94.183472
4/25/2016,81.164978,45.592468,27.76862,93.721832
4/26/2016,81.443794,46.188782,29.253569,94.441978
4/27/2016,82.215195,47.284969,29.559299,95.882286
4/28/2016,81.815567,46.872807,29.253569,94.543541
4/29/2016,82.159447,46.785107,29.33219,94.340416
5/2/2016,82.837914,46.925419,29.367123,95.38372
5/3/2016,81.889908,45.671394,28.441216,93.546394
5/4/2016,81.731926,44.548889,27.960667,92.872414
5/5/2016,81.82486,44.8909,28.10305,93.638741
5/6/2016,82.261681,45.00491,28.10305,94.044975
5/9/2016,82.317444,44.11042,27.658102,92.650833
5/10/2016,83.637199,44.811977,28.192039,93.500244
5/11/2016,83.234192,44.864597,28.183142,93.380211
5/12/2016,84.040199,44.8909,28.352222,94.285027
5/13/2016,83.093613,43.970108,28.005159,93.010902
5/16/2016,83.94648,44.99614,28.530205,94.441978
5/17/2016,83.908997,44.987366,28.672588,94.003464
5/18/2016,83.740295,44.826576,28.592497,93.359657
5/19/2016,84.452576,44.504978,28.459009,93.163719
5/20/2016,84.105804,44.42458,28.414516,93.10775
5/23/2016,83.974594,43.879662,27.996262,92.725204
5/24/2016,84.040199,44.21912,28.334425,93.480949
5/25/2016,84.593155,45.425098,29.242125,94.955147
5/26/2016,84.162041,44.960571,29.010748,94.703224
5/27/2016,84.358849,44.603245,28.797173,95.1884
5/31/2016,83.431015,43.575932,27.942867,94.236725
6/1/2016,83.637199,43.826061,27.889477,94.358002
6/2/2016,82.971779,43.933258,28.049656,93.798187
6/3/2016,82.821823,44.487114,28.370022,93.919479
6/6/2016,83.730927,44.799774,28.948456,94.395332
6/7/2016,85.014915,46.559605,29.429001,96.401352
6/8/2016,85.08989,47.747711,29.606981,96.186768
6/9/2016,84.977417,47.372517,29.402304,95.925499
6/10/2016,84.33075,46.666801,28.672588,95.151093
6/13/2016,84.902435,46.095078,28.352222,95.263062
6/14/2016,84.75248,44.781906,27.524616,94.497963
6/15/2016,84.499435,44.397781,27.720392,93.891487
6/16/2016,85.492889,45.130302,28.503506,94.302025
6/17/2016,85.024269,46.863331,29.144236,94.768555
6/20/2016,85.399178,48.131844,29.740463,95.738907
6/21/2016,85.783432,49.123425,30.390097,96.326721
6/22/2016,85.446022,48.819695,30.158718,95.440331
6/23/2016,86.036484,50.793922,30.817247,97.446365
6/24/2016,83.777786,46.631073,29.348909,95.076447
6/27/2016,83.281059,46.300541,28.467909,93.63958
6/28/2016,85.202362,47.184925,29.58029,94.824524
6/29/2016,86.655037,49.132359,30.959631,96.494659
6/30/2016,87.854675,50.025669,31.600359,97.810249
7/1/2016,87.948395,50.633121,32.036411,97.175781
7/5/2016,87.179871,50.24007,31.947422,96.634621
7/6/2016,88.182701,50.043537,31.653753,97.576973
7/7/2016,87.123642,49.677277,31.50247,96.149437
7/8/2016,87.667236,49.98101,31.965216,97.754265
7/11/2016,87.995247,50.302597,32.1343,98.332748
7/12/2016,88.988701,51.27631,32.846222,99.629677
7/13/2016,88.923096,51.061916,32.534752,99.508369
7/14/2016,88.988701,51.142315,32.534752,99.555023
7/15/2016,89.148033,50.927917,32.534752,99.862923
7/18/2016,88.866875,51.27631,32.187695,98.98587
7/19/2016,88.538841,50.936852,32.063107,98.939217
7/20/2016,88.032738,50.95472,32.000813,98.519356
7/21/2016,87.957771,50.865383,31.894028,98.332748
7/22/2016,88.107719,51.374577,31.920717,98.584663
7/25/2016,86.411354,49.802338,31.057522,96.168106
7/26/2016,85.783432,50.704586,30.781651,95.804214
7/27/2016,85.202362,50.668858,30.763855,95.412346
7/28/2016,84.536926,49.257412,30.247709,94.973808
7/29/2016,83.36541,48.426636,30.61257,95.617607
8/1/2016,80.469414,46.434544,29.526892,92.473274
8/2/2016,81.575325,46.514942,29.76716,92.921135
8/3/2016,81.997078,46.532806,29.912146,93.872818
8/4/2016,81.987701,47.167061,29.90309,93.667564
8/5/2016,82.062675,47.193859,30.039011,93.779526
8/8/2016,83.028,47.461849,30.057137,94.423325
8/9/2016,83.131104,47.301064,30.247427,94.535294
8/10/2016,81.675484,46.700813,29.912146,93.434296
8/11/2016,81.968498,47.88311,30.483028,94.609924
8/12/2016,83.036575,47.719406,30.573643,95.319038
8/15/2016,82.998772,48.03772,30.691439,95.888184
8/16/2016,83.102745,48.71981,30.999535,95.74823
8/17/2016,83.282341,48.919899,30.990475,96.379951
8/18/2016,84.038498,49.329155,31.398247,97.63398
8/19/2016,82.989326,48.519733,31.108273,96.474243
8/22/2016,83.168915,47.928589,30.772995,96.115959
8/23/2016,82.913696,48.083191,30.927038,95.870804
8/24/2016,83.197266,47.783073,31.053907,96.361099
8/25/2016,82.667946,47.65575,31.008596,96.068802
8/26/2016,82.488358,47.737598,30.954229,95.531364
8/29/2016,83.027115,47.855827,31.026724,96.219666
8/30/2016,82.724655,47.901299,30.899853,95.889648
8/31/2016,82.365486,47.010025,30.682383,94.833649
9/1/2016,82.081924,46.618958,30.501148,94.484787
9/2/2016,82.630135,47.719406,31.262318,95.163658
9/6/2016,83.717133,48.210518,31.434484,96.577957
9/7/2016,83.405212,48.547024,31.497919,97.002243
9/8/2016,84.17083,49.119976,31.787888,98.17141
9/9/2016,82.081924,47.683033,31.126394,95.48423
9/12/2016,82.507263,47.792164,31.380119,96.408241
9/13/2016,80.541229,46.455257,30.356165,93.749352
9/14/2016,79.964653,45.918678,30.193056,92.797058
9/15/2016,80.418358,46.282459,30.455841,93.815346
9/16/2016,79.42588,45.563984,30.183994,92.250191
9/19/2016,79.236839,45.891392,30.301792,92.438766
9/20/2016,78.017517,45.473042,29.96652,92.118195
9/21/2016,78.735886,46.3825,30.455841,93.937927
9/22/2016,78.96273,47.100971,31.044838,94.267937
9/23/2016,78.877663,46.446163,30.772995,93.551361
9/26/2016,78.509026,45.882298,30.519276,93.13649
9/27/2016,78.679169,45.545799,30.455841,93.325058
9/28/2016,82.138641,47.219204,31.570415,96.313957
9/29/2016,81.722748,47.955872,31.76977,95.48423
9/30/2016,82.497803,48.046814,31.860378,97.039955
10/3/2016,82.280418,48.556114,32.141289,96.596809
10/4/2016,81.524239,48.947178,32.331577,95.48423
10/5/2016,82.233154,49.920307,32.648731,96.389389
10/6/2016,82.270966,49.547428,32.576244,96.342239
10/7/2016,81.987404,49.720215,32.775597,96.427101
10/10/2016,83.594261,50.747913,33.228676,98.039398
10/11/2016,82.93261,49.738411,32.422199,97.153099
10/12/2016,82.356033,49.47467,32.431259,96.313957
10/13/2016,81.817268,49.12907,32.331577,95.031639
10/14/2016,81.798355,49.174545,32.476563,95.305092
10/17/2016,81.798355,48.583397,32.168476,95.569092
10/18/2016,82.015755,48.95628,32.603432,95.974518
10/19/2016,82.393837,49.256393,32.666855,96.427101
10/20/2016,82.431648,49.301868,32.666855,96.04995
10/21/2016,81.873985,49.138168,32.848087,95.51252
10/24/2016,82.148094,48.901703,32.50375,94.909081
10/25/2016,81.968498,48.938087,32.657803,95.012787
10/26/2016,82.318222,48.283272,32.485626,95.408806
10/27/2016,82.157539,48.556114,32.621552,94.211365
10/28/2016,80.134796,48.001339,32.331577,97.888542
10/31/2016,78.754776,47.573898,32.213776,98.765419
11/1/2016,79.066711,49.929401,30.908916,100.396568
11/2/2016,78.877663,48.883518,30.818302,99.368843
11/3/2016,79.076164,48.692532,30.664257,99.368843
11/4/2016,78.991089,48.165043,30.39241,98.793709
11/7/2016,80.768089,49.265491,30.827368,100.74543
11/8/2016,81.349762,49.422832,30.882711,101.160301
11/9/2016,82.246132,49.931866,31.214783,101.490303
11/10/2016,83.008995,50.339096,31.30702,101.631737
11/11/2016,81.693039,48.386246,30.605982,100.547417
11/14/2016,81.321159,47.793907,30.421497,100.50029
11/15/2016,82.789665,48.821239,31.002623,102.734886
11/16/2016,81.769341,48.26593,30.716673,103.182465
11/17/2016,81.273476,48.3955,30.901159,102.963432
11/18/2016,81.321159,48.16412,31.030294,103.99192
11/21/2016,82.474991,49.358044,31.731337,104.925179
11/22/2016,82.656166,49.700489,31.860477,105.344208
11/23/2016,82.885025,49.311768,31.731337,105.706085
11/25/2016,83.075745,49.422832,31.611427,105.706085
11/28/2016,82.45591,48.127098,31.104094,105.229935
11/29/2016,81.912376,47.932739,30.919609,104.125244
11/30/2016,83.247398,50.135479,32.294014,106.239372
12/1/2016,83.19017,51.051743,32.644539,107.886856
12/2/2016,82.999451,51.236855,32.727554,107.610687
12/5/2016,83.419037,51.375679,32.727554,107.848763
12/6/2016,83.495316,51.570042,32.81057,107.382149
12/7/2016,83.981644,52.106834,33.105751,108.982018
12/8/2016,84.220032,52.14386,33.382473,109.6772
12/9/2016,84.868469,51.949505,33.216438,110.286682
12/12/2016,86.756554,52.514072,33.67765,111.562767
12/13/2016,88.28228,53.467354,33.935928,111.819885
12/14/2016,86.37513,52.588116,33.225666,110.42952
12/15/2016,86.670731,53.023109,33.068848,111.467537
12/16/2016,86.947266,53.578419,33.751442,112.448418
12/19/2016,86.222549,53.55991,33.723774,112.038925
12/20/2016,86.232086,53.680233,33.686874,112.324615
12/21/2016,86.089043,53.68948,33.926701,112.286522
12/22/2016,86.651665,53.513634,34.046619,113.105499
12/23/2016,86.499084,53.421078,34.148087,112.772194
12/27/2016,86.537231,53.606182,34.231102,112.581734
12/28/2016,86.108124,53.365551,34.360245,112.286522
12/29/2016,86.1558,53.819054,34.498608,112.200813
12/30/2016,86.069984,53.652462,34.48016,112.086533
1/3/2017,86.670731,54.420647,35.052059,112.229385
1/4/2017,85.717155,54.735317,35.319561,112.200813
1/5/2017,84.439362,54.966702,35.577839,111.715141
1/6/2017,84.391678,54.522449,34.969044,111.267555
1/9/2017,82.999451,53.522892,34.415588,110.315239
1/10/2017,81.940979,53.291512,34.231102,109.477211
1/11/2017,82.780128,54.235538,34.636967,110.400963
1/12/2017,82.331947,54.466915,34.830677,110.619987
1/13/2017,82.341484,54.300323,34.738438,110.829491
1/17/2017,83.304596,54.522449,34.535503,110.734268
1/18/2017,82.274727,53.967144,34.221878,110.410477
1/19/2017,80.7967,53.337788,34.037395,110.067657
1/20/2017,81.90284,53.643204,33.982052,110.086693
1/23/2017,81.025551,53.670971,33.779118,109.886711
1/24/2017,81.139969,54.161495,34.046619,110.819977
1/25/2017,81.378365,54.5317,34.15731,111.648476
1/26/2017,81.626305,54.078201,33.889809,110.991379
1/27/2017,81.540489,53.698742,33.742222,108.363022
1/30/2017,80.920662,52.643646,33.170322,106.486977
1/31/2017,79.995682,53.189701,33.188766,106.039383
2/1/2017,79.089783,53.078632,33.19799,105.706085
2/2/2017,79.576103,53.374805,33.013508,106.858376
2/3/2017,79.661919,53.800545,33.133415,108.153503
2/6/2017,79.442604,53.402569,33.04118,107.591652
2/7/2017,78.927681,52.652901,31.712893,106.077477
2/8/2017,78.408043,52.097588,31.75901,106.258415
2/9/2017,78.754463,52.72694,31.768232,106.905991
2/10/2017,79.408821,53.263744,31.851255,107.65831
2/13/2017,79.870728,53.606182,31.971169,108.47731
2/14/2017,79.697517,53.643204,31.897377,108.17926
2/15/2017,80.024696,53.662025,31.728405,108.227325
2/16/2017,79.197121,52.994068,31.615763,106.41024
2/17/2017,78.67749,52.043877,31.371695,106.073738
2/21/2017,78.802574,52.344925,31.756573,107.410118
2/22/2017,77.878769,51.930988,31.36231,106.121811
2/23/2017,78.696724,52.344925,31.784727,106.737122
2/24/2017,78.023125,51.695789,31.446796,105.871841
2/27/2017,78.465782,51.940395,31.897377,107.438965
2/28/2017,78.254066,51.742828,31.841051,108.160034
3/1/2017,79.889977,52.29789,32.132053,109.486794
3/2/2017,80.159431,52.194405,32.02879,108.986855
3/3/2017,79.351089,52.316708,32.000637,109.169525
3/6/2017,79.707146,52.617756,31.887989,108.804184
3/7/2017,79.408821,52.504868,31.794119,107.496643
3/8/2017,77.975006,51.131325,31.268442,105.381523
3/9/2017,78.590874,51.187775,31.446796,105.794937
3/10/2017,78.533142,51.517044,32.225929,106.342941
3/13/2017,78.350296,51.930988,31.981861,105.131546
3/14/2017,77.936508,50.76442,31.381084,103.218323
3/15/2017,78.908432,51.978027,31.709631,104.67968
3/16/2017,78.975792,52.326118,31.934923,103.69902
3/17/2017,78.908432,52.683609,32.178986,103.52597
3/20/2017,78.908432,52.382561,32.094501,103.506744
3/21/2017,78.744843,52.645977,32.141445,103.872086
3/22/2017,78.67749,52.542492,31.906765,104.208572
3/23/2017,78.773712,52.391968,31.972473,103.708641
3/24/2017,78.167465,52.015659,31.709631,103.824013
3/27/2017,78.186707,52.137959,31.681473,102.179977
3/28/2017,78.754463,52.702427,31.841051,103.035645
3/29/2017,78.927681,52.965843,32.319798,103.900925
3/30/2017,80.544334,52.84354,32.404278,103.622116
3/31/2017,78.918053,52.523682,32.404278,103.227936
4/3/2017,78.975792,52.100327,32.291634,103.64135
4/4/2017,79.264481,52.598942,32.65773,104.468178
4/5/2017,79.418457,52.344925,32.46999,104.448944
4/6/2017,79.880356,52.787098,32.60141,105.07386
4/7/2017,79.639778,53.088146,32.71405,104.660454
4/10/2017,79.995827,53.201038,32.939342,105.208458
4/11/2017,79.716759,53.455048,33.202187,104.766205
4/12/2017,79.841858,53.153999,33.277283,104.766205
4/13/2017,78.610123,51.996841,32.84547,102.00692
4/17/2017,78.504272,52.514267,32.883022,102.074219
4/18/2017,77.994255,51.893356,32.545082,101.603127
4/19/2017,77.45536,50.425743,32.047569,100.209076
4/20/2017,77.95575,50.190548,32.056957,100.833992
4/21/2017,77.64782,50.491596,31.916147,100.843597
4/24/2017,78.051987,51.451187,32.33857,101.843475
4/25/2017,78.648621,51.724018,32.535698,102.612625
4/26/2017,78.331047,51.253628,32.535698,101.987701
4/27/2017,78.196335,50.867908,32.291634,101.401222
4/28/2017,78.571632,50.914948,32.216537,102.583778
5/1/2017,78.966171,50.830276,32.216537,101.833862
5/2/2017,78.956551,50.557449,32.620178,101.295464
5/3/2017,79.582031,51.037247,32.563858,102.603004
5/4/2017,78.562004,50.980797,32.216537,100.766685
5/5/2017,78.927681,52.758873,33.136471,101.708885
5/8/2017,79.76487,53.059925,33.258507,102.564552
5/9/2017,79.206734,52.918808,33.183407,101.026283
5/10/2017,79.566162,53.530312,33.431686,102.391487
5/11/2017,80.246124,53.897217,33.622673,102.112679
5/12/2017,80.187843,53.868992,33.794559,101.872322
5/15/2017,80.430695,54.339382,34.100128,102.727989
5/16/2017,80.187843,54.988522,34.606239,103.112572
5/17/2017,79.643867,55.036327,34.539391,101.684883
5/18/2017,79.410736,54.56781,34.864063,102.141357
5/19/2017,79.585587,54.730358,35.274677,103.452469
5/22/2017,79.93528,54.52,35.293777,103.064003
5/23/2017,80.21698,54.414822,35.265133,103.209671
5/24/2017,79.93528,54.414822,35.236485,103.161118
5/25/2017,79.410736,53.82201,34.759022,102.083084
5/26/2017,79.216454,53.860256,34.768574,101.704315
5/30/2017,78.779335,54.03236,34.634884,101.063316
5/31/2017,78.19651,53.745518,34.520298,100.500023
6/1/2017,78.390778,53.917625,34.606239,101.267265
6/2/2017,77.225113,53.602093,34.291111,100.140671
6/5/2017,77.827377,53.879375,34.453453,100.218376
6/6/2017,78.886185,53.888939,34.606239,101.170151
6/7/2017,78.59478,53.229187,33.8232,100.78167
6/8/2017,78.313072,52.904099,33.813656,101.005043
6/9/2017,79.779861,53.315243,34.214722,103.335938
6/12/2017,80.556969,53.735958,34.195625,104.928711
6/13/2017,80.586113,53.974991,34.405704,105.016113
6/14/2017,79.721573,53.229187,33.775455,103.530174
6/15/2017,79.906143,52.626812,33.651318,103.267952
6/16/2017,81.100945,53.764637,34.377056,105.229774
6/19/2017,80.391838,53.611652,34.415257,104.36541
6/20/2017,79.954712,52.234791,33.403042,103.413635
6/21/2017,79.109612,51.469868,33.087917,101.480927
6/22/2017,78.759911,51.431618,33.040169,101.442085
6/23/2017,79.274742,51.651531,33.269352,101.97625
6/26/2017,78.915329,51.747147,33.307549,101.141022
6/27/2017,78.789047,52.397335,33.565376,101.073036
6/28/2017,79.197029,52.99015,33.679966,101.276985
6/29/2017,78.390778,52.215668,33.288448,101.121597
6/30/2017,78.419922,52.04356,33.087917,101.325546
7/3/2017,79.750717,52.58857,33.441235,103.238815
7/5/2017,78.536484,51.947948,32.868282,101.607201
7/6/2017,77.827377,51.967064,32.887383,100.830231
7/7/2017,77.924515,51.80452,32.810989,100.509735
7/10/2017,77.866234,51.584606,32.782349,100.072701
7/11/2017,78.29364,51.641972,32.810989,100.150391
7/12/2017,78.643349,52.215668,33.298,100.898216
7/13/2017,78.653061,52.225227,33.154762,101.13131
7/14/2017,78.954185,52.406898,33.374393,101.432381
7/17/2017,78.546211,52.177418,33.345745,101.208992
7/18/2017,78.29364,52.378212,33.259804,100.733109
7/19/2017,78.536484,52.684181,33.450783,101.451797
7/20/2017,78.546211,53.018837,33.517628,101.616905
7/21/2017,77.827377,52.579006,33.116566,100.276649
7/24/2017,77.584534,52.349525,32.906483,100.228081
7/25/2017,77.973083,52.837166,33.326649,101.38382
7/26/2017,78.070229,53.095325,33.269352,102.092796
7/27/2017,78.517059,53.927185,33.41259,103.054291
7/28/2017,77.32225,54.472195,33.574924,105.006401
7/31/2017,77.749664,55.323174,33.555828,106.045593
8/1/2017,77.875946,55.629147,34.634884,107.589798
8/2/2017,78.29364,56.269768,34.759022,107.279015
8/3/2017,78.18679,56.030724,34.510742,106.278671
8/4/2017,77.914803,56.374943,34.692184,106.939102
8/7/2017,77.866234,56.403629,35.093246,106.618599
8/8/2017,77.671959,56.241085,34.892715,107.172188
8/9/2017,77.914803,56.794945,35.1063,107.696632
8/10/2017,77.453827,56.027313,34.436409,106.939102
8/11/2017,76.70842,55.832973,33.921848,106.084442
8/14/2017,76.728043,55.560902,33.66943,105.579414
8/15/2017,76.541679,55.279114,33.562634,105.443443
8/16/2017,75.982628,54.909874,33.290794,104.805809
8/17/2017,74.795853,54.67667,33.106331,103.903336
8/18/2017,75.168564,54.67667,33.164581,104.452675
8/21/2017,74.913551,54.336578,33.009247,103.765999
8/22/2017,75.26664,54.414314,33.154877,104.334961
8/23/2017,75.139137,54.939026,33.242252,104.5802
8/24/2017,74.86451,54.764126,33.183998,105.394394
8/25/2017,75.247032,55.34713,33.533508,106.169357
8/28/2017,75.001823,55.240246,33.465549,105.708305
8/29/2017,74.982208,55.240246,33.368462,105.806396
8/30/2017,74.638931,54.909874,33.368462,105.678871
8/31/2017,74.86451,55.026478,33.717972,105.570969
9/1/2017,75.099907,55.10421,33.756805,106.689262
9/5/2017,75.698196,55.41515,33.931561,107.356316
9/6/2017,77.267479,56.241085,34.290779,109.661568
9/7/2017,77.512672,56.707493,34.465534,109.671387
9/8/2017,77.306709,56.561737,34.290779,108.670799
9/11/2017,77.728455,56.921265,34.523788,110.37767
9/12/2017,77.973648,56.950409,34.708248,110.348244
9/13/2017,78.238464,57.387669,34.941257,112.006065
9/14/2017,78.552322,57.71804,35.271351,112.270927
9/15/2017,78.532707,57.572289,35.514065,112.447495
9/18/2017,78.552322,57.630592,35.582024,112.996841
9/19/2017,78.679832,58.252468,35.873283,114.124939
9/20/2017,79.003494,58.89378,36.145119,114.154373
9/21/2017,78.356163,59.272739,36.601429,114.252464
9/22/2017,78.385582,59.748867,36.71793,115.056854
9/25/2017,79.42524,60.244423,37.12569,115.743523
9/26/2017,79.336967,60.545643,36.766472,115.282471
9/27/2017,79.8666,60.254139,36.912102,115.213806
9/28/2017,80.612007,60.691395,37.300442,115.380569
9/29/2017,80.406036,60.769131,37.310154,115.262856
10/2/2017,80.062752,60.798283,37.271317,115.194191
10/3/2017,80.190262,61.138371,37.572285,115.576759
10/4/2017,80.219688,60.876019,37.523743,115.341339
10/5/2017,80.445259,60.934315,37.484909,116.322296
10/6/2017,80.14122,60.079239,37.145107,114.801804
10/9/2017,80.45507,60.283287,37.339279,115.468857
10/10/2017,80.680664,60.827431,37.679085,116.538109
10/11/2017,81.01413,61.031487,37.717915,117.058014
10/12/2017,80.847397,60.633099,37.873253,116.871628
10/13/2017,80.827789,60.992619,37.960629,116.891251
10/16/2017,81.2201,60.817715,38.048008,117.842781
10/17/2017,81.367226,60.497055,37.562576,117.931068
10/18/2017,81.171066,60.565079,37.591702,115.900482
10/19/2017,81.151443,60.953747,37.620827,115.949524
10/20/2017,81.514343,61.245255,37.620827,116.381149
10/23/2017,81.641846,61.32299,37.659668,116.665634
10/24/2017,81.867432,61.692234,37.863544,116.959923
10/25/2017,81.573189,61.429878,37.659668,116.184959
10/26/2017,81.867432,61.352142,37.523743,116.184959
10/27/2017,82.102821,61.663078,37.960629,111.378258
10/30/2017,81.936081,62.595894,38.465477,112.212067
10/31/2017,81.749733,63.509281,39.484879,113.68351
11/1/2017,82.259758,63.353809,39.572254,113.693321
11/2/2017,81.92627,64.160309,39.484879,113.134178
11/3/2017,81.583,64.014557,39.378086,112.800644
11/6/2017,82.142052,65.374908,40.20332,114.811615
11/7/2017,81.975319,64.587852,40.271278,115.007805
11/8/2017,81.867432,64.189453,40.193611,114.448654
11/9/2017,82.357834,64.490685,40.114799,115.007805
11/10/2017,82.100464,64.131157,39.701038,114.948952
11/13/2017,82.050964,64.053421,39.287285,114.998001
11/14/2017,81.407547,63.975681,39.021294,114.693893
11/15/2017,80.38797,63.305225,38.509022,114.232841
11/16/2017,79.744553,62.664387,38.193779,113.440735
11/17/2017,79.427788,62.861568,38.509022,113.579353
11/20/2017,79.734657,62.84185,38.420361,113.589256
11/21/2017,80.051414,62.585514,38.548431,114.034813
11/22/2017,80.279083,63.344666,39.188766,114.767525
11/24/2017,80.595848,63.591141,39.454754,115.36161
11/27/2017,80.288986,62.891148,38.922779,114.450676
11/28/2017,80.843315,64.89254,39.306988,115.3022
11/29/2017,81.437241,64.823524,39.119808,116.025009
11/30/2017,82.446922,65.010849,39.474457,117.817162
12/1/2017,82.615196,64.843239,39.356243,118.332039
12/4/2017,82.724083,64.764374,39.316837,119.648926
12/5/2017,82.050964,64.577049,39.139511,119.203369
12/6/2017,81.447144,64.182686,38.991741,118.431053
12/7/2017,81.714409,63.946068,38.725754,118.450851
12/8/2017,81.823296,63.975643,39.05085,118.737999
12/11/2017,82.189552,64.488319,39.33654,119.23307
12/12/2017,81.922287,65.267181,40.055691,118.500366
12/13/2017,82.278641,65.553101,40.045841,118.747902
12/14/2017,82.060867,65.424934,40.026134,118.351845
12/15/2017,82.189552,65.306618,39.681335,118.549873
12/18/2017,82.100464,65.582672,40.233013,118.520164
12/19/2017,81.605522,65.365784,40.035984,118.658783
12/20/2017,82.031174,65.503807,40.341381,119.698441
12/21/2017,83.001251,66.361542,41.060532,123.589699
12/22/2017,83.120033,66.282677,40.676327,123.748131
12/26/2017,83.129936,66.844643,41.070381,124.738274
12/27/2017,83.050743,66.815063,41.099937,124.312508
12/28/2017,83.169525,67.02211,41.247704,124.342209
12/29/2017,82.793373,67.327736,41.405327,123.956055
1/2/2018,84.169304,68.461533,41.750126,126.322502
1/3/2018,85.822395,69.151665,42.232841,127.243324
1/4/2018,85.941185,69.378433,42.400318,126.847275
1/5/2018,85.871895,69.772789,42.459423,126.639343
1/8/2018,86.25795,69.762932,42.439724,127.26313
1/9/2018,85.891693,69.585472,42.232841,126.579933
1/10/2018,85.208679,69.920677,42.262398,127.391853
1/11/2018,86.050072,70.719269,42.6269,131.263321
1/12/2018,86.634102,71.675591,43.257385,132.283173
1/16/2018,86.089668,70.975601,41.828938,130.708832
1/17/2018,87.109245,71.320663,42.242695,131.055389
1/18/2018,86.545013,71.18264,42.262398,130.292969
1/19/2018,86.267845,70.995323,41.769829,130.005829
1/22/2018,87.356712,72.138969,42.745113,131.253403
1/23/2018,87.406212,72.198128,42.597347,129.728592
1/24/2018,87.633881,72.474182,43.286938,130.09494
1/25/2018,87.475502,72.444611,43.089912,129.362228
1/26/2018,88.099121,72.277,43.158875,129.896912
1/29/2018,87.119141,71.833344,42.705708,127.213623
1/30/2018,85.901588,71.044609,42.173737,123.995667
1/31/2018,86.416328,70.916443,42.154034,124.114479
2/1/2018,88.168411,69.930534,42.715561,124.332306
2/2/2018,83.674362,67.840408,40.548256,117.411209
2/5/2018,78.913055,64.991127,39.188766,111.509956
2/6/2018,77.556923,66.026337,39.967026,116.025009
2/7/2018,76.161194,64.734802,39.405499,114.153633
2/8/2018,75.300003,63.344666,38.962185,111.193108
2/9/2018,75.779999,62.930584,38.528728,112.381279
2/12/2018,76.419998,64.212257,39.277431,112.856552
2/13/2018,76.300003,64.517899,39.100105,112.173347
2/14/2018,76.459999,65.769997,39.769997,112.509995
2/15/2018,76.209999,65.610001,39.84,112.529999
2/16/2018,76.540001,64.900002,39.619999,112.139999
2/20/2018,75.75,64.339996,39.52,110.980003
2/21/2018,74.889999,63.66,38.84,109.059998
2/22/2018,75.860001,64.470001,39.25,109.889999
2/23/2018,77.529999,65.209999,40.099998,112.589996
2/26/2018,78.839996,65.68,40.290001,114.599998
2/27/2018,77.5,64.900002,39.5,113.610001
2/28/2018,75.739998,64.18,38.860001,111.919998
3/1/2018,75.199997,64.160004,38.939999,112.040001
