,0
Intercept,-13502614.963743554
State[T.AR],-233360.4190921942
State[T.AZ],-163833.103323506
State[T.CA],51958.45057070945
State[T.CO],-121965.8704422454
State[T.CT],-10187.263923409404
State[T.DE],-168676.8563279231
State[T.FL],-155850.92731218788
State[T.GA],-178204.53737613003
State[T.HI],133130.4034299085
State[T.IA],-216977.92802895771
State[T.ID],-151536.12029064842
State[T.IL],-180543.98175297963
State[T.IN],-246308.0755761023
State[T.KS],-207217.10656842525
State[T.KY],-238148.14109377668
State[T.LA],-177389.7743988133
State[T.MA],-77256.2907863544
State[T.MD],-109598.39611535889
State[T.ME],-181390.94028158387
State[T.MI],-221907.75051040563
State[T.MN],-177121.5514413854
State[T.MO],-194694.43191124906
State[T.MS],-236339.00120811915
State[T.NC],-213066.93014822374
State[T.NE],-214310.71872247048
State[T.NH],-125259.50630323272
State[T.NJ],-89312.99280654195
State[T.NM],-157484.30753926415
State[T.NV],-106451.88954499265
State[T.NY],-155240.4062567119
State[T.OH],-226935.3838772918
State[T.OK],-247188.19356633036
State[T.OR],-139502.7517570131
State[T.PA],-208086.0178828787
State[T.SC],-185790.23697310706
State[T.SD],-115107.80512695436
State[T.TN],-265999.6036681669
State[T.TX],-207978.12990754808
State[T.UT],-151322.6271270771
State[T.VA],-93426.59199764972
State[T.WA],-61747.56152864881
State[T.WI],-214832.3282127566
State[T.WV],-259143.04363757776
Zipcode[T.58204],-96752.88651777002
Zipcode[T.58212],-100831.34780480847
Zipcode[T.58214],-94154.82402795415
Zipcode[T.58220],-73902.23029378918
Zipcode[T.58222],-81550.2724008298
Zipcode[T.58228],-121586.02682907955
Zipcode[T.58230],-36860.06578950099
Zipcode[T.58231],-121056.15699270593
Zipcode[T.58240],-140289.20820015005
Zipcode[T.58243],-96820.51769752166
Zipcode[T.58249],-149562.31467458248
Zipcode[T.58250],-138414.88533448498
Zipcode[T.58251],-134255.07152773647
Zipcode[T.58254],-110290.28003736745
Zipcode[T.58257],-121867.55973510916
Zipcode[T.58265],-98421.93780851578
Zipcode[T.58270],-205034.06886418266
Zipcode[T.58271],-11132.103527076126
Zipcode[T.58272],-187849.18474845684
Zipcode[T.58273],-178735.9834184203
Zipcode[T.58274],-198733.82039200087
Zipcode[T.58282],-161656.37319842135
Zipcode[T.58316],-75913.38783285709
Zipcode[T.58318],-58547.63598754024
Zipcode[T.58330],-93299.99512657273
Zipcode[T.58332],-125516.57064879122
Zipcode[T.58344],-120760.59439419558
Zipcode[T.58348],-170139.83813767938
Zipcode[T.58351],-129739.30812415485
Zipcode[T.58352],-110585.45537221096
Zipcode[T.58366],-145248.6729383374
Zipcode[T.58368],83546.23162148586
Zipcode[T.58369],200583.2142356824
Zipcode[T.58374],-23190.329474213635
Zipcode[T.58377],-129441.52912588228
Zipcode[T.58384],-137702.1055531467
Zipcode[T.58401],-91983.95681203809
Zipcode[T.58413],-42111.89194951051
Zipcode[T.58416],-106545.10703851869
Zipcode[T.58418],-91381.11304844718
Zipcode[T.58420],20428.41327671945
Zipcode[T.58425],-109216.17579443745
Zipcode[T.58426],-26522.228717960854
Zipcode[T.58428],46837.28854502029
Zipcode[T.58433],75878.77566736696
Zipcode[T.58436],-108504.37732871318
Zipcode[T.58438],-67221.07780249743
Zipcode[T.58441],-109846.94731655766
Zipcode[T.58442],-143849.00405351017
Zipcode[T.58448],-29044.674285442743
Zipcode[T.58458],12853.123625101736
Zipcode[T.58466],37206.05559211402
Zipcode[T.58467],181361.30800448635
Zipcode[T.58474],-4641.87035838636
Zipcode[T.58476],-26191.581986235327
Zipcode[T.58479],43452.660948036835
Zipcode[T.58480],-39714.570750289226
Zipcode[T.58482],362615.9566404144
Zipcode[T.58483],178546.64949103817
Zipcode[T.58486],280213.14596882963
Zipcode[T.58487],237151.53177632
Zipcode[T.58490],69306.32244347395
Zipcode[T.58495],194964.25322310536
Zipcode[T.58501],89190.12378922227
Zipcode[T.58503],128399.31723515339
Zipcode[T.58504],-10186.409842483783
Zipcode[T.58520],-76737.67497224278
Zipcode[T.58521],5905.652928418588
Zipcode[T.58523],-18840.160779124093
Zipcode[T.58529],14553.6973462474
Zipcode[T.58530],67299.1554238554
Zipcode[T.58532],119948.03294937374
Zipcode[T.58533],40609.122942995244
Zipcode[T.58541],-55878.19388564094
Zipcode[T.58542],-85942.46505774844
Zipcode[T.58544],85622.61549924493
Zipcode[T.58545],137017.59619652625
Zipcode[T.58552],110790.87967356702
Zipcode[T.58558],168077.4342953611
Zipcode[T.58561],139914.70862957663
Zipcode[T.58562],91450.3602202689
Zipcode[T.58563],92520.97093508282
Zipcode[T.58565],6915.836913405241
Zipcode[T.58568],102639.9871988515
Zipcode[T.58570],-15808.49966324249
Zipcode[T.58572],106788.33992967122
Zipcode[T.58573],165667.6894895194
Zipcode[T.58575],140564.7846247294
Zipcode[T.58577],-55174.432500056704
Zipcode[T.58579],105037.56949807507
Zipcode[T.58581],28359.682708252752
Zipcode[T.58601],149892.54547997276
Zipcode[T.58630],1190206.3096818724
Zipcode[T.58636],-11645.706267210508
Zipcode[T.58638],-7255.455756708891
Zipcode[T.58639],-15646.599567094505
Zipcode[T.58640],-53783.243099692525
Zipcode[T.58645],22734.20730026176
Zipcode[T.58646],74744.2806398214
Zipcode[T.58649],118199.1848769582
Zipcode[T.58650],-27748.409427911007
Zipcode[T.58652],805805.7938311378
Zipcode[T.58653],297761.34920027317
Zipcode[T.58655],133135.72678228823
Zipcode[T.58710],-95652.63609670721
Zipcode[T.58721],184580.95040788638
Zipcode[T.58722],-24603.62802427817
Zipcode[T.58725],-35049.07002501872
Zipcode[T.58733],-16455.449031852237
Zipcode[T.58746],487.52291832711245
Zipcode[T.58750],-54973.58783310072
Zipcode[T.58752],-39513.05929671612
Zipcode[T.58756],337760.94614101766
Zipcode[T.58758],807686.0110743934
Zipcode[T.58760],54268.117808286035
Zipcode[T.58761],100028.34241726786
Zipcode[T.58762],66994.6806865427
Zipcode[T.58769],329642.73726690793
Zipcode[T.58770],334297.9177411832
Zipcode[T.58771],270183.08593243454
Zipcode[T.58773],284817.3008062831
Zipcode[T.58776],591748.2542647155
Zipcode[T.58779],143997.21396908833
Zipcode[T.58781],168265.01382748308
Zipcode[T.58783],360270.0368636065
Zipcode[T.58785],654310.8323096171
Zipcode[T.58788],807442.4184851792
Zipcode[T.58789],242165.7565834917
Zipcode[T.58795],50948.38303453078
Zipcode[T.58801],341987.456374223
Zipcode[T.58830],88792.4013853095
Zipcode[T.58831],-67071.49534361536
Zipcode[T.58835],-36633.43765370957
Zipcode[T.58845],142425.522797752
Zipcode[T.58847],75951.3503246468
Zipcode[T.58852],-57333.81682862115
Zipcode[T.58854],161745.95631399797
Zipcode[T.59003],-39487.426649918816
Zipcode[T.59006],-47728.332038163404
Zipcode[T.59008],-29813.929867847684
Zipcode[T.59016],5067.656569400799
Zipcode[T.59029],-59814.57757135433
Zipcode[T.59030],-5581.82262173239
Zipcode[T.59034],92043.18560600257
Zipcode[T.59047],-54996.90562969001
Zipcode[T.59050],-83291.25081992036
Zipcode[T.59063],-115525.25947115128
Zipcode[T.59064],-86253.50089031983
Zipcode[T.59069],-100694.63870063511
Zipcode[T.59072],-85853.98560485765
Zipcode[T.59074],-45747.818178606016
Zipcode[T.59086],-115456.95857530003
Zipcode[T.59087],-92554.37862560022
Zipcode[T.59088],-101895.74803697449
Zipcode[T.59101],-42264.71620907991
Zipcode[T.59105],37175.4427244447
Zipcode[T.59218],-39977.57680200742
Zipcode[T.59221],40139.176792251375
Zipcode[T.59222],31519.58315625662
Zipcode[T.59223],-33552.01315008948
Zipcode[T.59225],51785.55162012708
Zipcode[T.59248],599146.5474326516
Zipcode[T.59255],103174.66032064932
Zipcode[T.59259],-97212.00290457132
Zipcode[T.59261],-48679.38067950731
Zipcode[T.59262],241070.91136828536
Zipcode[T.59324],73928.22816627547
Zipcode[T.59336],-13171.620369409384
Zipcode[T.59344],5770.288402720001
Zipcode[T.59416],-48479.76619292775
Zipcode[T.59417],-24754.10993697549
Zipcode[T.59427],-28220.348235927333
Zipcode[T.59453],-82759.46505314494
Zipcode[T.59460],-63704.14865095278
Zipcode[T.60081],-179399.26247322236
Zipcode[T.60083],-78812.76747946991
Zipcode[T.60084],-121249.72850920502
Zipcode[T.60085],-195676.07732766675
Zipcode[T.60088],-136379.92479374257
Zipcode[T.60090],-71224.37426317215
Zipcode[T.60093],-124906.11592162204
Zipcode[T.60096],-131488.97776609904
Zipcode[T.60098],-66568.28313842947
Zipcode[T.60099],-34895.24462972342
Zipcode[T.60102],-97508.02607411842
Zipcode[T.60103],-77170.30802717106
Zipcode[T.60107],-159544.82914292294
Zipcode[T.60108],-91833.11932512771
Zipcode[T.60111],-248779.58965470435
Zipcode[T.60112],-189296.83543577304
Zipcode[T.60115],-25991.52976998524
Zipcode[T.60119],-179634.12912895012
Zipcode[T.60120],-130965.68196626163
Zipcode[T.60123],-143760.1496298866
Zipcode[T.60124],-96341.49900402561
Zipcode[T.60126],22263.192362134443
Zipcode[T.60130],36250.97195091527
Zipcode[T.60131],-102385.48990827895
Zipcode[T.60133],-172226.75445046066
Zipcode[T.60135],-86801.87187892792
Zipcode[T.60139],-170625.44638573608
Zipcode[T.60142],-71806.64870685006
Zipcode[T.60145],-89829.09133062535
Zipcode[T.60148],56078.15535815202
Zipcode[T.60151],-172086.47970669792
Zipcode[T.60152],-185780.00325986804
Zipcode[T.60153],-189043.75740647546
Zipcode[T.60160],-69849.595245476
Zipcode[T.60162],-134697.02371540008
Zipcode[T.60163],-184811.40339645225
Zipcode[T.60164],-145557.3527562781
Zipcode[T.60165],-268356.5547266133
Zipcode[T.60169],-167377.26952306068
Zipcode[T.60301],-175689.1253404893
Zipcode[T.60302],-1660.107392020614
Zipcode[T.60304],-76693.8336156088
Zipcode[T.60305],-128028.47467127231
Zipcode[T.60404],-230607.3335715434
Zipcode[T.60406],-236646.97390779835
Zipcode[T.60407],-231333.33779404606
Zipcode[T.60408],-231698.26521804673
Zipcode[T.60409],-88491.52302723823
Zipcode[T.60410],-154889.98827852134
Zipcode[T.60419],-121413.44920963359
Zipcode[T.60420],-82562.03953316528
Zipcode[T.60421],49029.61948639477
Zipcode[T.60423],-25441.636963564157
Zipcode[T.60425],-46640.93622677273
Zipcode[T.60426],-56001.00562793639
Zipcode[T.60428],-61145.77666260395
Zipcode[T.60429],-77509.64672254959
Zipcode[T.60430],-77709.7570888806
Zipcode[T.60431],-162942.13110570042
Zipcode[T.60432],-100867.43772308159
Zipcode[T.60433],19662.62436394945
Zipcode[T.60435],-137554.34051398124
Zipcode[T.60439],76382.61469391486
Zipcode[T.60441],-160612.31022985655
Zipcode[T.60442],-172697.90715873585
Zipcode[T.60443],-184055.58194371776
Zipcode[T.60444],-138742.31715194508
Zipcode[T.60448],-99583.58179190785
Zipcode[T.60450],2556.2668511429647
Zipcode[T.60451],-19399.831785997798
Zipcode[T.60452],25002.067456960856
Zipcode[T.60453],641821.5338869224
Zipcode[T.60455],-58916.971911757275
Zipcode[T.60456],-39391.64989132782
Zipcode[T.60461],766342.6074636917
Zipcode[T.60462],244984.9527181202
Zipcode[T.60463],56018.78933876532
Zipcode[T.60466],1399293.3692829437
Zipcode[T.60467],1140201.8101430791
Zipcode[T.60471],939212.8751401788
Zipcode[T.60473],70586.1882940484
Zipcode[T.60476],517574.00453651167
Zipcode[T.60477],57698.01104246128
Zipcode[T.60478],37490.519771704036
Zipcode[T.60484],892425.4140971166
Zipcode[T.60487],263944.98361160635
Zipcode[T.60490],602320.5585196737
Zipcode[T.60502],109260.49085842245
Zipcode[T.60503],37128.97974819614
Zipcode[T.60504],97870.60161571424
Zipcode[T.60517],-15458.437658041848
Zipcode[T.60518],-644.3053234225415
Zipcode[T.60520],139702.3655778766
Zipcode[T.60521],77144.87547129024
Zipcode[T.60525],132152.38530395532
Zipcode[T.60526],82917.64804339394
Zipcode[T.60527],14225.496527139489
Zipcode[T.60530],-15922.30749671161
Zipcode[T.60532],134726.56439253906
Zipcode[T.60534],-99140.13491140436
Zipcode[T.60538],43956.42699286987
Zipcode[T.60540],184791.69287396598
Zipcode[T.60541],-6233.576078628277
Zipcode[T.60542],34025.47292334225
Zipcode[T.60543],200493.13258544065
Zipcode[T.60544],29649.501417804575
Zipcode[T.60545],660723.7035417932
Zipcode[T.60546],26598.838105585317
Zipcode[T.60548],20617.98276632369
Zipcode[T.60549],-33363.08180591932
Zipcode[T.60550],3499.1758544177815
Zipcode[T.60551],-57470.93080396378
Zipcode[T.60552],173055.7351884459
Zipcode[T.60553],97506.6118683663
Zipcode[T.60554],280125.8159024339
Zipcode[T.60555],120284.78494972984
Zipcode[T.60556],262237.3296450965
Zipcode[T.60558],213342.1343024123
Zipcode[T.60559],450504.4854814956
Zipcode[T.60560],40396.48396038176
Zipcode[T.60561],-56298.31390197724
Zipcode[T.60563],76513.95262826962
Zipcode[T.60564],97492.76089418528
Zipcode[T.60565],-3423.487188544948
Zipcode[T.60585],91832.15208024326
Zipcode[T.60586],-20121.14756748413
Zipcode[T.60601],-26951.934402486204
Zipcode[T.60606],-46244.06529215836
Zipcode[T.60607],-61065.12865953893
Zipcode[T.60608],9916.492555232131
Zipcode[T.60610],5450.5267143448045
Zipcode[T.60613],114120.7479056508
Zipcode[T.60614],208532.57573672812
Zipcode[T.60615],-46821.745184732514
Zipcode[T.60616],837.1984286914372
Zipcode[T.60617],5760.338106871885
Zipcode[T.60631],-2150.4093378333678
Zipcode[T.60632],-61337.1332737773
Zipcode[T.60633],-93094.39289726323
Zipcode[T.60634],79364.63785921186
Zipcode[T.60636],-57746.938166606895
Zipcode[T.60638],36958.35496615619
Zipcode[T.60639],275306.7227520793
Zipcode[T.60642],-23618.649182847803
Zipcode[T.60643],41799.4813873152
Zipcode[T.60644],17474.779126150373
Zipcode[T.60652],307752.54880307434
Zipcode[T.60653],1655.2657731916422
Zipcode[T.60654],145980.16972800807
Zipcode[T.60655],47405.49620253838
Zipcode[T.60656],93951.52150020341
Zipcode[T.60657],123982.5038497927
Zipcode[T.60659],-18995.898543592048
Zipcode[T.60660],29400.16707601815
Zipcode[T.60661],-26350.880878739797
Zipcode[T.60706],-13849.088719389401
Zipcode[T.60707],-21418.04663207195
Zipcode[T.60714],22296.957073835118
Zipcode[T.60901],-94101.62705771081
Zipcode[T.60911],-149511.23125950038
Zipcode[T.60912],-91731.96318924711
Zipcode[T.60915],-65109.47793605366
Zipcode[T.60917],-30242.737710442423
Zipcode[T.60921],-135204.3528382248
Zipcode[T.60922],-126470.60913925753
Zipcode[T.60924],-186723.1295005842
Zipcode[T.60927],28508.869805523816
Zipcode[T.60928],-85549.27670568497
Zipcode[T.60929],-78268.88620728852
Zipcode[T.60930],-50166.1986167569
Zipcode[T.60931],-121008.60296252566
Zipcode[T.60936],-33218.00592419968
Zipcode[T.60938],-146550.26472922458
Zipcode[T.60940],-148220.04206457036
Zipcode[T.60941],-42612.066545465335
Zipcode[T.60942],-119049.44221540006
Zipcode[T.60946],5319.815528613616
Zipcode[T.60948],99416.44875060143
Zipcode[T.60950],-85974.5458239288
Zipcode[T.60951],-72055.87343542984
Zipcode[T.60952],4482.1019118575805
Zipcode[T.60953],-157907.722363042
Zipcode[T.60955],-137654.4512315757
Zipcode[T.60957],-132011.12972789953
Zipcode[T.60958],-136570.4446821677
Zipcode[T.60959],-179681.84114641088
Zipcode[T.60960],-155988.441566184
Zipcode[T.60961],-127047.76344298928
Zipcode[T.60970],-55648.6476074748
Zipcode[T.60973],-134180.7004361184
Zipcode[T.61001],14124.059613212135
Zipcode[T.61008],-102661.73919010794
Zipcode[T.61014],-56984.28101523276
Zipcode[T.61016],-88398.3860607774
Zipcode[T.61018],-53548.70916059774
Zipcode[T.61020],-167795.19453132933
Zipcode[T.61021],-43698.9958038045
Zipcode[T.61024],-106694.80419451617
Zipcode[T.61025],281660.6768827521
Zipcode[T.61032],-97782.15637870932
Zipcode[T.61036],-157933.5229656615
Zipcode[T.61038],-164011.3520310867
Zipcode[T.61039],-147958.62089750043
Zipcode[T.61049],-116880.99695211044
Zipcode[T.61054],-136474.13816187077
Zipcode[T.61061],-83176.81224668305
Zipcode[T.61062],-136702.04863357308
Zipcode[T.61063],-165030.94135435898
Zipcode[T.61067],-188495.89532845985
Zipcode[T.61071],-138374.61533250572
Zipcode[T.61074],-136669.52863269526
Zipcode[T.61080],61421.62494789888
Zipcode[T.61081],277257.64779791783
Zipcode[T.61084],200463.75891425228
Zipcode[T.61087],53053.95260985256
Zipcode[T.61088],70132.82118199435
Zipcode[T.61089],-107992.78373368038
Zipcode[T.61108],-108439.21564695508
Zipcode[T.61114],75414.2046730186
Zipcode[T.61231],17902.22991793068
Zipcode[T.61234],-73939.1339499433
Zipcode[T.61235],-58511.209928014534
Zipcode[T.61239],-120740.68321170416
Zipcode[T.61241],110140.07383734107
Zipcode[T.61777],151109.9667572762
Zipcode[T.61778],57382.648052842094
Zipcode[T.61811],536223.3362107862
Zipcode[T.61813],63646.3865602254
Zipcode[T.61818],297489.70864535787
Zipcode[T.61841],247754.83981149102
Zipcode[T.61842],215419.7125899768
Zipcode[T.61845],372361.18536629074
Zipcode[T.61846],-6896.092398620593
Zipcode[T.61847],642197.4239116483
Zipcode[T.61849],104643.32211088647
Zipcode[T.61851],341970.1013904611
Zipcode[T.61853],322809.048753948
Zipcode[T.61856],362995.8938737451
Zipcode[T.61863],273244.16547431226
Zipcode[T.61864],131933.5728559545
Zipcode[T.61874],113469.98255522971
Zipcode[T.61882],275687.01181429386
Zipcode[T.61883],248326.70228594655
Zipcode[T.61914],197751.30730086638
Zipcode[T.61917],71220.24559974257
Zipcode[T.61919],52359.51210498453
Zipcode[T.61924],78082.02178808395
Zipcode[T.61925],33786.666081117924
Zipcode[T.61928],463.10675723689684
Zipcode[T.61929],-23588.119110325977
Zipcode[T.61930],47601.60314832127
Zipcode[T.61938],52646.555425347426
Zipcode[T.61942],187358.0975537648
Zipcode[T.61943],-256.14946172754514
Zipcode[T.61953],29165.802384401424
Zipcode[T.62002],131510.62962536738
Zipcode[T.62006],284734.8860415444
Zipcode[T.62014],95158.40139075939
Zipcode[T.62015],291752.475440474
Zipcode[T.62018],50007.29409870771
Zipcode[T.62019],54812.07856228699
Zipcode[T.62022],386443.2666242616
Zipcode[T.62025],306043.3136494265
Zipcode[T.62032],238015.52272097193
Zipcode[T.62040],468320.24460150895
Zipcode[T.62047],151191.3903472705
Zipcode[T.62067],253852.7865258318
Zipcode[T.62069],336930.6935749834
Zipcode[T.62074],406922.7395319454
Zipcode[T.62075],500991.0394669858
Zipcode[T.62079],229322.4003627904
Zipcode[T.62080],194698.14519470386
Zipcode[T.62081],180421.34544634627
Zipcode[T.62082],227523.08347369416
Zipcode[T.62084],278412.5987903745
Zipcode[T.62086],275730.1107361851
Zipcode[T.62087],388256.9383727265
Zipcode[T.62088],231049.25515838337
Zipcode[T.62090],219334.61007384857
Zipcode[T.62097],105330.88060677059
Zipcode[T.62214],101085.39165829385
Zipcode[T.62232],83756.99931016716
Zipcode[T.62234],205323.54582322884
Zipcode[T.62236],160360.03805214434
Zipcode[T.62245],477164.55528370186
Zipcode[T.62263],306708.85949995846
Zipcode[T.62265],146524.05870106138
Zipcode[T.62269],743340.7203316077
Zipcode[T.62271],110397.23865266466
Zipcode[T.62274],249274.46799907717
Zipcode[T.62339],-30103.989245926376
Zipcode[T.62347],-59598.44870817012
Zipcode[T.62351],-117194.38462187849
Zipcode[T.62354],-80731.1207670128
Zipcode[T.62358],-78752.23279260701
Zipcode[T.62366],-36009.32719595854
Zipcode[T.62367],-74781.38478740591
Zipcode[T.62370],-7496.979458509622
Zipcode[T.62379],-64609.67167254411
Zipcode[T.62418],-91882.59960291348
Zipcode[T.62421],-66658.16296526609
Zipcode[T.62424],-85098.56544754936
Zipcode[T.62426],36457.925676686595
Zipcode[T.62427],-121409.30998983716
Zipcode[T.62432],-138268.82475529192
Zipcode[T.62434],-111062.00828877132
Zipcode[T.62436],68410.68550214145
Zipcode[T.62443],-79162.79420591662
Zipcode[T.62445],-68744.37631153257
Zipcode[T.62447],-81864.44825673313
Zipcode[T.62461],-57991.37986149286
Zipcode[T.62462],-88884.25818324478
Zipcode[T.62465],-88129.39847975477
Zipcode[T.62468],-36638.29677822419
Zipcode[T.62473],-61906.329476544124
Zipcode[T.62474],-78430.33395171906
Zipcode[T.62475],-72103.22773828408
Zipcode[T.62476],-117706.89244993422
Zipcode[T.62478],-67814.71959353359
Zipcode[T.62479],-92955.41814562744
Zipcode[T.62481],7471.759849405602
Zipcode[T.62523],-80197.30363369257
Zipcode[T.62530],-30208.085348334618
Zipcode[T.62533],-80888.25336387378
Zipcode[T.62535],-28444.35096687955
Zipcode[T.62539],55906.16366441121
Zipcode[T.62555],-107743.52078020519
Zipcode[T.62571],-77434.48638062304
Zipcode[T.62573],-73573.25440959177
Zipcode[T.62615],30158.411790903276
Zipcode[T.62626],-55428.22956702386
Zipcode[T.62627],35194.216967837194
Zipcode[T.62631],22382.56801314691
Zipcode[T.62633],-56153.02584058908
Zipcode[T.62634],-27020.19333428618
Zipcode[T.62635],-53288.70039520481
Zipcode[T.62640],-22776.284894253607
Zipcode[T.62643],47459.672784394344
Zipcode[T.62644],83444.83198842705
Zipcode[T.62650],33941.97342006062
Zipcode[T.62655],-11724.901763293758
Zipcode[T.62661],-15340.840208427651
Zipcode[T.62664],27140.574602997713
Zipcode[T.62665],43416.59077811608
Zipcode[T.62667],-36507.74439815936
Zipcode[T.62668],-29398.7808946136
Zipcode[T.62670],22394.98958947638
Zipcode[T.62671],70230.99235060748
Zipcode[T.62673],37210.15548717487
Zipcode[T.62675],50594.01937598486
Zipcode[T.62677],30336.77941944993
Zipcode[T.62684],-26437.401486167804
Zipcode[T.62690],-11090.891866184546
Zipcode[T.62691],-32761.28555032375
Zipcode[T.62693],-4970.535920657553
Zipcode[T.62803],-41329.95571593386
Zipcode[T.62810],11959.087784645983
Zipcode[T.62812],-70290.37819647485
Zipcode[T.62822],-145523.2252455462
Zipcode[T.62823],-107128.25589581575
Zipcode[T.62824],-118224.73836979896
Zipcode[T.62865],-141122.79687250292
Zipcode[T.62869],-103750.07597196513
Zipcode[T.62883],-117970.60455605322
Zipcode[T.62886],-92787.27302175958
Zipcode[T.62898],-127812.36382970179
Zipcode[T.62902],-90593.26523220402
Zipcode[T.62905],-120587.262707203
Zipcode[T.62906],-90304.89188231478
Zipcode[T.62907],-129599.25415977283
Zipcode[T.62910],-41217.45627916149
Zipcode[T.62912],-119603.07146252127
Zipcode[T.62914],-148519.59166471526
Zipcode[T.62916],-127723.39183230785
Zipcode[T.62918],-107923.09149884968
Zipcode[T.62919],-131302.43574327644
Zipcode[T.62922],-93742.18657477872
Zipcode[T.62926],-107084.03188174788
Zipcode[T.62932],-54205.95122010336
Zipcode[T.62933],-97831.74635080821
Zipcode[T.62934],-150996.76099115278
Zipcode[T.62939],-128446.34950854602
Zipcode[T.62941],-40655.70031220336
Zipcode[T.62942],-122737.06335057378
Zipcode[T.62946],-75665.6369616281
Zipcode[T.62948],-102183.58227263049
Zipcode[T.62951],-120098.60334677862
Zipcode[T.62956],-31542.465967008575
Zipcode[T.62958],-87264.54424886435
Zipcode[T.62959],-54184.273197008144
Zipcode[T.62963],-138939.65079826536
Zipcode[T.62969],-150041.22605474212
Zipcode[T.62974],-145595.30854288212
Zipcode[T.62976],-142820.83562937393
Zipcode[T.62977],-120193.07426630773
Zipcode[T.62979],-129258.57728907412
Zipcode[T.62984],-144653.07619525524
Zipcode[T.62992],-139859.87368240574
Zipcode[T.63005],-148976.57537919932
Zipcode[T.63010],-86241.25480238594
Zipcode[T.63013],-145148.06747952005
Zipcode[T.63014],-153286.08638077916
Zipcode[T.63015],-151315.35489581438
Zipcode[T.63016],-113830.1953192098
Zipcode[T.63017],-65658.23267995573
Zipcode[T.63019],-123365.76555379524
Zipcode[T.63020],-66257.03983467573
Zipcode[T.63021],17649.178498611647
Zipcode[T.63040],-92533.15069416136
Zipcode[T.63042],-98915.47073040766
Zipcode[T.63043],-90871.61979396158
Zipcode[T.63049],-118021.8497251127
Zipcode[T.63056],-89317.56364033782
Zipcode[T.63069],-98736.12266709516
Zipcode[T.63070],-143785.74626573705
Zipcode[T.63077],-97615.48684583291
Zipcode[T.63108],-87697.41490444922
Zipcode[T.63109],-48112.68085461886
Zipcode[T.63110],-106712.43642876418
Zipcode[T.63118],-93708.03987245813
Zipcode[T.63119],-72209.01060308063
Zipcode[T.63120],-134170.51547123303
Zipcode[T.63128],-43708.776027879256
Zipcode[T.63132],-94341.53065057764
Zipcode[T.63138],-126472.50784537957
Zipcode[T.63144],-111250.24657069812
Zipcode[T.63146],-68133.01606533899
Zipcode[T.63303],-49139.18901127879
Zipcode[T.63343],-131341.92824036698
Zipcode[T.63347],-128258.32104349646
Zipcode[T.63349],-136472.7400944706
Zipcode[T.63350],-152943.89404560783
Zipcode[T.63351],-133177.79855548497
Zipcode[T.63353],-83567.83811401732
Zipcode[T.63362],-129272.72060380406
Zipcode[T.63373],-80421.82436481283
Zipcode[T.63376],23602.613763015972
Zipcode[T.63380],-110684.88359579652
Zipcode[T.63384],-116519.49288222106
Zipcode[T.63401],1163.7205228406224
Zipcode[T.63434],-111636.9323784506
Zipcode[T.63435],-97342.01944735784
Zipcode[T.63441],-74606.4579477261
Zipcode[T.63443],-114172.33334683992
Zipcode[T.63453],-81037.12073625905
Zipcode[T.63457],-89296.88962688824
Zipcode[T.63471],-130114.63958501598
Zipcode[T.63474],-127492.32974005902
Zipcode[T.63531],-55315.10980396296
Zipcode[T.63534],-82967.90874167687
Zipcode[T.63543],-100516.63755982267
Zipcode[T.63544],-134544.1212946154
Zipcode[T.63545],-88703.0215283286
Zipcode[T.63546],-24468.1697198323
Zipcode[T.63548],-122813.64060011083
Zipcode[T.63555],-95581.44660046614
Zipcode[T.63563],-8737.954345434286
Zipcode[T.63601],-124950.05746647254
Zipcode[T.63627],-128430.86103714716
Zipcode[T.63630],-141550.67871764165
Zipcode[T.63631],-85637.7369906576
Zipcode[T.63633],-100718.11330516452
Zipcode[T.63637],-133437.6581654028
Zipcode[T.63638],-109378.91777001493
Zipcode[T.63640],-121379.36307962818
Zipcode[T.63645],-93877.7982164457
Zipcode[T.63701],-61702.05072698611
Zipcode[T.63736],-156650.16814404784
Zipcode[T.63748],-85151.86493141529
Zipcode[T.63751],-111892.42716975327
Zipcode[T.63760],-158387.798773197
Zipcode[T.63801],-123403.6599356321
Zipcode[T.63821],-168457.56325551885
Zipcode[T.63822],-125592.18686317766
Zipcode[T.63825],-93874.97915012162
Zipcode[T.63827],-51422.21048313864
Zipcode[T.63830],-32026.12595433377
Zipcode[T.63834],82412.09233238567
Zipcode[T.63841],-39291.78799356933
Zipcode[T.63851],-108215.20762267402
Zipcode[T.63852],-76579.4110106446
Zipcode[T.63855],-31745.811369627307
Zipcode[T.63857],-106873.68599031732
Zipcode[T.63863],-59719.43100438679
Zipcode[T.63869],-92308.56823223858
Zipcode[T.63873],-80571.69010587731
Zipcode[T.63876],-88531.49068190684
Zipcode[T.63877],-98378.11089803326
Zipcode[T.63901],19041.67973962029
Zipcode[T.63932],-84005.07014755081
Zipcode[T.63935],-98126.81469046859
Zipcode[T.63937],-76273.50058815333
Zipcode[T.63940],-54272.56907385016
Zipcode[T.63941],-119175.15150306468
Zipcode[T.63942],-102127.02179693889
Zipcode[T.63943],-106114.72598485643
Zipcode[T.63945],-90061.54140071518
Zipcode[T.63951],-53137.43443208388
Zipcode[T.63952],-97340.26498449656
Zipcode[T.63954],-81734.87064522819
Zipcode[T.63957],-81597.65620088027
Zipcode[T.63960],-54525.05557801675
Zipcode[T.63965],-65803.23993355248
Zipcode[T.63966],-87116.6695431795
Zipcode[T.63967],-49657.513232556936
Zipcode[T.64014],-56574.86592738918
Zipcode[T.64017],7844.80664435062
Zipcode[T.64019],-21729.62191322071
Zipcode[T.64029],-72801.89395910627
Zipcode[T.64037],-44890.47674034437
Zipcode[T.64052],-18159.43088280657
Zipcode[T.64074],-112975.09865870763
Zipcode[T.64075],-85566.69125126764
Zipcode[T.64080],-76377.78218683356
Zipcode[T.64093],-64761.19625675041
Zipcode[T.64123],-72913.74005759788
Zipcode[T.64129],-80166.13337527825
Zipcode[T.64146],-74261.09611830383
Zipcode[T.64157],-64087.01108432056
Zipcode[T.64167],-98791.77801550216
Zipcode[T.64429],-20170.526353758683
Zipcode[T.64457],-36455.319792028065
Zipcode[T.64601],-33549.00085564293
Zipcode[T.64620],-27780.289432172227
Zipcode[T.64623],-39702.1442453239
Zipcode[T.64624],-74117.26944543418
Zipcode[T.64644],-95580.16992400071
Zipcode[T.64660],-92372.18557189169
Zipcode[T.64664],-58651.06986282946
Zipcode[T.64739],-76909.7398775507
Zipcode[T.64748],-65909.75054198327
Zipcode[T.64767],-40222.099619682456
Zipcode[T.64840],24535.89141618973
Zipcode[T.64844],-7413.779955249935
Zipcode[T.64850],-1341.2922320096734
Zipcode[T.64854],-11603.271398271892
Zipcode[T.64855],-51438.33878901548
Zipcode[T.64856],-32530.657359211564
Zipcode[T.64863],-30921.225582765994
Zipcode[T.64865],-75986.21642517058
Zipcode[T.64867],12049.769265662319
Zipcode[T.65001],-47675.78451263827
Zipcode[T.65010],-2404.9654474470467
Zipcode[T.65011],-25855.923745558935
Zipcode[T.65016],-17707.419803509107
Zipcode[T.65017],-32424.797163781415
Zipcode[T.65018],3158.085077456377
Zipcode[T.65023],26306.243545605324
Zipcode[T.65024],-14244.846168087544
Zipcode[T.65037],10213.39300850453
Zipcode[T.65040],-38345.06217824922
Zipcode[T.65041],-36900.625038373335
Zipcode[T.65043],63362.73722488591
Zipcode[T.65049],-12823.486821945022
Zipcode[T.65051],10678.586467598474
Zipcode[T.65052],15436.311830303875
Zipcode[T.65053],-11680.2740369395
Zipcode[T.65054],28040.703905271
Zipcode[T.65058],-48026.38893861154
Zipcode[T.65059],-31775.84657783573
Zipcode[T.65061],-13093.401984986447
Zipcode[T.65063],-98156.56685592275
Zipcode[T.65064],-9404.75470289162
Zipcode[T.65065],-25162.998246425104
Zipcode[T.65066],-38345.681655022985
Zipcode[T.65068],-29880.17251977766
Zipcode[T.65069],-10159.291284138675
Zipcode[T.65072],-12184.3336572612
Zipcode[T.65079],12732.843201209467
Zipcode[T.65080],-52752.927949615194
Zipcode[T.65081],8160.945441219964
Zipcode[T.65082],-2688.587533528143
Zipcode[T.65084],23720.53874964255
Zipcode[T.65085],-21931.68955124055
Zipcode[T.65101],11310.258106239628
Zipcode[T.65109],70168.1794668968
Zipcode[T.65233],-32176.187461147107
Zipcode[T.65237],-63776.61306763921
Zipcode[T.65239],-97265.71845390498
Zipcode[T.65248],-101236.27676548339
Zipcode[T.65250],-113390.26323622801
Zipcode[T.65251],-4397.602311080801
Zipcode[T.65254],-96766.23918994388
Zipcode[T.65256],-113016.63052255125
Zipcode[T.65260],-133835.28086162198
Zipcode[T.65262],-76400.5582823493
Zipcode[T.65281],-110626.10424034919
Zipcode[T.65283],-78508.63355648782
Zipcode[T.65321],-60867.923566100915
Zipcode[T.65324],22504.066210895005
Zipcode[T.65326],2329.2243829779704
Zipcode[T.65329],-16009.347545207607
Zipcode[T.65332],878.9721655470313
Zipcode[T.65334],-36485.492621940364
Zipcode[T.65337],59633.86706141791
Zipcode[T.65339],31923.590678156164
Zipcode[T.65347],-26625.29480495041
Zipcode[T.65348],45160.661750066
Zipcode[T.65349],55156.85735444408
Zipcode[T.65350],8039.309257613309
Zipcode[T.65351],82233.31845428461
Zipcode[T.65453],-50265.13694637928
Zipcode[T.65459],-14625.958432866539
Zipcode[T.65486],-54598.932054954515
Zipcode[T.65624],179786.8695902004
Zipcode[T.65629],151006.79524187482
Zipcode[T.65630],89788.88953742733
Zipcode[T.65632],95116.28309872145
Zipcode[T.65644],113871.50628758737
Zipcode[T.65652],248403.90090238932
Zipcode[T.65653],142622.03435288445
Zipcode[T.65655],99733.94880661342
Zipcode[T.65662],190806.54857690103
Zipcode[T.65667],68207.48120060051
Zipcode[T.65679],293793.445548585
Zipcode[T.65685],171898.7864180926
Zipcode[T.65686],79531.93845455437
Zipcode[T.65689],-14106.988279918782
Zipcode[T.65692],332125.83147117525
Zipcode[T.65702],-17100.853998885614
Zipcode[T.65704],-94222.04910296522
Zipcode[T.65705],184535.89830010477
Zipcode[T.65706],5202.12551556195
Zipcode[T.65707],73482.77357232546
Zipcode[T.65710],29512.042754535094
Zipcode[T.65711],105293.79072629682
Zipcode[T.65712],-65180.36855793988
Zipcode[T.65713],-3148.5248408367347
Zipcode[T.65714],270985.37065727887
Zipcode[T.65720],51847.028129750084
Zipcode[T.65721],577046.127319778
Zipcode[T.65722],-11207.327682106441
Zipcode[T.65723],47189.92236569315
Zipcode[T.65724],111239.438140947
Zipcode[T.65725],114148.70627988693
Zipcode[T.65732],-6831.097031303467
Zipcode[T.65733],37891.215835622934
Zipcode[T.65734],2401.66153258239
Zipcode[T.65737],-25173.579940743373
Zipcode[T.65738],138389.92861841217
Zipcode[T.65739],70971.43525227618
Zipcode[T.65742],168899.47434235245
Zipcode[T.65745],190615.6857810465
Zipcode[T.65746],-31419.536712009365
Zipcode[T.65747],77814.0912007938
Zipcode[T.65752],74910.93770520792
Zipcode[T.65753],-78638.01998091151
Zipcode[T.65754],76457.05590403671
Zipcode[T.65755],600701.8906125424
Zipcode[T.65756],108028.17064515088
Zipcode[T.65757],263227.63884473365
Zipcode[T.65760],33857.9065712462
Zipcode[T.65772],-5656.638533894604
Zipcode[T.65779],-22800.949251568032
Zipcode[T.65785],269372.90194522555
Zipcode[T.65786],64148.89264842691
Zipcode[T.65787],-75920.14384612384
Zipcode[T.65791],-75534.62004222564
Zipcode[T.65793],-2280.509819842248
Zipcode[T.65802],2754.6146799653498
Zipcode[T.65803],50556.19257035218
Zipcode[T.65804],27559.742483535643
Zipcode[T.65806],-71471.05410969997
Zipcode[T.65807],21296.481657453623
Zipcode[T.65809],-75381.28312398939
Zipcode[T.66007],-27664.047253126177
Zipcode[T.66010],-24813.967826704917
Zipcode[T.66012],5781.251068285529
Zipcode[T.66013],-25281.7103036092
Zipcode[T.66014],-107598.01404653565
Zipcode[T.66015],-109753.26103209349
Zipcode[T.66017],-110669.6062141619
Zipcode[T.66018],-20231.943441522628
Zipcode[T.66020],-32259.197316493992
Zipcode[T.66021],31843.91165938279
Zipcode[T.66023],36386.56707565549
Zipcode[T.66027],-522.7690521553552
Zipcode[T.66030],-48072.84253961543
Zipcode[T.66033],54688.45840419247
Zipcode[T.66035],14745.043173183465
Zipcode[T.66043],-52616.13578305335
Zipcode[T.66056],65803.826100513
Zipcode[T.66058],-86073.75356441486
Zipcode[T.66061],42071.853094977654
Zipcode[T.66062],50433.12102399066
Zipcode[T.66090],-55296.67438791651
Zipcode[T.66103],-57885.17597176242
Zipcode[T.66104],-45469.0747458896
Zipcode[T.66111],-50482.73270082753
Zipcode[T.66207],258698.0943292524
Zipcode[T.66208],46411.111084408
Zipcode[T.66211],-7806.133417170479
Zipcode[T.66212],87769.26174266973
Zipcode[T.66214],121869.18919492795
Zipcode[T.66216],75170.01376369613
Zipcode[T.66218],231439.74612451182
Zipcode[T.66220],2537.5794056924947
Zipcode[T.66221],170742.92393019542
Zipcode[T.66224],274696.2427648073
Zipcode[T.66503],11933.296064355865
Zipcode[T.66507],-52255.2109706274
Zipcode[T.66510],-21438.95181767934
Zipcode[T.66512],-63617.940966485156
Zipcode[T.66514],22003.168072955756
Zipcode[T.66515],-24365.07368601076
Zipcode[T.66516],-51642.68350514541
Zipcode[T.66523],-45811.97148193799
Zipcode[T.66526],59630.23619840002
Zipcode[T.66528],-72208.89281689585
Zipcode[T.66531],22249.29749023023
Zipcode[T.66532],15839.13935182016
Zipcode[T.66533],-42923.50546757443
Zipcode[T.66535],-70414.92772738647
Zipcode[T.66536],-67437.76614284006
Zipcode[T.66537],-35662.96109932415
Zipcode[T.66540],-47158.06786577526
Zipcode[T.66541],-31678.320257532727
Zipcode[T.66544],-15631.430157227647
Zipcode[T.66546],23322.9700832531
Zipcode[T.66547],48822.5180232875
Zipcode[T.66548],-971.0097945911485
Zipcode[T.66552],1368.9469363150681
Zipcode[T.66604],55667.11545111126
Zipcode[T.66607],110286.31896218593
Zipcode[T.66611],276582.38172167254
Zipcode[T.66614],27185.317721326253
Zipcode[T.66617],74847.95414778493
Zipcode[T.66618],-108031.48758137027
Zipcode[T.66701],59099.45289495137
Zipcode[T.66720],-44865.25060770199
Zipcode[T.66724],-1134.9411921878243
Zipcode[T.66725],1551.2036057276653
Zipcode[T.66732],10908.69947868628
Zipcode[T.66733],322885.74418744206
Zipcode[T.66734],38757.885538997085
Zipcode[T.66736],44491.61334284684
Zipcode[T.66738],253413.82685835703
Zipcode[T.66739],279181.35862454877
Zipcode[T.66740],35021.50096310096
Zipcode[T.66743],192966.50749089097
Zipcode[T.66746],8709.996127681792
Zipcode[T.66748],39196.197663289226
Zipcode[T.66749],25673.9907491308
Zipcode[T.66753],37722.918589857494
Zipcode[T.66754],66057.61894163633
Zipcode[T.66756],109272.05953802526
Zipcode[T.66757],-63393.37823083053
Zipcode[T.66762],-6831.657696613796
Zipcode[T.66763],24297.084029899044
Zipcode[T.66769],-65284.21909424847
Zipcode[T.66770],36848.41328982782
Zipcode[T.66777],-25298.539995977713
Zipcode[T.66781],84324.72266007614
Zipcode[T.66783],-8106.2446550039485
Zipcode[T.66830],-89865.70054728439
Zipcode[T.66834],-150252.69789784384
Zipcode[T.66835],-147674.32576143282
Zipcode[T.66845],-66432.18562692187
Zipcode[T.66846],-85701.67361133915
Zipcode[T.66933],-104746.78473641473
Zipcode[T.66956],86442.67029453514
Zipcode[T.66966],-86350.02656368431
Zipcode[T.67003],-86644.23764154421
Zipcode[T.67005],-73984.26819565643
Zipcode[T.67009],321645.0904148632
Zipcode[T.67010],-108196.56240012251
Zipcode[T.67017],-145451.41761091945
Zipcode[T.67019],31654.420253690354
Zipcode[T.67020],-40284.33554102594
Zipcode[T.67022],-40415.37432184955
Zipcode[T.67029],43055.750853726495
Zipcode[T.67030],61334.63421064185
Zipcode[T.67031],14127.05178831673
Zipcode[T.67035],2596.547973916306
Zipcode[T.67037],3467.120806361531
Zipcode[T.67038],-84413.44120598344
Zipcode[T.67042],55346.76708209498
Zipcode[T.67050],-101304.13550340537
Zipcode[T.67051],157117.18947912456
Zipcode[T.67052],-5866.8322048149275
Zipcode[T.67056],-142807.02169967673
Zipcode[T.67058],-65016.96124442338
Zipcode[T.67067],-125482.95471073287
Zipcode[T.67070],-155736.16555079157
Zipcode[T.67073],-126893.42506580376
Zipcode[T.67074],-5811.75869051204
Zipcode[T.67101],-65854.26110850037
Zipcode[T.67104],-101258.1125144787
Zipcode[T.67107],-62512.704871397655
Zipcode[T.67108],-71383.2992720289
Zipcode[T.67114],192147.259397953
Zipcode[T.67117],50202.36206887932
Zipcode[T.67118],32407.03514826375
Zipcode[T.67119],431221.4701338114
Zipcode[T.67120],163973.86644856798
Zipcode[T.67123],176525.45544181208
Zipcode[T.67131],191631.92523402142
Zipcode[T.67133],196638.9469070799
Zipcode[T.67134],222474.74906025807
Zipcode[T.67135],226329.4150916315
Zipcode[T.67138],612182.8674170229
Zipcode[T.67140],215976.88033657192
Zipcode[T.67147],462939.3838010081
Zipcode[T.67226],241346.2020051637
Zipcode[T.67227],127571.61152674546
Zipcode[T.67228],82635.83303029799
Zipcode[T.67230],104794.00244127418
Zipcode[T.67332],-76844.17464049041
Zipcode[T.67335],-112873.28763860304
Zipcode[T.67336],-77197.19934907046
Zipcode[T.67344],-88243.34068856598
Zipcode[T.67351],-29543.52941183563
Zipcode[T.67356],-80893.75145801359
Zipcode[T.67360],-43945.17765759374
Zipcode[T.67401],-55219.521639143975
Zipcode[T.67425],-48476.628842343125
Zipcode[T.67427],-53249.28377477975
Zipcode[T.67438],-73600.61750557309
Zipcode[T.67443],25361.705252266747
Zipcode[T.67446],-81078.38059491567
Zipcode[T.67455],-123351.58317456956
Zipcode[T.67458],-57631.158834175825
Zipcode[T.67464],-85978.82219652206
Zipcode[T.67468],-114141.74783059595
Zipcode[T.67505],-68717.15529939144
Zipcode[T.67514],-96539.64287294241
Zipcode[T.67525],-137075.6717668991
Zipcode[T.67526],-85139.73432139294
Zipcode[T.67543],-46754.093837687426
Zipcode[T.67548],1298.1952628942536
Zipcode[T.67550],-86820.321830186
Zipcode[T.67560],-115184.65998567555
Zipcode[T.67566],-145831.2324032564
Zipcode[T.67575],-52422.04211484928
Zipcode[T.67584],-139443.02156285473
Zipcode[T.67601],-29423.32019711501
Zipcode[T.67653],-118536.16810469968
Zipcode[T.67657],-14467.308617136605
Zipcode[T.67730],-103554.82222092694
Zipcode[T.67732],-75076.35650097099
Zipcode[T.67749],-122910.83714694274
Zipcode[T.67751],79586.68844330715
Zipcode[T.67752],-67673.23756878215
Zipcode[T.67753],-161700.39218158356
Zipcode[T.67757],-165809.22380577962
Zipcode[T.67761],-127064.58514516083
Zipcode[T.67801],-118799.50488788418
Zipcode[T.67839],-181042.43085996405
Zipcode[T.67864],-103662.17395622462
Zipcode[T.68018],-167046.19923940263
Zipcode[T.68019],-150157.4485882989
Zipcode[T.68023],-164328.3989215327
Zipcode[T.68029],-131085.37067569562
Zipcode[T.68030],92536.09387559292
Zipcode[T.68033],-154249.79843897457
Zipcode[T.68040],-167113.59799013624
Zipcode[T.68041],-118951.16028467735
Zipcode[T.68104],-142625.37909998346
Zipcode[T.68113],-177996.8948078096
Zipcode[T.68133],-112090.82460713033
Zipcode[T.68137],-72779.8826170336
Zipcode[T.68144],-74289.75489472825
Zipcode[T.68157],-86105.71856551446
Zipcode[T.68507],-8928.11778233336
Zipcode[T.68644],-32923.14216231337
Zipcode[T.68647],-14746.745394890782
Zipcode[T.68649],-8427.221993359624
Zipcode[T.68661],-51402.31187737212
Zipcode[T.68716],-39813.11440713843
Zipcode[T.68720],-30634.724837310954
Zipcode[T.68859],-56574.55974317073
Zipcode[T.68874],-46895.765081921905
Zipcode[T.68882],-27456.93104148375
Zipcode[T.69040],16563.303803870625
Zipcode[T.69043],42096.28595978672
Zipcode[T.69166],-27637.38430122635
Zipcode[T.69169],19920.28559310043
Zipcode[T.69170],-45100.37480744418
Zipcode[T.69210],-55349.06631355605
Zipcode[T.69360],-31248.479806683747
Zipcode[T.69361],81034.66334070114
Zipcode[T.70002],-22998.67580525519
Zipcode[T.70030],34265.49716783918
Zipcode[T.70040],-46867.93836672675
Zipcode[T.70047],26764.521001721954
Zipcode[T.70049],28950.756250692655
Zipcode[T.70051],-71522.28998586047
Zipcode[T.70056],-4751.289073673341
Zipcode[T.70057],-73638.32099178601
Zipcode[T.70062],57394.109104867
Zipcode[T.70068],-33630.8933661103
Zipcode[T.70072],65184.678001061155
Zipcode[T.70090],-64676.04293602732
Zipcode[T.70126],-7592.086641552065
Zipcode[T.70128],-41427.9295863201
Zipcode[T.70129],12001.289966633529
Zipcode[T.70131],-12141.95956794426
Zipcode[T.70341],-113539.46966742743
Zipcode[T.70345],-122799.62928702525
Zipcode[T.70356],-75761.35036838657
Zipcode[T.70359],-89506.53278302327
Zipcode[T.70360],-921.8168354439401
Zipcode[T.70364],-51472.96354605001
Zipcode[T.70377],-80920.85528250688
Zipcode[T.70390],-86521.10187600649
Zipcode[T.70392],-113226.97554196083
Zipcode[T.70395],-119355.06370491374
Zipcode[T.70397],-74615.28387108697
Zipcode[T.70403],-66306.3455087107
Zipcode[T.70420],-61255.445264145994
Zipcode[T.70427],-64987.38598116222
Zipcode[T.70433],-29630.906536095805
Zipcode[T.70435],-45868.08379360608
Zipcode[T.70442],-98500.29906954047
Zipcode[T.70446],721006.7237181803
Zipcode[T.70448],44252.774841894076
Zipcode[T.70450],-109569.6132177886
Zipcode[T.70452],4763.970659790384
Zipcode[T.70454],1276.4859042910111
Zipcode[T.70455],19907.78379897873
Zipcode[T.70471],-52888.81365417058
Zipcode[T.70503],-30764.232051468563
Zipcode[T.70507],-71636.7170917935
Zipcode[T.70508],-41448.8337921571
Zipcode[T.70510],908697.9078175885
Zipcode[T.70516],147267.9537809795
Zipcode[T.70518],-58332.38334001751
Zipcode[T.70525],-49929.97836978538
Zipcode[T.70532],-45876.807516764704
Zipcode[T.70533],-68349.50726192746
Zipcode[T.70535],-103304.28810234618
Zipcode[T.70538],-117370.83050019288
Zipcode[T.70555],-20047.01955902136
Zipcode[T.70570],-76756.40242503988
Zipcode[T.70586],-29273.118197244385
Zipcode[T.70592],-37341.61985504741
Zipcode[T.70631],-24441.27583148025
Zipcode[T.70632],-63691.77633249413
Zipcode[T.70638],-97952.11639374014
Zipcode[T.70647],-96963.8509383521
Zipcode[T.70648],-81615.4706690551
Zipcode[T.70657],-41073.414128692624
Zipcode[T.70658],-12420.878614284005
Zipcode[T.70706],-105853.30716959214
Zipcode[T.70772],211962.11003280783
Zipcode[T.70774],487165.81666917336
Zipcode[T.70791],142494.50065818173
Zipcode[T.70806],27780.172137419657
Zipcode[T.70807],-62321.97115874499
Zipcode[T.70808],175168.98691395755
Zipcode[T.70810],103532.14490375826
Zipcode[T.70811],-64781.34105339627
Zipcode[T.70815],105480.03667114094
Zipcode[T.70817],-58608.48496482155
Zipcode[T.70818],37911.37799864445
Zipcode[T.71001],-113912.63436609953
Zipcode[T.71003],-55961.451074408986
Zipcode[T.71004],-24447.258889180943
Zipcode[T.71008],-133196.93300764938
Zipcode[T.71016],-75767.46326318287
Zipcode[T.71018],-98337.23231228687
Zipcode[T.71027],137560.8714413084
Zipcode[T.71028],165524.609660001
Zipcode[T.71029],377637.64916332526
Zipcode[T.71032],28558.65923310404
Zipcode[T.71039],135159.15344971605
Zipcode[T.71043],158685.9940130081
Zipcode[T.71046],630173.8166589179
Zipcode[T.71047],195408.86553861765
Zipcode[T.71055],-67637.49323785696
Zipcode[T.71060],318149.2008163252
Zipcode[T.71067],-91655.94926518733
Zipcode[T.71068],292297.09630953043
Zipcode[T.71070],-124361.49304060213
Zipcode[T.71111],-31222.656338893743
Zipcode[T.71225],-98244.72237717669
Zipcode[T.71229],-72232.36424248622
Zipcode[T.71238],-6549.2977362733145
Zipcode[T.71243],-96215.42466517488
Zipcode[T.71256],-100715.21493880516
Zipcode[T.71260],-83850.36668104355
Zipcode[T.71261],-73994.5849241599
Zipcode[T.71275],-76786.7264391263
Zipcode[T.71276],-76663.1018015288
Zipcode[T.71277],-88535.03993213727
Zipcode[T.71280],-102439.99052896691
Zipcode[T.71282],-81034.30965406376
Zipcode[T.71286],-109880.53660197911
Zipcode[T.71295],-103799.53155836607
Zipcode[T.71301],-59792.94039503086
Zipcode[T.71323],-65947.37076426332
Zipcode[T.71343],-72595.56168540295
Zipcode[T.71358],-72820.45940023728
Zipcode[T.71403],-60899.959669347234
Zipcode[T.71418],-92942.58682339781
Zipcode[T.71439],-127944.04843434584
Zipcode[T.71469],-118076.11231991756
Zipcode[T.71479],-76090.95054041821
Zipcode[T.71638],-56290.928822467016
Zipcode[T.71675],-91596.18562199683
Zipcode[T.71701],-43827.517715200236
Zipcode[T.71730],28365.248558483152
Zipcode[T.71742],-34974.19360598877
Zipcode[T.71743],29588.015271850803
Zipcode[T.71749],-66772.9855078271
Zipcode[T.71751],-94757.01306155369
Zipcode[T.71765],-66806.9415784323
Zipcode[T.71822],-110403.82644846893
Zipcode[T.71833],-55010.16303332252
Zipcode[T.71834],36604.16502861372
Zipcode[T.71837],-29056.184130720154
Zipcode[T.71859],-123790.60705648416
Zipcode[T.71860],-157236.84812551865
Zipcode[T.71861],-102332.99415792382
Zipcode[T.71862],-148812.14874932254
Zipcode[T.71921],-131024.84752350306
Zipcode[T.71923],30373.26078175448
Zipcode[T.71949],-110980.20667239923
Zipcode[T.71956],-149830.60803857338
Zipcode[T.71957],-137002.08799406711
Zipcode[T.71973],-93089.83049360238
Zipcode[T.72004],-62838.90454084374
Zipcode[T.72022],-72090.98992025317
Zipcode[T.72023],-107711.73288745375
Zipcode[T.72024],-144819.24910845014
Zipcode[T.72027],-160448.3507567581
Zipcode[T.72029],-104745.05334485712
Zipcode[T.72042],-107435.89939769378
Zipcode[T.72044],-92688.57556946749
Zipcode[T.72045],-78810.57971478565
Zipcode[T.72046],-118661.39876660888
Zipcode[T.72047],-144922.9306038591
Zipcode[T.72051],-100471.30624999951
Zipcode[T.72057],-93924.84204444101
Zipcode[T.72064],-41798.19712304522
Zipcode[T.72065],-103356.51609544462
Zipcode[T.72067],-39585.26947405879
Zipcode[T.72068],-117063.86656032946
Zipcode[T.72069],-121888.00121802108
Zipcode[T.72070],-76451.33503724111
Zipcode[T.72072],-81453.65018757571
Zipcode[T.72079],-9829.498628558575
Zipcode[T.72080],-5364.54962619876
Zipcode[T.72081],-83921.98305349746
Zipcode[T.72084],-101786.49029562551
Zipcode[T.72101],-46273.5215300566
Zipcode[T.72102],-58192.76582308494
Zipcode[T.72103],-15466.019094850612
Zipcode[T.72104],-106574.42074262387
Zipcode[T.72110],-62291.85817507909
Zipcode[T.72112],-81242.53658546557
Zipcode[T.72113],-44703.878646283156
Zipcode[T.72126],-113848.90175651011
Zipcode[T.72127],-142764.34131776085
Zipcode[T.72128],-90319.47438547557
Zipcode[T.72131],-66741.00029614911
Zipcode[T.72140],-58400.880913519744
Zipcode[T.72142],-60662.78000342387
Zipcode[T.72152],-62702.53993727094
Zipcode[T.72153],-111736.37380616425
Zipcode[T.72157],-67242.90966068671
Zipcode[T.72173],-102952.53600745532
Zipcode[T.72181],-13119.998522409198
Zipcode[T.72205],-54442.11384530289
Zipcode[T.72210],-62962.75117554595
Zipcode[T.72211],85930.1800436219
Zipcode[T.72212],-92498.65134177648
Zipcode[T.72227],47894.07664045823
Zipcode[T.72327],-78700.15039021858
Zipcode[T.72331],-110246.76921978904
Zipcode[T.72335],-51463.2427712511
Zipcode[T.72347],-60705.59727835665
Zipcode[T.72348],-32638.89195567584
Zipcode[T.72350],-4711.906804159453
Zipcode[T.72354],15381.451771686134
Zipcode[T.72358],-65913.5958221898
Zipcode[T.72364],4856.902835387167
Zipcode[T.72365],68580.727525709
Zipcode[T.72366],64899.01763227932
Zipcode[T.72368],-77531.8752056483
Zipcode[T.72372],-107537.66128619085
Zipcode[T.72373],-43769.74881965297
Zipcode[T.72374],476440.6655426563
Zipcode[T.72392],-48079.69883815337
Zipcode[T.72394],15504.946186510955
Zipcode[T.72395],-28465.69253140816
Zipcode[T.72396],135914.680956475
Zipcode[T.72429],-14598.392814912831
Zipcode[T.72430],-102028.47336698484
Zipcode[T.72432],166110.3728089121
Zipcode[T.72433],-37440.72642624609
Zipcode[T.72436],273506.7918829936
Zipcode[T.72437],164344.3030000734
Zipcode[T.72438],-5755.250052159553
Zipcode[T.72442],1555176.4688433765
Zipcode[T.72443],656095.4647012259
Zipcode[T.72444],340723.5436469806
Zipcode[T.72447],8143.774146567661
Zipcode[T.72450],-66829.71408397047
Zipcode[T.72459],492420.10104999406
Zipcode[T.72460],-18393.385421912382
Zipcode[T.72461],250001.61662173623
Zipcode[T.72469],38249.321744981324
Zipcode[T.72471],-91415.42113656721
Zipcode[T.72472],-62472.46800711965
Zipcode[T.72473],-45632.324728423984
Zipcode[T.72476],21286.39226641187
Zipcode[T.72478],122609.53590199318
Zipcode[T.72479],-40420.703475336224
Zipcode[T.72482],299518.48266399774
Zipcode[T.72523],107973.20895378708
Zipcode[T.72524],122843.34443812772
Zipcode[T.72527],214277.1548305742
Zipcode[T.72530],-99139.68355053558
Zipcode[T.72531],-54184.25654113864
Zipcode[T.72536],26149.617081895703
Zipcode[T.72542],-4746.411553515592
Zipcode[T.72543],42338.47011482515
Zipcode[T.72544],50266.27210693656
Zipcode[T.72550],124998.29884272612
Zipcode[T.72568],-68760.1082492451
Zipcode[T.72576],-68260.73182196722
Zipcode[T.72579],64579.6451781135
Zipcode[T.72581],57382.203159017125
Zipcode[T.72611],15780.389609280892
Zipcode[T.72616],17974.34748087747
Zipcode[T.72619],-94118.02231175538
Zipcode[T.72626],43520.8438921522
Zipcode[T.72628],79492.75024524951
Zipcode[T.72629],6128.083302292004
Zipcode[T.72635],56021.38402564493
Zipcode[T.72639],506450.31620552094
Zipcode[T.72641],91719.68879296072
Zipcode[T.72642],105458.38040353265
Zipcode[T.72644],-126318.55592874598
Zipcode[T.72645],345261.85286999174
Zipcode[T.72653],-20405.872441560132
Zipcode[T.72661],-51127.18567262181
Zipcode[T.72682],-64081.06475764033
Zipcode[T.72685],-51731.97828704328
Zipcode[T.72703],7649.0909546305675
Zipcode[T.72712],7757.495711788238
Zipcode[T.72714],-38476.91832701079
Zipcode[T.72715],-87536.57656004383
Zipcode[T.72718],-85893.16257654352
Zipcode[T.72719],-91347.0384815433
Zipcode[T.72721],-9172.103107912346
Zipcode[T.72722],-140318.3804692785
Zipcode[T.72727],-48429.034538655884
Zipcode[T.72730],116424.05233578867
Zipcode[T.72734],-90403.93137376699
Zipcode[T.72736],-98505.79603169163
Zipcode[T.72764],-25430.259154727235
Zipcode[T.72768],-110497.7095638637
Zipcode[T.72773],-91807.13119228877
Zipcode[T.72774],-139318.3237100324
Zipcode[T.72801],-57408.22968533105
Zipcode[T.72802],12983.454378508479
Zipcode[T.72821],-111713.81515493359
Zipcode[T.72824],100668.00505494667
Zipcode[T.72830],-136454.2345744728
Zipcode[T.72833],-85457.11645419388
Zipcode[T.72834],-80650.31745347293
Zipcode[T.72835],-81133.73258391743
Zipcode[T.72837],-153386.07307289442
Zipcode[T.72840],-142546.54231751477
Zipcode[T.72843],-134011.9998387889
Zipcode[T.72852],-145214.52863273947
Zipcode[T.72854],-101854.22499028637
Zipcode[T.72860],-120268.06103920247
Zipcode[T.72863],-138925.80158676166
Zipcode[T.72901],97569.47448431082
Zipcode[T.72916],627263.199017189
Zipcode[T.72923],-123136.28851785693
Zipcode[T.72927],178891.84807520692
Zipcode[T.72933],-118596.14802170778
Zipcode[T.72934],-22847.78786597068
Zipcode[T.72936],-15790.342984034372
Zipcode[T.72937],59765.61052533632
Zipcode[T.72938],389662.297644412
Zipcode[T.72943],-93887.62520633511
Zipcode[T.72947],-53152.43168401625
Zipcode[T.72948],-57694.5313873481
Zipcode[T.72949],-61844.256103130174
Zipcode[T.72951],-80658.81714485667
Zipcode[T.73002],103797.58320351409
Zipcode[T.73004],187032.59622439466
Zipcode[T.73005],13978.817354970872
Zipcode[T.73006],92613.36779534387
Zipcode[T.73008],-25889.139068995773
Zipcode[T.73009],-16563.215763132062
Zipcode[T.73011],-7584.672587197059
Zipcode[T.73013],339298.54935933463
Zipcode[T.73014],54147.75833154388
Zipcode[T.73021],-118835.20975920906
Zipcode[T.73026],140005.17825709525
Zipcode[T.73029],-101701.97023381937
Zipcode[T.73036],81298.95996383103
Zipcode[T.73038],325730.08560316253
Zipcode[T.73044],-2984.3354604111055
Zipcode[T.73045],-24001.266070258185
Zipcode[T.73047],563698.6700532035
Zipcode[T.73048],158374.29549407313
Zipcode[T.73051],-56502.14035420541
Zipcode[T.73052],12693.288932399866
Zipcode[T.73053],-111521.07425693501
Zipcode[T.73054],-48381.54288628353
Zipcode[T.73055],375962.7350125701
Zipcode[T.73056],-94320.71890625726
Zipcode[T.73057],106361.10195614256
Zipcode[T.73059],113647.9227222141
Zipcode[T.73061],460800.52097651066
Zipcode[T.73062],-1509.7360359686693
Zipcode[T.73068],-127842.95469688022
Zipcode[T.73075],54263.91178323581
Zipcode[T.73084],-78271.40767344773
Zipcode[T.73086],-64957.73021413571
Zipcode[T.73089],-53930.28997977676
Zipcode[T.73098],-79895.18726826955
Zipcode[T.73116],-107427.07102651197
Zipcode[T.73117],-75438.42141944794
Zipcode[T.73118],-104021.56406633821
Zipcode[T.73120],-1109.2725226035132
Zipcode[T.73121],-152928.74952470724
Zipcode[T.73122],-73073.53303978383
Zipcode[T.73128],-88202.4278182572
Zipcode[T.73130],-20411.317868659517
Zipcode[T.73132],-74761.8302314202
Zipcode[T.73142],-97315.53962881252
Zipcode[T.73145],-93643.24952733722
Zipcode[T.73149],-87676.01436429886
Zipcode[T.73151],-36170.612547976445
Zipcode[T.73162],-91481.27547034922
Zipcode[T.73169],11556.181651628436
Zipcode[T.73173],55953.52795503493
Zipcode[T.73179],-23997.050147831364
Zipcode[T.73448],-275428.3129032799
Zipcode[T.73449],-232631.09368449353
Zipcode[T.73450],-110098.60980808965
Zipcode[T.73456],-268086.0401035915
Zipcode[T.73461],-246005.46450866343
Zipcode[T.73463],-247534.3393618761
Zipcode[T.73644],-247567.83997162015
Zipcode[T.73650],-291508.63462212944
Zipcode[T.73720],-266414.8556242152
Zipcode[T.73749],-320868.03271076304
Zipcode[T.73750],-241881.63122678487
Zipcode[T.73760],-292340.5147990564
Zipcode[T.73843],-257226.84533985207
Zipcode[T.73931],-247265.63360915333
Zipcode[T.73933],-199417.0475293674
Zipcode[T.73938],-90668.94209562331
Zipcode[T.73944],-274162.4882383755
Zipcode[T.73945],-261759.86519519304
Zipcode[T.73947],-264985.3403997322
Zipcode[T.73950],-248656.75183287918
Zipcode[T.74002],-252964.85691996664
Zipcode[T.74003],-213769.1017948312
Zipcode[T.74055],-197068.8681338642
Zipcode[T.74056],-176316.71379665972
Zipcode[T.74075],-216632.15941800445
Zipcode[T.74081],-230914.612197373
Zipcode[T.74083],-237512.85528349187
Zipcode[T.74084],-191321.02061532284
Zipcode[T.74107],28696.711713730336
Zipcode[T.74108],-10468.578812718019
Zipcode[T.74112],25771.797191630794
Zipcode[T.74115],31029.990439665784
Zipcode[T.74119],-21162.710196220218
Zipcode[T.74120],4248.8281296669065
Zipcode[T.74126],-4886.675839829685
Zipcode[T.74127],51282.571266371735
Zipcode[T.74131],40578.062930311746
Zipcode[T.74134],-8936.24722868583
Zipcode[T.74135],33903.117190628735
Zipcode[T.74136],37280.618540149204
Zipcode[T.74145],187668.64958221075
Zipcode[T.74339],-39400.74883343504
Zipcode[T.74342],4263.632872796705
Zipcode[T.74343],-25114.435333400234
Zipcode[T.74344],70556.18471089285
Zipcode[T.74346],111218.52022143189
Zipcode[T.74366],-44776.82458791625
Zipcode[T.74369],-58982.379878623615
Zipcode[T.74403],-8833.396408711971
Zipcode[T.74425],-16443.211820589342
Zipcode[T.74427],-20820.80063518932
Zipcode[T.74428],8765.093032954646
Zipcode[T.74437],-9163.189519581007
Zipcode[T.74442],-57441.88557981954
Zipcode[T.74455],-38330.223917902855
Zipcode[T.74464],13461.597847946885
Zipcode[T.74467],28940.666783676603
Zipcode[T.74470],-39516.494566751586
Zipcode[T.74471],-41969.226191447364
Zipcode[T.74523],25022.753253976138
Zipcode[T.74531],-26300.51894047818
Zipcode[T.74553],-4010.240230751152
Zipcode[T.74555],3868.249255664272
Zipcode[T.74558],-17752.292616221956
Zipcode[T.74561],2487.269186658024
Zipcode[T.74569],137675.8686686073
Zipcode[T.74646],-66121.3434028814
Zipcode[T.74647],-52932.25709721155
Zipcode[T.74650],-56650.3231494702
Zipcode[T.74653],-13545.451567652986
Zipcode[T.74726],-28161.230861401473
Zipcode[T.74729],-42319.9039962719
Zipcode[T.74730],-32604.47344242338
Zipcode[T.74731],-37319.02602899588
Zipcode[T.74734],-55304.39821110843
Zipcode[T.74735],-37693.60357388211
Zipcode[T.74736],-52372.221858828925
Zipcode[T.74740],-46489.20591533129
Zipcode[T.74743],-43670.12333745399
Zipcode[T.74820],41519.08671499801
Zipcode[T.74825],-26353.355319539594
Zipcode[T.74829],-13985.327354340776
Zipcode[T.74832],-34608.41144429122
Zipcode[T.74834],-26536.767817947675
Zipcode[T.74848],1793.06554556759
Zipcode[T.74855],10779.755881971987
Zipcode[T.74859],-5834.190151183082
Zipcode[T.74901],-80423.05624218864
Zipcode[T.74940],15508.615596632446
Zipcode[T.74948],-830.822751164944
Zipcode[T.75009],-35180.29463310386
Zipcode[T.75022],-59668.37897249423
Zipcode[T.75032],-25031.348711725746
Zipcode[T.75038],7797.596338488758
Zipcode[T.75042],-39490.70561715618
Zipcode[T.75116],-13424.477460792836
Zipcode[T.75201],-9462.903436998464
Zipcode[T.75204],22293.101013356274
Zipcode[T.75210],-71701.90541914542
Zipcode[T.75215],4500.879817808222
Zipcode[T.75219],61152.53413944425
Zipcode[T.75229],-12709.44313359716
Zipcode[T.75401],331.60685600861797
Zipcode[T.75436],-97749.47690159701
Zipcode[T.75468],-25420.48204414955
Zipcode[T.75477],96570.53320592457
Zipcode[T.75486],57028.079681764146
Zipcode[T.75495],1769.7374013243502
Zipcode[T.75558],-31353.53607608158
Zipcode[T.75559],62357.77012209066
Zipcode[T.75561],69840.25442369902
Zipcode[T.75566],-86393.62162770955
Zipcode[T.75567],-45363.78017915613
Zipcode[T.75568],-33599.98594050928
Zipcode[T.75569],-71764.91268007338
Zipcode[T.75570],-33454.594637730916
Zipcode[T.75571],-39794.916951952604
Zipcode[T.75572],-27634.073188985123
Zipcode[T.75574],4386.985354810994
Zipcode[T.75603],-37328.72405528312
Zipcode[T.75630],10578.15032888012
Zipcode[T.75651],-37594.46416982737
Zipcode[T.75667],-22746.454887183914
Zipcode[T.75668],-10240.514735647872
Zipcode[T.75681],-58083.05831753849
Zipcode[T.75691],-28089.807332928307
Zipcode[T.75705],108384.53746960829
Zipcode[T.75706],4332.973915493241
Zipcode[T.75707],-5065.762748347629
Zipcode[T.75708],-43658.165129050605
Zipcode[T.75755],-16056.329665657358
Zipcode[T.75862],24026.09412810664
Zipcode[T.75901],1097.1341012580838
Zipcode[T.75904],-16497.289699119938
Zipcode[T.75931],-44350.93161742469
Zipcode[T.76180],17895.60021146896
Zipcode[T.76228],-19305.196807270975
Zipcode[T.76233],24771.08872619674
Zipcode[T.76234],23908.908801794172
Zipcode[T.76270],5108.488615988859
Zipcode[T.76302],-16407.874459692757
Zipcode[T.76457],-23517.627713265247
Zipcode[T.76462],21404.14336384378
Zipcode[T.76463],89430.83941339438
Zipcode[T.76464],140657.28251279148
Zipcode[T.76471],31577.365966368878
Zipcode[T.76484],-43470.21089236422
Zipcode[T.76486],-2524.0956721910898
Zipcode[T.76501],-1545.357943767461
Zipcode[T.76504],-17336.22902740619
Zipcode[T.76511],25677.24948904184
Zipcode[T.76520],-19213.656739036236
Zipcode[T.76522],47748.461239305514
Zipcode[T.76524],-41905.83611954159
Zipcode[T.76528],40201.982289128006
Zipcode[T.76531],28093.402655266145
Zipcode[T.76534],-10670.055885115446
Zipcode[T.76539],-26955.861323630663
Zipcode[T.76542],31565.231553900452
Zipcode[T.76544],-16787.95834905414
Zipcode[T.76548],-32624.741136365126
Zipcode[T.76549],41848.868099426385
Zipcode[T.76550],45601.68497917531
Zipcode[T.76557],-10496.858617690308
Zipcode[T.76571],13690.24808511974
Zipcode[T.76577],30969.026054695358
Zipcode[T.76621],-44271.6239484831
Zipcode[T.76626],-53655.3568853949
Zipcode[T.76632],-10236.528636593379
Zipcode[T.76637],-69890.97069734363
Zipcode[T.76639],-29191.76449453061
Zipcode[T.76643],-29818.38247145704
Zipcode[T.76648],-41053.25574860262
Zipcode[T.76657],-21198.020020397333
Zipcode[T.76661],-4122.566247980633
Zipcode[T.76667],-13012.765652966833
Zipcode[T.76670],-35038.68563186945
Zipcode[T.76671],-56793.61524586942
Zipcode[T.76682],35162.29342738915
Zipcode[T.76689],-29709.1585824985
Zipcode[T.76690],-22760.969986123666
Zipcode[T.76692],-5590.495676163625
Zipcode[T.76704],-28130.526564067302
Zipcode[T.76706],854.6625705594694
Zipcode[T.76802],-43653.19161303825
Zipcode[T.76837],-75783.30537930146
Zipcode[T.76844],-80328.82318197406
Zipcode[T.76861],-68529.58530423079
Zipcode[T.76866],-25206.162354050237
Zipcode[T.76890],-92874.07485382214
Zipcode[T.76936],-6425.568570410454
Zipcode[T.76941],85851.58299667774
Zipcode[T.76943],-24088.692658494314
Zipcode[T.76945],157528.90738873
Zipcode[T.76950],-76122.32985584364
Zipcode[T.76957],-59201.31153235875
Zipcode[T.77002],-78766.22664693258
Zipcode[T.77003],-76629.32633796033
Zipcode[T.77004],-41605.91822447166
Zipcode[T.77005],-95234.01884750208
Zipcode[T.77006],11624.23630717173
Zipcode[T.77007],74086.17406794167
Zipcode[T.77009],-30244.311299940284
Zipcode[T.77010],-93962.92607063959
Zipcode[T.77011],-64263.05807069562
Zipcode[T.77012],-76116.69766067887
Zipcode[T.77013],-81494.58741288188
Zipcode[T.77016],82157.01008285595
Zipcode[T.77017],-38556.16218320619
Zipcode[T.77018],14853.992620994693
Zipcode[T.77019],-41534.51402742187
Zipcode[T.77020],-56108.966799057314
Zipcode[T.77021],-17243.432556735657
Zipcode[T.77022],74752.4776985254
Zipcode[T.77023],-42091.73542463055
Zipcode[T.77024],-285.3049609479225
Zipcode[T.77025],-34657.07562775136
Zipcode[T.77026],2133.114412287111
Zipcode[T.77027],-65824.6657487317
Zipcode[T.77028],-68916.20604119026
Zipcode[T.77029],-36483.81914975421
Zipcode[T.77030],-10678.795353271658
Zipcode[T.77031],33790.01175953842
Zipcode[T.77032],-64336.44373274865
Zipcode[T.77033],67261.2160750378
Zipcode[T.77034],-21243.313757087773
Zipcode[T.77035],-40806.982670278296
Zipcode[T.77036],83180.59228282004
Zipcode[T.77037],-73445.82735899325
Zipcode[T.77038],18786.347943387544
Zipcode[T.77039],93318.5668475434
Zipcode[T.77040],86818.68830928461
Zipcode[T.77041],114306.172294375
Zipcode[T.77042],29736.774151749316
Zipcode[T.77043],63429.03649874544
Zipcode[T.77044],-51230.13121006643
Zipcode[T.77045],111890.21473194803
Zipcode[T.77046],-40228.317967004135
Zipcode[T.77047],97954.47359705565
Zipcode[T.77048],49069.952208253715
Zipcode[T.77063],60442.59516849275
Zipcode[T.77064],113019.33555215689
Zipcode[T.77065],-9141.348161367665
Zipcode[T.77068],18664.77571076225
Zipcode[T.77070],25496.54158536482
Zipcode[T.77071],14780.140107108613
Zipcode[T.77073],-26415.804059194015
Zipcode[T.77075],-218.8505646131184
Zipcode[T.77076],13831.938213073367
Zipcode[T.77077],70434.265650855
Zipcode[T.77078],602.0984503434875
Zipcode[T.77080],111421.96253454113
Zipcode[T.77081],46593.33232087879
Zipcode[T.77083],191367.49650461692
Zipcode[T.77085],-11115.141370453099
Zipcode[T.77086],2957.4651282294317
Zipcode[T.77089],-27101.26503511156
Zipcode[T.77091],39833.86808527591
Zipcode[T.77092],5943.416754063655
Zipcode[T.77093],5281.601892894456
Zipcode[T.77094],36116.66027513991
Zipcode[T.77096],19118.21018560232
Zipcode[T.77098],75489.1366929759
Zipcode[T.77331],-11185.042204486559
Zipcode[T.77335],-58239.51095638392
Zipcode[T.77336],-63238.225180533984
Zipcode[T.77338],9398.025197878082
Zipcode[T.77345],-49476.85258256388
Zipcode[T.77351],-17044.18556617932
Zipcode[T.77355],5756.501917830356
Zipcode[T.77362],-65204.74137838258
Zipcode[T.77377],-38303.684960242004
Zipcode[T.77378],-51013.71268220558
Zipcode[T.77379],34283.814737945344
Zipcode[T.77381],-43745.23204799296
Zipcode[T.77382],-62682.58735198562
Zipcode[T.77389],-47039.54524914903
Zipcode[T.77396],56379.12501643472
Zipcode[T.77414],109121.90689150179
Zipcode[T.77418],-27294.320172439813
Zipcode[T.77422],65096.54793805136
Zipcode[T.77423],26868.900425201355
Zipcode[T.77430],-27328.217584893533
Zipcode[T.77433],33404.41342127584
Zipcode[T.77434],45697.18459795515
Zipcode[T.77441],-10505.41213030773
Zipcode[T.77455],-29417.8588986924
Zipcode[T.77471],52671.7822265027
Zipcode[T.77480],-9499.438892311799
Zipcode[T.77486],-57110.13707560779
Zipcode[T.77489],266535.8630985521
Zipcode[T.77502],-40298.102028325484
Zipcode[T.77503],-32786.12885353579
Zipcode[T.77504],-8401.46568641366
Zipcode[T.77506],-38910.474664503876
Zipcode[T.77510],-40335.857237246164
Zipcode[T.77514],-72191.67040718145
Zipcode[T.77515],-22320.112362965025
Zipcode[T.77517],71975.10776655862
Zipcode[T.77518],-47753.512582317715
Zipcode[T.77521],28198.749558142597
Zipcode[T.77523],-70208.69893427586
Zipcode[T.77530],-44676.79587573369
Zipcode[T.77531],-24258.72752980877
Zipcode[T.77532],66178.31849507982
Zipcode[T.77534],125909.10835059939
Zipcode[T.77535],72680.17236600426
Zipcode[T.77536],28566.035057078676
Zipcode[T.77538],31385.523357310805
Zipcode[T.77539],32392.525048766234
Zipcode[T.77546],58857.158921436254
Zipcode[T.77565],-1551.0581892385155
Zipcode[T.77566],-22151.339441160897
Zipcode[T.77571],-11390.908612736683
Zipcode[T.77575],9837.695081857895
Zipcode[T.77577],-7061.387526987937
Zipcode[T.77584],-262.1143045601873
Zipcode[T.77585],-35916.63262694416
Zipcode[T.77587],-17055.3474517955
Zipcode[T.77598],5598.987287870374
Zipcode[T.77616],-66586.48884951048
Zipcode[T.77622],-9061.835399070816
Zipcode[T.77625],-27632.936547931768
Zipcode[T.77630],4799.203910711614
Zipcode[T.77632],-3664.3384464050046
Zipcode[T.77651],-5938.4052657320835
Zipcode[T.77655],-58101.26168039527
Zipcode[T.77656],-12727.466632944845
Zipcode[T.77660],-11595.538482550877
Zipcode[T.77664],-42075.975665788916
Zipcode[T.77665],-59690.74343640045
Zipcode[T.77705],-43028.47225519553
Zipcode[T.77830],-40718.948474912955
Zipcode[T.77833],5976.102208689858
Zipcode[T.77840],35271.36496578265
Zipcode[T.77864],-41034.39560375727
Zipcode[T.77871],-749.3841277155042
Zipcode[T.77974],-40246.250434254696
Zipcode[T.77983],-26663.006342624234
Zipcode[T.77984],3906.247191550807
Zipcode[T.77990],-47155.2434223187
Zipcode[T.78002],45937.19926859465
Zipcode[T.78003],24694.91471391398
Zipcode[T.78005],-37805.42273082796
Zipcode[T.78006],70924.75844484736
Zipcode[T.78010],-38936.397975184744
Zipcode[T.78015],18067.62917605519
Zipcode[T.78016],-20273.840057300913
Zipcode[T.78046],-29313.52234504256
Zipcode[T.78114],26949.783210568068
Zipcode[T.78148],17037.827087718462
Zipcode[T.78151],-47582.01990663491
Zipcode[T.78154],27858.077952922642
Zipcode[T.78159],-17075.802508303892
Zipcode[T.78161],-1376.4173139408224
Zipcode[T.78201],35192.78293437873
Zipcode[T.78202],-47509.88633626342
Zipcode[T.78204],-26032.18769566443
Zipcode[T.78213],42623.39020822104
Zipcode[T.78217],29212.17679682154
Zipcode[T.78219],12803.72261496991
Zipcode[T.78222],6583.622226398992
Zipcode[T.78223],34669.03820257553
Zipcode[T.78226],-30720.485389611273
Zipcode[T.78227],-5686.414711383571
Zipcode[T.78228],49061.718516615576
Zipcode[T.78229],41341.380004644874
Zipcode[T.78233],37970.06113806539
Zipcode[T.78237],20087.769967188167
Zipcode[T.78239],26218.502818193592
Zipcode[T.78240],106371.19083061429
Zipcode[T.78242],-4087.061168102643
Zipcode[T.78244],-23155.902516560644
Zipcode[T.78245],32143.56477788847
Zipcode[T.78249],92416.18967448866
Zipcode[T.78250],46707.621028080204
Zipcode[T.78253],-7525.3535705855775
Zipcode[T.78257],-20325.8423322246
Zipcode[T.78258],-2025.126329412075
Zipcode[T.78260],-23778.193778704273
Zipcode[T.78261],-11471.476229321454
Zipcode[T.78344],-53927.989410617694
Zipcode[T.78353],-56861.97547384306
Zipcode[T.78355],-37952.096148665085
Zipcode[T.78363],-27350.106020443403
Zipcode[T.78375],-64814.47178331786
Zipcode[T.78377],-41325.60620710777
Zipcode[T.78391],-60146.490172740676
Zipcode[T.78393],-41327.79164608951
Zipcode[T.78405],-18871.09194679221
Zipcode[T.78409],36926.85958736827
Zipcode[T.78412],82575.25626610123
Zipcode[T.78415],18889.64269010459
Zipcode[T.78501],2567.758209200801
Zipcode[T.78520],-29641.3099492307
Zipcode[T.78536],-29031.001784761727
Zipcode[T.78560],-61364.851263559634
Zipcode[T.78574],-53643.397967096265
Zipcode[T.78575],-52116.39678472748
Zipcode[T.78576],-30835.455056905357
Zipcode[T.78583],-26851.02949889141
Zipcode[T.78584],63054.039412255675
Zipcode[T.78586],-3755.368850544098
Zipcode[T.78591],22868.688746650172
Zipcode[T.78593],-49138.13372267653
Zipcode[T.78597],-14300.100980674248
Zipcode[T.78611],-35375.126990604476
Zipcode[T.78612],16633.573707039643
Zipcode[T.78623],-38180.952149119315
Zipcode[T.78624],6780.704781547679
Zipcode[T.78629],29570.50025241864
Zipcode[T.78634],-33069.0524336157
Zipcode[T.78636],-36550.22837437056
Zipcode[T.78639],-46182.70395502337
Zipcode[T.78642],11991.998308042994
Zipcode[T.78655],-36758.45241104557
Zipcode[T.78656],-23067.20541488919
Zipcode[T.78669],-37553.32828450172
Zipcode[T.78671],-64031.678356817996
Zipcode[T.78701],-948.0414549532169
Zipcode[T.78702],22867.90519199606
Zipcode[T.78704],165577.69820516804
Zipcode[T.78705],14527.160663195027
Zipcode[T.78730],-35913.698671508464
Zipcode[T.78731],4564.572092971721
Zipcode[T.78734],16829.45941042852
Zipcode[T.78741],130995.61595824806
Zipcode[T.78840],-747.6334908646008
Zipcode[T.78870],-41785.76251148213
Zipcode[T.78873],-50144.29194058067
Zipcode[T.78931],-20725.132883127862
Zipcode[T.78932],37768.02360876999
Zipcode[T.78933],25102.6194640552
Zipcode[T.78935],-31537.124053328243
Zipcode[T.78938],13850.22408672957
Zipcode[T.78940],38841.1531704122
Zipcode[T.78942],-55167.68554703532
Zipcode[T.78945],99339.88565325076
Zipcode[T.78946],119562.22161395752
Zipcode[T.78947],-41965.714306801
Zipcode[T.78948],-5029.193896261439
Zipcode[T.78949],14629.752289432296
Zipcode[T.78954],-39812.82890139616
Zipcode[T.78956],-29130.087666319385
Zipcode[T.78957],36671.60762985358
Zipcode[T.78959],74088.96346535704
Zipcode[T.78962],-80464.47679774417
Zipcode[T.79001],-34812.245671234225
Zipcode[T.79009],-9269.603751261067
Zipcode[T.79012],-6695.251371988904
Zipcode[T.79013],-16230.383177935713
Zipcode[T.79022],-14387.038567904116
Zipcode[T.79024],-41534.648933562785
Zipcode[T.79027],49761.3746371532
Zipcode[T.79029],114412.50058597745
Zipcode[T.79031],33627.31298875923
Zipcode[T.79036],83436.89562762956
Zipcode[T.79041],-13816.461807010603
Zipcode[T.79092],-50198.729446817364
Zipcode[T.79118],89445.23549290243
Zipcode[T.79121],21223.951123389445
Zipcode[T.79124],11474.270991009567
Zipcode[T.79225],-42384.9168371796
Zipcode[T.79226],-32777.90708724561
Zipcode[T.79227],47125.465358681926
Zipcode[T.79311],-61927.28367732901
Zipcode[T.79342],-52464.41419314577
Zipcode[T.79357],-59124.46995304222
Zipcode[T.79410],16540.724813311197
Zipcode[T.79411],-5773.831931237267
Zipcode[T.79416],84180.15290094112
Zipcode[T.79424],12383.378426680281
Zipcode[T.79504],-63348.611764148656
Zipcode[T.79508],-50573.68951557018
Zipcode[T.79510],-51506.27426981361
Zipcode[T.79521],-53990.58945228271
Zipcode[T.79525],-9902.135387029644
Zipcode[T.79536],-26258.921486398274
Zipcode[T.79538],-78724.35414032068
Zipcode[T.79544],-75973.01682222981
Zipcode[T.79546],-44295.789892388355
Zipcode[T.79563],-49627.31786470278
Zipcode[T.79567],-25468.743161914495
Zipcode[T.79606],114593.08718861606
Zipcode[T.79607],-36365.82279309478
Zipcode[T.79706],-49949.08170346408
Zipcode[T.79707],59614.12011248533
Zipcode[T.79714],-11200.437013965593
Zipcode[T.79720],24792.06421129594
Zipcode[T.79734],3730.8851260335196
Zipcode[T.79735],8450.370523865464
Zipcode[T.79741],-312.66790516846737
Zipcode[T.79745],-9218.414835028514
Zipcode[T.79752],-46038.39337052852
Zipcode[T.79758],-43039.74596679847
Zipcode[T.79763],-29048.04455525813
Zipcode[T.79765],83605.34933383542
Zipcode[T.79772],56198.202803969165
Zipcode[T.79782],-4580.630103383364
Zipcode[T.79835],-65049.64448839709
Zipcode[T.79843],-26655.78540443519
Zipcode[T.80104],4566.507361729234
Zipcode[T.80130],-1511.63550557893
Zipcode[T.80207],-10307.39831488635
Zipcode[T.80209],17406.96058678966
Zipcode[T.80220],-5065.3757500618085
Zipcode[T.80224],76243.55662354646
Zipcode[T.80234],11910.165920866812
Zipcode[T.80260],27414.63492128517
Zipcode[T.80452],-66641.32996559655
Zipcode[T.80504],12585.06397518281
Zipcode[T.80534],-89497.59909481058
Zipcode[T.80537],5679.069086165144
Zipcode[T.80805],-41468.80103090182
Zipcode[T.80810],-29489.636250864427
Zipcode[T.80830],-36660.86304785722
Zipcode[T.80906],44466.15964932528
Zipcode[T.80910],55909.269570002296
Zipcode[T.80911],94199.56177205882
Zipcode[T.81041],-88888.37250284599
Zipcode[T.81054],-59672.63333507433
Zipcode[T.81071],-73970.35155380421
Zipcode[T.81125],-64184.88140022195
Zipcode[T.81132],-27085.88793264055
Zipcode[T.81140],-1883.2118090232623
Zipcode[T.81143],-3696.5439523675063
Zipcode[T.81144],-38414.24487173077
Zipcode[T.81147],102045.06065278316
Zipcode[T.81149],-11824.547835357349
Zipcode[T.81151],20376.063633709702
Zipcode[T.81154],36812.56428955976
Zipcode[T.81201],-14762.672024017364
Zipcode[T.81210],-27316.585080088647
Zipcode[T.81223],-29147.874997852075
Zipcode[T.81224],-13990.337967448926
Zipcode[T.81230],155096.35395659323
Zipcode[T.81233],-27807.81363020756
Zipcode[T.81240],-37619.76924827952
Zipcode[T.81301],31752.856148079147
Zipcode[T.81303],-46513.35982745958
Zipcode[T.81324],-27729.177828000506
Zipcode[T.81326],-67718.06625640042
Zipcode[T.81327],-57820.86341371882
Zipcode[T.81328],4162.545582272119
Zipcode[T.81403],-18531.910463717843
Zipcode[T.81413],-6493.168770355107
Zipcode[T.81524],-24274.376835941555
Zipcode[T.81601],58522.25752914171
Zipcode[T.81611],-14953.481740663507
Zipcode[T.81621],-43557.29399888936
Zipcode[T.81650],-52381.500614391385
Zipcode[T.81652],-59867.75057835496
Zipcode[T.82001],29790.4084093385
Zipcode[T.82053],24836.449098505105
Zipcode[T.82054],-27096.942367900076
Zipcode[T.82072],-14316.4211871739
Zipcode[T.82082],-33120.61538032856
Zipcode[T.82083],-44259.17764495077
Zipcode[T.82201],-31003.904789433942
Zipcode[T.82210],101291.94651594777
Zipcode[T.82213],-33718.46152478085
Zipcode[T.82223],66389.41450308167
Zipcode[T.82225],54465.0178663015
Zipcode[T.82401],-51841.76570846028
Zipcode[T.82513],-70535.81369945397
Zipcode[T.82516],11896.315054732584
Zipcode[T.82601],42845.20246202775
Zipcode[T.82923],-52246.09054025209
Zipcode[T.82925],-52893.79020334748
Zipcode[T.82933],-67812.91187837867
Zipcode[T.83401],-33240.57483410135
Zipcode[T.83402],-81867.22971310967
Zipcode[T.84306],1088313.74160711
Zipcode[T.84307],273775.499135891
Zipcode[T.84309],2602.3035512521274
Zipcode[T.84310],203949.89998978708
Zipcode[T.84311],200568.0959567648
Zipcode[T.84314],-18338.02553857235
Zipcode[T.84315],80570.03543953302
Zipcode[T.84317],93812.41099724387
Zipcode[T.84318],18048.189756871267
Zipcode[T.84319],127037.66804683731
Zipcode[T.84320],316522.6861634005
Zipcode[T.84321],-55543.59426767746
Zipcode[T.84324],185092.3046970601
Zipcode[T.84325],267833.6366631628
Zipcode[T.84332],79228.63146372877
Zipcode[T.84333],69953.01330492138
Zipcode[T.84338],53542.93288545406
Zipcode[T.84339],34530.63464873496
Zipcode[T.84340],-78995.96703345278
Zipcode[T.84403],-21753.068457678914
Zipcode[T.84404],59695.151699034985
Zipcode[T.84405],-13571.172887030429
Zipcode[T.84511],-98731.54538159037
Zipcode[T.84520],-90333.58584390169
Zipcode[T.84526],-90126.7198405669
Zipcode[T.84532],-49785.07591594794
Zipcode[T.84533],-29223.7856519587
Zipcode[T.84535],84511.96355724552
Zipcode[T.84624],340653.24490063114
Zipcode[T.84627],138527.74899571817
Zipcode[T.84629],-89620.08557480486
Zipcode[T.84631],62054.09984420646
Zipcode[T.84642],-61328.33440114254
Zipcode[T.84645],142809.97169280614
Zipcode[T.84647],-42867.65647511408
Zipcode[T.84648],-50236.3241224351
Zipcode[T.84653],71213.17513780463
Zipcode[T.84654],618692.1974058452
Zipcode[T.84655],98091.6403393529
Zipcode[T.84720],-99206.08470482635
Zipcode[T.84724],-72397.43549085587
Zipcode[T.84738],-116589.03547172609
Zipcode[T.84739],-136337.0899923239
Zipcode[T.84744],-93593.38213820584
Zipcode[T.84757],2307.3215082597394
Zipcode[T.85031],-99600.33382872595
Zipcode[T.85032],-27019.771330738226
Zipcode[T.85118],-53644.32284562681
Zipcode[T.85122],-31270.647376449808
Zipcode[T.85131],-68409.49101094097
Zipcode[T.85137],-85452.73703334175
Zipcode[T.85138],-57511.50428640489
Zipcode[T.85145],-57595.919526324666
Zipcode[T.85224],-22723.865112524192
Zipcode[T.85253],-119289.32773334165
Zipcode[T.85256],-92591.32325357942
Zipcode[T.85258],-44056.74612437003
Zipcode[T.85260],-34671.64265768196
Zipcode[T.85264],-137397.6656290396
Zipcode[T.85282],-8622.950323352872
Zipcode[T.85297],-154547.28504455034
Zipcode[T.85298],-73249.64687978635
Zipcode[T.85302],-35302.0880384725
Zipcode[T.85333],-154179.93450423464
Zipcode[T.85335],-139309.66136987484
Zipcode[T.85337],-94201.30638831171
Zipcode[T.85339],-61137.57145142543
Zipcode[T.85340],-38578.30933964568
Zipcode[T.85342],-75493.93539662841
Zipcode[T.85344],-104501.30907257811
Zipcode[T.85345],7412.765605598848
Zipcode[T.85347],-99053.41906967248
Zipcode[T.85350],-102060.22541115928
Zipcode[T.85351],20016.272329889078
Zipcode[T.85353],-126505.25820419664
Zipcode[T.85355],-85629.16063137793
Zipcode[T.85363],-51293.90899535891
Zipcode[T.85365],-57636.599251580206
Zipcode[T.85373],-44196.95255541836
Zipcode[T.85379],-26844.747371783025
Zipcode[T.85383],-70920.17338511113
Zipcode[T.85387],-8134.06567015982
Zipcode[T.85534],-66021.59320973748
Zipcode[T.85540],-131015.28600310505
Zipcode[T.85541],-72694.84629472176
Zipcode[T.85542],-123411.91614625642
Zipcode[T.85606],-117099.8173299866
Zipcode[T.85630],-39575.48337003667
Zipcode[T.85631],-119413.06411045701
Zipcode[T.85634],-135835.78044950694
Zipcode[T.85637],-69568.45252372033
Zipcode[T.85641],-110675.7462453849
Zipcode[T.85643],-81094.89392874736
Zipcode[T.85648],-4292.568217814598
Zipcode[T.85928],-58108.24462199887
Zipcode[T.85929],-102738.43960487218
Zipcode[T.85935],16526.911239300287
Zipcode[T.85936],-106432.29235553545
Zipcode[T.85937],3985.2944496533164
Zipcode[T.86001],168498.40268134067
Zipcode[T.86022],27040.34246243497
Zipcode[T.86034],9482.528066059118
Zipcode[T.86315],-23061.773172054844
Zipcode[T.86325],-5964.186860218992
Zipcode[T.87002],-41762.46697201007
Zipcode[T.87015],-82160.50820028567
Zipcode[T.87045],-24390.541627678063
Zipcode[T.87059],-28950.918072275606
Zipcode[T.87062],10601.628509704542
Zipcode[T.87068],-1467.9958360433388
Zipcode[T.87102],-83428.67845735748
Zipcode[T.87104],-94530.64109984615
Zipcode[T.87106],-40050.135343648544
Zipcode[T.87107],16962.806669155947
Zipcode[T.87109],12865.644595835793
Zipcode[T.87110],10020.184414215908
Zipcode[T.87415],-61603.302170746436
Zipcode[T.87416],-44156.032843374574
Zipcode[T.87419],-43240.887943604954
Zipcode[T.87501],88585.79078494986
Zipcode[T.87505],24437.160451114334
Zipcode[T.87507],3336.7306091478436
Zipcode[T.87510],-45935.762348381904
Zipcode[T.87520],93727.84643056436
Zipcode[T.87801],-19148.346983295156
Zipcode[T.87832],-25853.682340640997
Zipcode[T.88001],8745.535054062322
Zipcode[T.88047],-35472.69185932972
Zipcode[T.88049],-50626.79144329677
Zipcode[T.88336],-91954.74275077647
Zipcode[T.89049],-93544.60672479811
Zipcode[T.89106],-83845.16741934477
Zipcode[T.89301],-42563.230439163584
Zipcode[T.89403],-28550.869167700606
Zipcode[T.89444],-73223.08931184224
Zipcode[T.89445],71678.26288906085
Zipcode[T.89447],5668.652818211893
Zipcode[T.89820],-50679.438947617215
Zipcode[T.89828],-66999.65087422871
Zipcode[T.89835],-48690.90875429589
Zipcode[T.90023],-33538.78924293148
Zipcode[T.90045],21007.66828418733
Zipcode[T.90047],-1571.4379375185274
Zipcode[T.90049],9185.057342803582
Zipcode[T.90059],-72425.12462272838
Zipcode[T.90222],-32191.442879110815
Zipcode[T.90241],-34002.10345055218
Zipcode[T.90245],-9299.281451278895
Zipcode[T.90265],20263.665547787576
Zipcode[T.90280],38501.55979866209
Zipcode[T.90301],-13482.132255066053
Zipcode[T.90302],14158.276829797485
Zipcode[T.90303],-61039.437767318246
Zipcode[T.90402],-42092.9207057221
Zipcode[T.90405],8640.122613116346
Zipcode[T.90601],-26997.11024927159
Zipcode[T.90604],-32304.76354311362
Zipcode[T.90715],-24999.179376031225
Zipcode[T.90731],35694.44703522013
Zipcode[T.91042],-10412.750990801413
Zipcode[T.91202],77889.82351697853
Zipcode[T.91208],-24938.094080680847
Zipcode[T.91210],2648.961094755088
Zipcode[T.91320],18569.794801185908
Zipcode[T.91356],-25403.71152841811
Zipcode[T.91436],-97318.89901609853
Zipcode[T.91723],-41152.480443001536
Zipcode[T.91733],-34322.45840792492
Zipcode[T.91744],37834.167799987816
Zipcode[T.91902],-30362.615657336206
Zipcode[T.91915],12678.347985648166
Zipcode[T.91932],146621.85052667704
Zipcode[T.92028],-18538.290814534987
Zipcode[T.92040],70090.36076304075
Zipcode[T.92054],13110.83905317378
Zipcode[T.92082],-20143.658400329732
Zipcode[T.92083],-15261.889741349733
Zipcode[T.92105],-27717.50061214407
Zipcode[T.92106],-6336.595245619323
Zipcode[T.92110],24577.720755555645
Zipcode[T.92111],84236.21690090658
Zipcode[T.92114],55002.32239679162
Zipcode[T.92120],18084.502856068142
Zipcode[T.92220],-16578.608946931672
Zipcode[T.92252],-66400.08619015115
Zipcode[T.92260],18540.251025174606
Zipcode[T.92274],-26842.680702845373
Zipcode[T.92411],-76687.88422577313
Zipcode[T.92548],863.4561916075404
Zipcode[T.92592],-17939.136105222522
Zipcode[T.92705],-21423.650037970052
Zipcode[T.92806],-34603.30587604344
Zipcode[T.92832],-69122.89578129828
Zipcode[T.92844],-18981.006569842655
Zipcode[T.93033],-129927.0015936349
Zipcode[T.93035],30993.18793998891
Zipcode[T.93202],-68329.5903084528
Zipcode[T.93203],-74580.93439122202
Zipcode[T.93204],-44308.32372318694
Zipcode[T.93205],-8154.718408930109
Zipcode[T.93206],124115.06219960656
Zipcode[T.93210],-21360.39134840136
Zipcode[T.93215],-417.05495591764327
Zipcode[T.93219],-46605.176743615215
Zipcode[T.93238],35489.22544649094
Zipcode[T.93239],29201.31342022307
Zipcode[T.93241],32363.750892507083
Zipcode[T.93242],-66413.63481338332
Zipcode[T.93243],187832.61056633387
Zipcode[T.93244],63137.68738794502
Zipcode[T.93245],-7321.39311246022
Zipcode[T.93247],-15661.975041628308
Zipcode[T.93249],-7024.741199610925
Zipcode[T.93250],-396.1193886920273
Zipcode[T.93252],25025.382032611345
Zipcode[T.93254],55386.74415212566
Zipcode[T.93256],42385.00592555971
Zipcode[T.93257],6377.512430564812
Zipcode[T.93263],38713.343674371245
Zipcode[T.93267],64602.97550964201
Zipcode[T.93280],59586.395822539984
Zipcode[T.93286],180346.27303352865
Zipcode[T.93291],29985.686972931675
Zipcode[T.93292],-108752.28513586568
Zipcode[T.93304],18586.486741360142
Zipcode[T.93305],-93614.34531977214
Zipcode[T.93306],271435.1559498973
Zipcode[T.93307],-2116.4329620007065
Zipcode[T.93308],2749.184852110136
Zipcode[T.93309],-15347.92048232045
Zipcode[T.93311],56142.34096990552
Zipcode[T.93312],-13629.472723988689
Zipcode[T.93313],80905.19222017676
Zipcode[T.93314],164703.44469176684
Zipcode[T.93401],-13767.531172257144
Zipcode[T.93405],-64505.95094923
Zipcode[T.93428],231429.4176618614
Zipcode[T.93432],-54935.90345052484
Zipcode[T.93434],63197.91778602127
Zipcode[T.93442],83354.5320752226
Zipcode[T.93444],-54016.72838508799
Zipcode[T.93445],-48780.01778268993
Zipcode[T.93449],16071.94722775988
Zipcode[T.93450],-38415.61507401429
Zipcode[T.93452],59866.357149883326
Zipcode[T.93453],-70867.71080815134
Zipcode[T.93460],-36581.89679975925
Zipcode[T.93465],-74430.93274112548
Zipcode[T.93501],-125840.73176651496
Zipcode[T.93544],-87960.89707610753
Zipcode[T.93545],-32182.108098311954
Zipcode[T.93551],-52583.59423028161
Zipcode[T.93552],-88717.42473035342
Zipcode[T.93555],-31859.1761496227
Zipcode[T.93601],-58440.39411346629
Zipcode[T.93631],-169143.4626703697
Zipcode[T.93635],-103004.79434379634
Zipcode[T.93636],-110884.91730078211
Zipcode[T.93645],-110901.9506801963
Zipcode[T.93675],-123100.56136706307
Zipcode[T.94062],-46620.14025165495
Zipcode[T.94103],-5443.198727338192
Zipcode[T.94110],66554.07944225146
Zipcode[T.94111],-67249.57390938312
Zipcode[T.94123],-16173.02944957864
Zipcode[T.94129],-46445.51249289893
Zipcode[T.94134],-25510.19319076951
Zipcode[T.94158],-10648.553804521065
Zipcode[T.94404],42781.671041078655
Zipcode[T.94520],-42168.26543122384
Zipcode[T.94534],74973.44239885858
Zipcode[T.94559],-60968.457013375184
Zipcode[T.94561],-42580.763984000485
Zipcode[T.94563],-57601.338124413895
Zipcode[T.94568],-12359.863212644621
Zipcode[T.94598],-25739.858234110266
Zipcode[T.94603],-60035.384476192805
Zipcode[T.94702],16487.42068291678
Zipcode[T.94706],7402.984400070874
Zipcode[T.94710],8485.785940307042
Zipcode[T.94801],-36234.59365031605
Zipcode[T.94803],-23818.868445808825
Zipcode[T.94804],27603.57831595904
Zipcode[T.94805],-36028.73520586518
Zipcode[T.94901],-25195.78348641978
Zipcode[T.94925],-109842.60089056643
Zipcode[T.94931],45920.80239800068
Zipcode[T.94937],8629.017688041486
Zipcode[T.94939],-97324.6424340572
Zipcode[T.94941],-28945.704828297174
Zipcode[T.94947],-8955.430087131223
Zipcode[T.94949],-2269.11321607042
Zipcode[T.94951],447459.96925227914
Zipcode[T.94952],-21427.2419405245
Zipcode[T.94956],-11052.654008554646
Zipcode[T.94960],-16907.32723672129
Zipcode[T.95005],-99980.35243143732
Zipcode[T.95006],56486.29352236367
Zipcode[T.95014],-68726.04534378127
Zipcode[T.95019],-79781.19990413237
Zipcode[T.95030],-99912.43065943672
Zipcode[T.95033],-44690.01981122926
Zipcode[T.95039],-57277.37299388539
Zipcode[T.95050],-15402.708382974066
Zipcode[T.95051],-57197.00790105558
Zipcode[T.95054],-23786.903454461033
Zipcode[T.95066],-64547.82140533389
Zipcode[T.95073],65410.811499145806
Zipcode[T.95110],-55788.155566349036
Zipcode[T.95112],96867.39718524425
Zipcode[T.95120],56957.86876262459
Zipcode[T.95123],123167.05833117462
Zipcode[T.95127],51614.882680976014
Zipcode[T.95133],32708.7970803725
Zipcode[T.95134],-91566.85299313434
Zipcode[T.95251],-53912.76308531423
Zipcode[T.95301],-32484.128362891686
Zipcode[T.95303],-80338.04272430252
Zipcode[T.95304],-33782.33559350216
Zipcode[T.95306],-14327.553964265528
Zipcode[T.95307],-61730.5225531411
Zipcode[T.95315],-102455.60398217812
Zipcode[T.95316],168753.842614802
Zipcode[T.95321],-28499.924729552047
Zipcode[T.95366],-25198.45038670393
Zipcode[T.95367],16157.342318156972
Zipcode[T.95368],-23241.225969951556
Zipcode[T.95370],1797.3768030985755
Zipcode[T.95385],47160.71934880122
Zipcode[T.95388],64616.96383140224
Zipcode[T.95811],-119881.72593945063
Zipcode[T.95814],-40824.420783135014
Zipcode[T.95815],-94110.01068951655
Zipcode[T.95816],-12876.299169381396
Zipcode[T.95817],-86614.05683562376
Zipcode[T.95818],-73661.83211330009
Zipcode[T.95819],-11730.475176279717
Zipcode[T.95824],-62936.84942655978
Zipcode[T.95825],-5527.720852624645
Zipcode[T.95826],-5262.849561640655
Zipcode[T.95827],5798.0822712581585
Zipcode[T.95830],-26513.39128088395
Zipcode[T.95831],127169.02830540076
Zipcode[T.95834],68870.9418021101
Zipcode[T.95835],-33281.200197323094
Zipcode[T.95837],-34763.27329075662
Zipcode[T.95838],-116031.1613921437
Zipcode[T.95841],-75095.83110916053
Zipcode[T.95842],3209.2404703089824
Zipcode[T.95843],-31915.75549013493
Zipcode[T.95901],45686.90082010076
Zipcode[T.95912],-75735.81663414442
Zipcode[T.95914],-21774.04797162545
Zipcode[T.95916],30924.140298608778
Zipcode[T.95926],531113.207080095
Zipcode[T.95928],3530.249640740433
Zipcode[T.95932],-78301.71619271264
Zipcode[T.95935],-91700.90630887811
Zipcode[T.95938],46297.813915651546
Zipcode[T.95939],214159.82384159038
Zipcode[T.95945],44228.12654914698
Zipcode[T.95963],-83223.17859708617
Zipcode[T.95966],-45676.92514531032
Zipcode[T.95982],-204190.8989436795
Zipcode[T.95983],-214973.6576219637
Zipcode[T.95993],-100225.37386746684
Zipcode[T.96001],1837761.270363365
Zipcode[T.96003],-82674.33861203407
Zipcode[T.96007],75320.52639763294
Zipcode[T.96008],487227.6517257878
Zipcode[T.96013],-131475.60288299574
Zipcode[T.96015],215113.46142678
Zipcode[T.96016],464059.90814952843
Zipcode[T.96019],89638.12939581889
Zipcode[T.96020],84897.29501667875
Zipcode[T.96021],-143438.14820745526
Zipcode[T.96022],52129.032083522165
Zipcode[T.96023],-62060.2988978288
Zipcode[T.96024],-93037.60248320978
Zipcode[T.96025],-180982.4571632108
Zipcode[T.96027],561154.5278968319
Zipcode[T.96028],-154020.0963284611
Zipcode[T.96038],-43513.38865299744
Zipcode[T.96040],-209401.67255730205
Zipcode[T.96044],-181951.50192508442
Zipcode[T.96047],262146.60391530796
Zipcode[T.96058],1470332.1927425505
Zipcode[T.96097],242466.6031710131
Zipcode[T.96101],-5904.455783597165
Zipcode[T.96103],274037.1294723603
Zipcode[T.96104],-104537.47908157631
Zipcode[T.96105],-85697.03994394859
Zipcode[T.96107],-66569.68241486253
Zipcode[T.96109],481129.9323757635
Zipcode[T.96117],848949.2731717477
Zipcode[T.96120],1338780.9556595548
Zipcode[T.96122],510699.24773457623
Zipcode[T.96124],155052.0203197444
Zipcode[T.96128],934506.521925537
Zipcode[T.96129],510526.9157973287
Zipcode[T.96134],-125135.65264788625
Zipcode[T.96161],159968.0805044576
Zipcode[T.96707],-73944.7918144824
Zipcode[T.96730],-158969.16018490214
Zipcode[T.96731],454369.46841247124
Zipcode[T.96732],-72808.7653089515
Zipcode[T.96743],-198496.14467297323
Zipcode[T.96748],-268333.9123076127
Zipcode[T.96750],-267744.27365027537
Zipcode[T.96754],-261774.36191413368
Zipcode[T.96756],-244016.38893752324
Zipcode[T.96778],-323369.45775302406
Zipcode[T.96790],-283093.9257231031
Zipcode[T.96791],-233794.87700522723
Zipcode[T.96792],-248964.54833023928
Zipcode[T.96795],-317748.12961393484
Zipcode[T.96797],-72123.80426646642
Zipcode[T.96816],-99494.46204035557
Zipcode[T.96817],-13724.659923820054
Zipcode[T.96818],-139611.3061005416
Zipcode[T.96822],-185159.3324938471
Zipcode[T.96825],-214746.76148837293
Zipcode[T.96826],-116030.77276874833
Zipcode[T.97003],-46766.15263700318
Zipcode[T.97004],-54428.14904220097
Zipcode[T.97005],272996.3147944059
Zipcode[T.97006],51289.79458453957
Zipcode[T.97007],-22330.98299114654
Zipcode[T.97008],159489.47160484467
Zipcode[T.97016],53008.27380028322
Zipcode[T.97018],303499.89144487836
Zipcode[T.97020],-73996.4503091644
Zipcode[T.97021],-46516.37098771174
Zipcode[T.97023],-37411.735664474574
Zipcode[T.97024],-55917.465924159085
Zipcode[T.97026],76575.84134618043
Zipcode[T.97027],190925.33520869227
Zipcode[T.97035],88702.11037491301
Zipcode[T.97037],133736.33726644446
Zipcode[T.97039],25613.12215792807
Zipcode[T.97040],-66731.27988653726
Zipcode[T.97041],-20001.45034361646
Zipcode[T.97048],-30195.021666292436
Zipcode[T.97051],-36387.562393316606
Zipcode[T.97058],-40712.59687155575
Zipcode[T.97063],22242.23362861423
Zipcode[T.97064],13068.41833354595
Zipcode[T.97065],61049.128189942334
Zipcode[T.97067],125471.1207844812
Zipcode[T.97068],75730.9848368121
Zipcode[T.97078],184535.18425351064
Zipcode[T.97089],40047.55328998807
Zipcode[T.97101],-59238.624127873554
Zipcode[T.97106],9159.444433764316
Zipcode[T.97107],-53233.940751334616
Zipcode[T.97109],-115111.8766391094
Zipcode[T.97113],-99727.67113623787
Zipcode[T.97116],-916.3440852829415
Zipcode[T.97119],355894.96510313
Zipcode[T.97124],272105.7106256142
Zipcode[T.97127],431673.5062062655
Zipcode[T.97131],429686.77147552994
Zipcode[T.97132],561666.2152336972
Zipcode[T.97133],269054.87051710463
Zipcode[T.97146],-303275.2126372978
Zipcode[T.97148],-323547.775791612
Zipcode[T.97202],-187989.54964298234
Zipcode[T.97205],-242663.95429035617
Zipcode[T.97212],-251574.30381076108
Zipcode[T.97215],-212161.73792391276
Zipcode[T.97216],-223973.47493013163
Zipcode[T.97217],-190780.5940969385
Zipcode[T.97220],-256299.45252675822
Zipcode[T.97221],-305433.45622285496
Zipcode[T.97222],-202715.7563371386
Zipcode[T.97223],-230861.0186537403
Zipcode[T.97224],-217453.6431248814
Zipcode[T.97225],-214556.76459728635
Zipcode[T.97227],-195492.53123907326
Zipcode[T.97229],-92542.00026186912
Zipcode[T.97333],-252665.1073322267
Zipcode[T.97348],-185455.78879360517
Zipcode[T.97357],-278429.0680151531
Zipcode[T.97358],-189805.9785592724
Zipcode[T.97361],-201614.8833697164
Zipcode[T.97365],-83824.23809356554
Zipcode[T.97366],-286608.8665220189
Zipcode[T.97368],-293379.4557536165
Zipcode[T.97371],-248294.5738159945
Zipcode[T.97375],-269731.2336468173
Zipcode[T.97376],-241323.97720185496
Zipcode[T.97380],-260266.54200243362
Zipcode[T.97381],-277949.3093656402
Zipcode[T.97383],-302327.3238405987
Zipcode[T.97386],-209315.6280850974
Zipcode[T.97390],-304790.2607083027
Zipcode[T.97391],-300206.5010059285
Zipcode[T.97394],-120066.91660787344
Zipcode[T.97402],-181880.88655247912
Zipcode[T.97403],-49905.35324578324
Zipcode[T.97411],-225371.50934182847
Zipcode[T.97412],-336767.293982966
Zipcode[T.97413],-332123.79861398967
Zipcode[T.97415],-218581.3500740065
Zipcode[T.97416],-298581.23798901774
Zipcode[T.97417],-325217.48811110336
Zipcode[T.97429],-177454.87491730312
Zipcode[T.97431],-251932.8595107493
Zipcode[T.97434],-287751.2641125206
Zipcode[T.97435],-250065.7405098818
Zipcode[T.97436],-310142.93141897605
Zipcode[T.97470],-117375.2350587392
Zipcode[T.97471],-69100.61100318172
Zipcode[T.97473],214800.61388125608
Zipcode[T.97479],700910.5088577132
Zipcode[T.97487],-23017.128934657092
Zipcode[T.97488],168237.59568534791
Zipcode[T.97495],-59850.37013862207
Zipcode[T.97496],-153620.46314708714
Zipcode[T.97498],451187.70016901987
Zipcode[T.97501],1080732.165096211
Zipcode[T.97524],320462.97532693815
Zipcode[T.97525],297008.02297827194
Zipcode[T.97527],729153.8277108957
Zipcode[T.97530],364325.0286935235
Zipcode[T.97531],124882.54677116135
Zipcode[T.97535],353579.64765930374
Zipcode[T.97536],723287.3957251082
Zipcode[T.97537],108040.91195269983
Zipcode[T.97539],541749.7736246912
Zipcode[T.97540],182626.78994133646
Zipcode[T.97701],212867.1343393105
Zipcode[T.97702],623358.1706340419
Zipcode[T.97703],390578.36599006486
Zipcode[T.97731],58174.67409441729
Zipcode[T.97733],-98055.99207340881
Zipcode[T.97734],354071.7722542953
Zipcode[T.97738],92835.22545287071
Zipcode[T.97739],-68173.05991499535
Zipcode[T.97741],-50047.248058389625
Zipcode[T.97753],44822.90356426845
Zipcode[T.97754],35202.136181637026
Zipcode[T.97756],531753.9822740386
Zipcode[T.97759],245197.96027669625
Zipcode[T.97760],-22721.55216943033
Zipcode[T.97801],260505.78603649148
Zipcode[T.97810],-51808.454786572416
Zipcode[T.97812],341306.98998276115
Zipcode[T.97813],340810.3134973562
Zipcode[T.97820],-9468.929761891244
Zipcode[T.97836],69031.77912996981
Zipcode[T.97838],332362.99288007215
Zipcode[T.97839],568931.3286949447
Zipcode[T.97841],352901.3014574032
Zipcode[T.97843],302055.4026858291
Zipcode[T.97844],40125.48289386667
Zipcode[T.97850],-136914.35216855115
Zipcode[T.97869],397649.78925826534
Zipcode[T.97874],178918.08206651636
Zipcode[T.97875],-16982.957089831634
Zipcode[T.97883],156377.1091438476
Zipcode[T.97885],122561.49982864439
Zipcode[T.97918],-59200.27587475849
Zipcode[T.98001],155427.881120478
Zipcode[T.98003],481285.8432850283
Zipcode[T.98004],191637.9514598954
Zipcode[T.98006],458429.89323839993
Zipcode[T.98007],137539.3208406429
Zipcode[T.98011],179476.55482449027
Zipcode[T.98037],-229120.91793334277
Zipcode[T.98038],-237841.88603252464
Zipcode[T.98039],-308451.4088746315
Zipcode[T.98040],-236442.059210659
Zipcode[T.98043],-151745.86836104697
Zipcode[T.98065],-130662.20412293317
Zipcode[T.98092],-185176.3523858089
Zipcode[T.98104],-150458.70966384312
Zipcode[T.98108],-194417.62985942143
Zipcode[T.98110],-175746.01594645862
Zipcode[T.98116],-206843.1705123496
Zipcode[T.98118],-119613.14098620051
Zipcode[T.98121],-190623.24394497235
Zipcode[T.98134],-266022.1119759558
Zipcode[T.98136],-136296.99264597287
Zipcode[T.98144],-69326.0614002231
Zipcode[T.98146],-173770.1913737826
Zipcode[T.98164],-297570.3960097762
Zipcode[T.98166],13974.865745642554
Zipcode[T.98168],-49615.65876132475
Zipcode[T.98199],-67665.32969369831
Zipcode[T.98203],201698.43820368664
Zipcode[T.98208],118227.6628100087
Zipcode[T.98221],-94162.47364719863
Zipcode[T.98229],-47004.02270282146
Zipcode[T.98233],84937.24003973533
Zipcode[T.98241],-215988.88045145344
Zipcode[T.98245],195838.63701081485
Zipcode[T.98248],-185324.77468268998
Zipcode[T.98252],-182503.03778742222
Zipcode[T.98262],-162305.91048367473
Zipcode[T.98304],-139225.6022563297
Zipcode[T.98310],-110989.83786913104
Zipcode[T.98315],-212328.92883518443
Zipcode[T.98321],-201590.77879554534
Zipcode[T.98323],-114543.93995559809
Zipcode[T.98325],-52975.211334649524
Zipcode[T.98326],-152087.09363511982
Zipcode[T.98327],-190006.87427396866
Zipcode[T.98329],-198376.40450854605
Zipcode[T.98331],-244008.83416969358
Zipcode[T.98333],-58406.76968928852
Zipcode[T.98351],-271976.2426922803
Zipcode[T.98358],-179190.82407378312
Zipcode[T.98361],-215009.51236650362
Zipcode[T.98363],-67489.00947411616
Zipcode[T.98368],-81328.63670830926
Zipcode[T.98373],-78387.77151712497
Zipcode[T.98374],8764.489003052835
Zipcode[T.98381],-161833.99862188348
Zipcode[T.98382],-99335.40680469436
Zipcode[T.98383],-192857.29811104268
Zipcode[T.98392],-124230.90986724691
Zipcode[T.98403],-198841.32243887134
Zipcode[T.98404],-29340.654178801677
Zipcode[T.98408],-58009.90077381433
Zipcode[T.98418],-146055.88977804504
Zipcode[T.98424],-278975.38550415507
Zipcode[T.98433],-274660.02374538226
Zipcode[T.98438],-157403.41248821825
Zipcode[T.98443],-154352.33947120514
Zipcode[T.98444],-99447.90385425862
Zipcode[T.98498],-65711.65801609335
Zipcode[T.98501],-50142.70120967773
Zipcode[T.98516],-244516.77618458818
Zipcode[T.98541],-223267.82855643093
Zipcode[T.98542],-242767.3589992549
Zipcode[T.98555],-291050.8921277769
Zipcode[T.98557],-316561.50031749514
Zipcode[T.98569],-328027.0708421546
Zipcode[T.98605],-303377.1345198745
Zipcode[T.98610],-246491.93599952973
Zipcode[T.98662],87474.47697130428
Zipcode[T.98663],-102304.65110879437
Zipcode[T.98672],11407.799874858176
Zipcode[T.98847],-193647.73186249725
Zipcode[T.98848],-112073.46358905331
Zipcode[T.98849],-65136.40685818938
Zipcode[T.98857],-175967.4840526716
Zipcode[T.98858],-65511.24084136548
Zipcode[T.98902],-120875.8187297016
Zipcode[T.98926],-182571.92619009063
Zipcode[T.98930],-77725.02967888139
Zipcode[T.98944],67423.506999352
Zipcode[T.98946],162753.37126261852
Zipcode[T.98947],181158.8649574976
Zipcode[T.98948],97033.4157101719
Zipcode[T.98952],321232.53955093684
Zipcode[T.98953],297037.80517615436
Zipcode[T.99009],11890.86355315083
Zipcode[T.99011],-26694.907541975288
Zipcode[T.99012],15964.991020142183
Zipcode[T.99013],41772.86330712828
Zipcode[T.99021],-70578.12737986419
Zipcode[T.99022],32621.142231320784
Zipcode[T.99023],-37228.14615128112
Zipcode[T.99027],28829.108494299908
Zipcode[T.99029],-23129.084608325273
Zipcode[T.99030],-94106.68040890282
Zipcode[T.99031],-22198.10459285019
Zipcode[T.99032],2374.024812100851
Zipcode[T.99034],-45864.096703985735
Zipcode[T.99036],-42549.4546862677
Zipcode[T.99115],357005.4674084688
Zipcode[T.99116],54301.25445002674
Zipcode[T.99117],-47962.00281251952
Zipcode[T.99125],11493.143299710879
Zipcode[T.99126],154046.62385156218
Zipcode[T.99128],101116.88560903314
Zipcode[T.99129],60492.99434772577
Zipcode[T.99130],-59333.140156895875
Zipcode[T.99133],61851.56236492405
Zipcode[T.99134],-58248.4148612147
Zipcode[T.99137],22828.007451983867
Zipcode[T.99138],45807.32643587913
Zipcode[T.99139],117543.18786942151
Zipcode[T.99140],41330.06370004734
Zipcode[T.99143],-33159.70710825771
Zipcode[T.99159],-69917.33427493184
Zipcode[T.99179],-54033.272362557356
Zipcode[T.99180],-63968.30988815706
Zipcode[T.99181],-32265.515029650258
Zipcode[T.99201],5793.743305186727
Zipcode[T.99204],-49880.03682375521
Zipcode[T.99206],55083.307819129455
Zipcode[T.99216],-31438.314494463466
Zipcode[T.99217],-73810.10571555916
Zipcode[T.99301],-55761.74615597907
Zipcode[T.99336],-2166.862640765269
Zipcode[T.99337],-108331.86008623404
Zipcode[T.99338],-75491.11353830935
Zipcode[T.99341],-27724.317231699242
Zipcode[T.99347],-59519.93973160667
Zipcode[T.99348],-55598.57084924667
Zipcode[T.99350],72451.79963639654
Zipcode[T.99352],25965.951129876754
Zipcode[T.99357],-86937.8008514085
Zipcode[T.99360],-52170.09834933884
Zipcode[T.99502],92393.9393288183
Zipcode[T.99504],114178.51923227831
Zipcode[T.99505],110939.94849955579
Zipcode[T.99506],38602.567700994696
Zipcode[T.99507],16411.257445324747
Zipcode[T.99508],-14922.86266424528
Zipcode[T.99515],-29072.647029050317
Zipcode[T.99516],-41256.77052455992
Zipcode[T.99517],-49514.230855116875
Zipcode[T.99518],213486.9879917291
Zipcode[T.99540],-30928.99495393865
Zipcode[T.99567],119051.52973917019
Zipcode[T.99572],400449.0935767902
Zipcode[T.99577],125381.1694752232
Zipcode[T.99631],-43313.5567983804
Zipcode[T.99639],-48624.79329729291
Zipcode[T.99669],18610.261394538742
Zipcode[T.99674],-181640.08835242945
Zipcode[T.99676],-85807.7959729872
Zipcode[T.99688],-34816.72922144993
Zipcode[T.99702],-113931.37472603162
Zipcode[T.99703],-197123.6030333105
Zipcode[T.99705],-114384.99991816994
Zipcode[T.99743],-203861.92239585007
Zipcode[T.99760],-88796.67929722031
Zipcode[T.99827],-84265.95750278066
Zipcode[T.99999],51010.17205682666
year,6916.95293185746
CountTaxReturns2016,-8.298584140146255
CountDependents2016,6.614087061226981
TotalIncome2016,0.01664555392309367
CapGains2016,-0.0441964573602009
