DATE,M1,M2,M3,M4
1/3/2012,1590,1224.99,22.0621,7480
1/4/2012,1603,1245.656,22.4721,7450
1/5/2012,1614.5,1250,22.5321,7310
1/6/2012,1621,1271.533,22.9688,7390
1/9/2012,1618,1268.258,22.6009,7325
1/10/2012,1627,1279.406,23.2498,7445
1/11/2012,1641,1289.14,23.4817,7480
1/12/2012,1652.5,1294.319,23.9655,7725
1/13/2012,1642,1289.623,23.2016,7750
1/16/2012,1643.5,1295.083,23.6102,7830
1/17/2012,1662,1302.092,23.823,8020
1/18/2012,1657,1283.21,23.5363,7960
1/19/2012,1664,1284.041,23.8497,8145
1/20/2012,1646,1279.016,23.5167,8040
1/23/2012,1675,1285.386,24.9711,8135
1/24/2012,1669,1283.227,24.5675,8045
1/25/2012,1659,1273.443,24.4273,8025
1/26/2012,1713,1311.513,25.3612,8275
1/27/2012,1722,1316.452,25.4892,8305
1/30/2012,1720.5,1319.042,25.28,8140
1/31/2012,1738,1328.155,25.4835,8225
2/1/2012,1744,1322.088,25.7622,8155
2/2/2012,1747.5,1332.471,25.6436,8130
2/3/2012,1759.5,1324.574,25.7827,8145
2/6/2012,1717,1315.125,25.6662,8250
2/7/2012,1720,1307.348,25.3755,8125
2/8/2012,1743,1316.544,25.8908,8375
2/9/2012,1733,1314.187,25.4998,8325
2/10/2012,1715.5,1298.46,25.3495,8365
2/13/2012,1727,1300.764,25.53,8335
2/14/2012,1721,1309.107,25.396,8290
2/15/2012,1725.5,1324.62,25.6295,8295
2/16/2012,1716,1313.65,25.5329,8120
2/17/2012,1732,1309.569,25.4892,8270
2/20/2012,1729.5,1308.715,25.3092,8135
2/21/2012,1737,1321.439,25.4731,8220
2/22/2012,1754.75,1325.566,25.7791,8270
2/23/2012,1776.5,1337.297,25.997,8250
2/24/2012,1778.5,1321.856,26.519,8235
2/27/2012,1765,1323.573,26.1866,8205
2/28/2012,1774.75,1326.333,26.492,8425
2/29/2012,1788,1319.812,27.6741,8405
3/1/2012,1721,1287.077,25.9265,8400
3/2/2012,1714.5,1293.77,26.644,8455
3/5/2012,1698,1289.81,25.9136,8375
3/6/2012,1685.5,1271.813,25.2893,8205
3/7/2012,1682.5,1279.167,25.2512,8100
3/8/2012,1701.5,1276.435,25.7477,8225
3/9/2012,1699.5,1285.225,25.63,8225
3/12/2012,1705.25,1293.235,25.7491,8220
3/13/2012,1694.75,1291.555,25.6179,8350
3/14/2012,1662,1261.799,25.132,8265
3/15/2012,1646.75,1261.192,24.7874,8270
3/16/2012,1649,1258.444,24.6788,8345
3/19/2012,1654,1258.712,24.6505,8325
3/20/2012,1648.5,1250.566,24.4461,8190
3/21/2012,1656,1250.379,24.1447,8240
3/22/2012,1636,1242.309,24.1474,8100
3/23/2012,1651,1254.429,23.8452,8210
3/26/2012,1658,1261.26,24.3392,8270
3/27/2012,1694,1269.413,24.7266,8275
3/28/2012,1677,1258.636,24.3012,8245
3/29/2012,1655.75,1248.588,23.9437,8165
3/30/2012,1660.75,1246.626,24.3213,8250
4/2/2012,1664,1261.089,24.3028,8275
4/3/2012,1674.75,1258.446,24.7151,8345
4/4/2012,1631.75,1233.732,24.3009,8250
4/5/2012,1622.5,1248.278,23.925,8190
4/10/2012,1643.75,1255.537,24.1411,8080
4/11/2012,1654,1261.988,24.1248,7970
4/12/2012,1655.5,1266.318,23.9461,8005
4/13/2012,1670.5,1272.137,24.5804,7970
4/16/2012,1648.25,1268.124,24.0479,7865
4/17/2012,1652,1247.902,24.0938,7880
4/18/2012,1646.5,1256.017,24.1741,7895
4/19/2012,1642,1256.664,23.9991,7875
4/20/2012,1640,1244.126,24.1016,7950
4/23/2012,1632,1240.954,23.7319,7885
4/24/2012,1638.75,1248.297,23.4409,7920
4/25/2012,1641.25,1239.311,23.3674,8010
4/26/2012,1648.25,1250.189,23.2435,8055
4/27/2012,1654,1255.946,23.5374,8075
4/30/2012,1662.5,1248.11,23.5917,8105
5/1/2012,1661.25,1256.133,23.2197,8115
5/2/2012,1652.5,1253.995,23.2321,8125
5/3/2012,1642.5,1244.302,23.1138,8065
5/4/2012,1629.5,1248.765,22.7671,8025
5/8/2012,1627,1233.831,22.7137,7930
5/9/2012,1585.5,1223.141,22.1785,7760
5/10/2012,1590,1232.555,22.6131,7850
5/11/2012,1580.75,1223.622,22.0951,7775
5/14/2012,1563,1214.731,22.0124,7640
5/15/2012,1559,1217.919,21.9992,7675
5/16/2012,1537.5,1214.034,21.4364,7530
5/17/2012,1547,1223.718,21.6548,7580
5/18/2012,1588,1249.803,22.4252,7645
5/21/2012,1590.25,1250,22.2335,7600
5/22/2012,1575.75,1239.233,22.0071,7635
5/23/2012,1555,1225.766,21.9308,7465
5/24/2012,1558.5,1248.011,22.3282,7495
5/25/2012,1560.5,1252.194,22.4537,7540
5/28/2012,1579,1255.261,22.6565,7600
5/29/2012,1573.75,1260.575,22.5351,7585
5/30/2012,1548.75,1239.437,22.2276,7480
5/31/2012,1567.5,1258.278,22.6485,7460
6/1/2012,1552.5,1292.763,22.206,7335
6/6/2012,1633.25,1307.163,23.488,7435
6/7/2012,1620.75,1277.34,23.2473,7475
6/8/2012,1576,1265.249,22.6102,7265
6/11/2012,1593,1262.151,22.791,7415
6/12/2012,1589.25,1284.444,22.8229,7350
6/13/2012,1612.75,1292.498,23.0407,7405
6/14/2012,1619,1280.251,22.9662,7395
6/15/2012,1622.25,1289.462,22.719,7515
6/18/2012,1623.5,1282.143,22.5367,7465
6/19/2012,1628.5,1284.98,22.8379,7500
6/20/2012,1618.75,1259.638,22.3124,7520
6/21/2012,1600,1254.063,22.0047,7400
6/22/2012,1570.5,1244.633,21.354,7245
6/25/2012,1569,1256.603,21.4017,7270
6/26/2012,1583.25,1262.618,21.9608,7295
6/27/2012,1567.5,1261.828,21.4766,7275
6/28/2012,1567.75,1253.317,21.5775,7340
6/29/2012,1569.5,1260.448,21.5262,7520
7/2/2012,1596.25,1263.292,21.6799,7565
7/3/2012,1608.5,1285.26,22.1851,7700
7/4/2012,1617,1284.634,22.3806,7635
7/5/2012,1616.75,1296.162,22.6188,7710
7/6/2012,1591.75,1288.463,22.0768,7575
7/9/2012,1581,1290.506,22.1373,7485
7/10/2012,1594.5,1300.016,22.3964,7510
7/11/2012,1576.5,1284.83,22.0586,7455
7/12/2012,1565.5,1277.395,21.8966,7430
7/13/2012,1579,1301.599,22.532,7610
7/16/2012,1584,1299.771,22.1976,7575
7/17/2012,1595,1293.659,22.3199,7625
7/18/2012,1579.5,1286.443,22.1104,7535
7/19/2012,1580,1294.752,22.3171,7685
7/20/2012,1583,1296.258,22.1251,7580
7/23/2012,1571.5,1300.993,22.2213,7360
7/24/2012,1573,1308.255,22.2654,7390
7/25/2012,1587.5,1319.759,22.3219,7435
7/26/2012,1603,1315.768,22.6835,7510
7/27/2012,1618.75,1309.052,22.5319,7555
7/30/2012,1616.5,1320.073,22.5412,7520
7/31/2012,1622.75,1321.062,22.9623,7580
8/9/2012,1612.75,1313.222,22.749,7455
8/10/2012,1608.5,1320.039,22.7221,7395
8/13/2012,1622.25,1311.641,22.731,7410
8/14/2012,1614.5,1294.773,22.5425,7385
8/15/2012,1594.75,1304.357,22.499,7350
8/16/2012,1603.5,1301.614,22.6673,7345
8/17/2012,1616.5,1311.738,22.8229,7450
8/20/2012,1615.25,1310.877,22.8084,7380
8/21/2012,1624,1314.966,23.285,7460
8/22/2012,1640.5,1315.6,23.5582,7500
8/23/2012,1662.5,1327.633,24.1786,7595
8/24/2012,1666.5,1332.747,24.2572,7535
8/28/2012,1663.5,1328.131,24.5753,7540
8/29/2012,1664.25,1325.455,24.4705,7465
8/30/2012,1657,1323.002,24.4459,7565
8/31/2012,1657.75,1311.56,24.2665,7530
9/3/2012,1686,1345.45,25.2506,7600
9/4/2012,1691.5,1349.503,25.4886,7585
9/5/2012,1689.5,1340.525,25.5838,7550
9/6/2012,1708.5,1351.931,26.0522,7605
9/7/2012,1696,1354.657,25.3841,7780
9/10/2012,1732.75,1354.713,26.2829,7940
9/11/2012,1731,1353.241,26.2018,7970
9/12/2012,1742.75,1346.094,26.2657,7995
9/13/2012,1730.5,1343.188,25.5616,7950
9/14/2012,1772.5,1348.959,26.482,8255
9/17/2012,1767.25,1346.315,26.3286,8160
9/18/2012,1756.75,1355.419,26.0836,8155
9/19/2012,1774.5,1355.077,26.6375,8220
9/20/2012,1760,1359.385,26.4356,8110
9/21/2012,1773.75,1373.326,26.6641,8205
9/25/2012,1766.75,1367.637,26.3439,8185
9/26/2012,1763.75,1357.36,26.3453,8065
9/27/2012,1755.25,1369.959,26.3935,8115
9/28/2012,1781,1377.278,26.8168,8185
10/1/2012,1770.5,1382.271,26.6279,8120
10/2/2012,1778.5,1372.845,26.9779,8265
10/3/2012,1777.25,1376.91,26.9001,8235
10/4/2012,1786.5,1379.436,27.0045,8285
10/5/2012,1790,1366.526,26.7891,8260
10/8/2012,1769,1366.965,26.137,8100
10/10/2012,1763,1366.687,26.2753,8110
10/11/2012,1767.25,1366.445,26.5196,8185
10/12/2012,1767,1361.133,26.0564,8155
10/15/2012,1747.25,1341.162,25.6248,8105
10/16/2012,1737.5,1338.314,25.1998,8135
10/18/2012,1748,1330.534,25.164,8180
10/19/2012,1732.75,1332.26,24.7796,8095
10/22/2012,1725,1321.661,24.608,7985
10/23/2012,1717,1318.69,24.3848,7865
10/24/2012,1708.5,1317.049,24.6909,7860
10/25/2012,1715,1322.464,24.6845,7850
10/26/2012,1704,1326.326,24.5599,7755
10/29/2012,1712,1322.333,24.6762,7695
10/30/2012,1713.5,1319.139,24.7045,7750
10/31/2012,1718,1325.673,24.8212,7810
11/1/2012,1723.25,1324.676,25.2006,7810
11/2/2012,1708.25,1311.59,24.7768,7760
11/5/2012,1679,1316.263,24.1692,7585
11/6/2012,1691.75,1320.578,24.5217,7650
11/7/2012,1730.5,1344.345,25.0878,7635
11/8/2012,1715,1347.301,24.894,7580
11/9/2012,1732.75,1366.549,25.283,7500
11/12/2012,1735.75,1364.405,25.6727,7610
11/13/2012,1724.75,1359.894,25.6031,7585
11/14/2012,1724.5,1354.486,25.4945,7610
11/15/2012,1723.5,1337.191,25.5151,7585
11/16/2012,1710,1346.562,25.3396,7570
11/19/2012,1723.25,1353.433,25.5734,7695
11/20/2012,1734,1353.215,25.9034,7730
11/21/2012,1726.75,1343.621,25.779,7700
11/22/2012,1729.75,1344.257,25.8563,7740
11/23/2012,1734.75,1340.21,25.8992,7700
11/26/2012,1747.25,1349.861,26.2862,7805
11/27/2012,1747.25,1350.75,26.2833,7820
11/28/2012,1741,1325.778,26.2505,7760
11/29/2012,1724.5,1326.107,25.9892,7895
11/30/2012,1728.25,1326.672,26.3591,7980
12/3/2012,1718,1318.109,25.6485,8060
12/4/2012,1706.75,1297.181,25.4587,8070
12/5/2012,1703,1295.9,25.2906,8115
12/6/2012,1693,1303.771,25.1263,8105
12/7/2012,1697,1318.481,25.406,8050
12/10/2012,1708.5,1324.132,25.8269,8200
12/11/2012,1709.75,1315.789,25.5252,8160
12/12/2012,1712.5,1316.647,25.4107,8195
12/13/2012,1694.75,1294.349,25.0306,8095
12/14/2012,1696.5,1295.639,24.8434,8130
12/17/2012,1690,1286.999,24.4906,8090
12/18/2012,1699.5,1285.573,24.5526,8105
12/19/2012,1674.5,1253.765,23.638,8060
12/20/2012,1667,1243.97,23.4726,7935
12/21/2012,1648.25,1253.701,22.6388,7885
12/24/2012,1662.5,NA,22.8332,7890
12/27/2012,1655.25,1247.551,22.4274,8005
12/28/2012,1658.75,1253.024,22.8773,7970
12/31/2012,1664,NA,22.7135,8015
1/2/2013,1681.5,1277.627,23.2841,8205
1/3/2013,1684.5,1281.865,23.581,8260
1/4/2013,1632.25,1262.932,22.5382,8185
1/7/2013,1653.75,1260.149,23.1277,8155
1/8/2013,1653.75,1266.636,23.1613,8215
1/9/2013,1663.5,1270.404,23.2874,8220
1/10/2013,1663,1270.479,23.2659,8280
1/11/2013,1669.5,1243.249,23.1472,8220
1/14/2013,1667.75,1248.034,23.0153,8195
1/15/2013,1681,1260.123,23.4036,8100
1/16/2013,1679.75,1262.997,23.4512,8070
1/17/2013,1683.25,1254.4,23.5743,8090
1/18/2013,1690,1269.072,23.8388,8215
1/21/2013,1688,1268.034,23.9633,8180
1/22/2013,1692.5,1270.098,23.9359,8230
1/23/2013,1692.25,1267.719,24.164,8275
1/24/2013,1677,1250.281,23.8971,8200
1/25/2013,1670.25,1233.101,23.4909,8225
1/28/2013,1656.75,1230.775,22.9705,8185
1/29/2013,1660.5,1233.501,23.1239,8180
1/30/2013,1666.25,1236.912,23.1451,8355
1/31/2013,1674.5,1226.968,23.6331,8350
2/1/2013,1665,1225.044,23.0425,8310
2/4/2013,1664.25,1227.166,23.2255,8390
2/5/2013,1678,1236.241,23.6062,8405
2/6/2013,1670,1238.351,23.4294,8350
2/7/2013,1675.75,1242.921,23.4179,8370
2/8/2013,1669.75,1245.706,23.5048,8355
2/11/2013,1663.5,1235.602,23.2746,8380
2/12/2013,1641.75,1227.279,22.9396,8340
2/13/2013,1648,1221.051,23.0025,8385
2/14/2013,1644,1233.883,23.1832,8380
2/18/2013,1611.25,1207.368,22.4685,8280
2/19/2013,1613.5,1203.136,22.4955,8285
2/20/2013,1602,1188.019,21.7564,8235
2/21/2013,1568.5,1192.799,21.7807,8080
2/22/2013,1580,1199.133,21.852,8045
2/25/2013,1592.5,1194.106,21.9819,8065
2/26/2013,1597.25,1216.723,21.9885,7950
2/27/2013,1608.5,1225.554,22.1824,8030
2/28/2013,1591,1213.614,22.0756,8020
3/1/2013,1570,1218.991,21.5296,7855
3/4/2013,1578,1210.031,22.076,7930
3/5/2013,1584.25,1212.208,22.1941,7940
3/6/2013,1574,1210.583,22.0348,7955
3/7/2013,1580.5,1205.909,22.288,7950
3/8/2013,1577,1218.23,21.9477,7990
3/11/2013,1577.5,1214.335,22.2273,7945
3/12/2013,1582.5,1222.393,22.4862,8090
3/13/2013,1591.5,1227.504,22.3862,8055
3/14/2013,1585,1223.388,22.1706,8035
3/15/2013,1593.25,1222.137,22.1346,8055
3/18/2013,1599.5,1238.13,22.2463,7840
3/19/2013,1602.5,1245.746,22.2814,7845
3/20/2013,1611.5,1241.313,22.384,7885
3/21/2013,1608.75,1250.581,22.3779,7925
3/22/2013,1611.5,1238.541,22.4419,7960
3/25/2013,1602.25,1241.557,22.0623,7945
3/26/2013,1597.25,1241.84,22.4323,7965
3/27/2013,1591,1255.384,22.1831,7900
3/28/2013,1602.5,1245.907,22.3523,7905
4/2/2013,1597.75,1235.276,21.7791,7765
4/3/2013,1568.5,1224.819,21.2173,7730
4/4/2013,1545.25,1202.005,20.9342,7675
4/5/2013,1552.75,1204.949,20.8698,7700
4/8/2013,1577.25,1209.399,20.9367,7780
4/9/2013,1572.5,1208.621,20.9037,7800
4/10/2013,1581.5,1203.76,21.1756,7855
4/11/2013,1555.75,1194.839,20.9945,7825
4/12/2013,1548,1173.302,20.964,7830
4/15/2013,1416,1066.351,18.0011,7440
4/16/2013,1378,1050.868,17.9092,7565
4/17/2013,1379,1063.407,17.7465,7405
4/18/2013,1397,1068.335,18.0015,7305
4/19/2013,1414,1071.674,18.0749,7315
4/22/2013,1425,1092.743,18.0982,7225
4/23/2013,1417.25,1081.662,17.7136,7140
4/24/2013,1424.5,1099.946,17.596,7260
4/25/2013,1446.5,1115.467,17.8203,7325
4/26/2013,1462.25,1130.705,18.4698,7385
4/29/2013,1472.5,1121.256,18.548,7400
4/30/2013,1472.75,1116.601,18.6769,7390
5/1/2013,1469.5,1100.583,18.1591,7190
5/2/2013,1456,1122.765,17.9947,7180
5/3/2013,1476.5,1120.368,18.4832,7430
5/7/2013,1463,1101.892,18.0883,7535
5/8/2013,1454,1115.078,18.1749,7625
5/9/2013,1469.5,1118.617,18.3111,7605
5/10/2013,1449.25,1098.491,17.9935,7645
5/13/2013,1429.75,1102.188,18.221,7620
5/14/2013,1436.5,1104.839,18.0822,7480
5/15/2013,1412.25,1095.571,17.7838,7400
5/16/2013,1377,1069.051,17.3028,7370
5/17/2013,1376.75,1068.001,17.5117,7590
5/20/2013,1353.75,1054.526,16.8429,7535
5/21/2013,1378.75,1058.208,17.4427,7650
5/22/2013,1385.25,1084.88,17.4942,7745
5/23/2013,1386,1069.492,17.4457,7555
5/24/2013,1385.25,1073.386,17.2685,7515
5/28/2013,1379,1067.385,17.2878,7540
5/29/2013,1384.5,1068.64,17.2798,7480
5/30/2013,1406.25,1084.638,17.4677,7530
5/31/2013,1410.25,1075.505,17.3696,7515
6/3/2013,1396.75,1078.597,17.2313,7610
6/4/2013,1405.25,1071.593,17.2029,7610
6/5/2013,1396.5,1072.902,17.1234,7705
6/6/2013,1399.5,1063.426,17.2474,7595
6/7/2013,1410,1049.92,17.0373,7565
6/10/2013,1376.75,1047.441,16.504,7405
6/11/2013,1369.5,1034.048,16.2586,7325
6/12/2013,1377.25,1038.179,16.3994,7380
6/13/2013,1386.25,1040.962,16.3791,7360
6/14/2013,1379.75,1044.012,16.285,7355
6/17/2013,1386,1037.966,16.3955,7335
6/18/2013,1378.5,1020.801,16.2954,7275
6/19/2013,1366,1024.899,16.1464,7270
6/20/2013,1303.25,981.397,15.331,7090
6/21/2013,1290.25,984.457,15.0394,7060
6/24/2013,1283.25,982.852,14.992,6930
6/25/2013,1285,977.829,15.0525,7020
6/26/2013,1229,948.263,14.3351,6970
6/27/2013,1232,947.322,14.289,6960
6/28/2013,1203.25,914.391,14.4322,6995
7/1/2013,1243.5,953.834,14.9011,7130
7/2/2013,1260.75,963.165,15.0587,7090
7/3/2013,1246,963.02,15.0849,7075
7/4/2013,1249.5,969.297,15.0446,7085
7/5/2013,1232.75,944.804,15.0035,7000
7/8/2013,1225.5,959.716,14.9082,6945
7/9/2013,1252,977.804,14.8488,6900
7/10/2013,1252.25,978.498,15.1068,6945
7/11/2013,1280.75,987.322,15.1979,7175
7/12/2013,1275,982.006,15.0883,7100
7/15/2013,1281.25,984.709,15.2134,7090
7/16/2013,1286,985.126,15.2139,7145
7/17/2013,1284.25,987.478,15.0867,7110
7/18/2013,1279.75,980.628,14.8801,7055
7/19/2013,1286,987.012,14.8075,7100
7/22/2013,1313.75,1004.998,15.1354,7160
7/23/2013,1326.75,1011.377,15.3169,7170
7/24/2013,1340,1010.904,15.4099,7280
7/25/2013,1312,1002.798,15.0955,7130
7/26/2013,1327.75,1001.505,15.081,7100
7/29/2013,1330.75,1003.585,15.1264,7055
7/30/2013,1322.25,998.605,14.8304,6950
7/31/2013,1331.5,992.3,15.0434,6990
8/1/2013,1323.75,993.202,14.8965,7185
8/2/2013,1285.75,986.921,14.7368,7210
8/5/2013,1311,985.386,14.8907,7145
8/6/2013,1292,963.144,14.9036,7210
8/7/2013,1275.5,963.489,14.4909,7085
8/8/2013,1287.75,970.291,14.7702,7310
8/9/2013,1305.5,979.79,15.1839,7365
8/12/2013,1325.75,1009.485,15.6654,7420
8/13/2013,1334,1003.702,16.1438,7450
8/14/2013,1323.25,1000.679,16.2289,7415
8/15/2013,1339.5,1005.862,16.56,7370
8/16/2013,1360.75,1024.964,17.1204,7500
8/19/2013,1375.25,1022.702,17.389,7440
8/20/2013,1365.75,1021.433,17.0863,7450
8/21/2013,1360,1018.532,17.1309,7425
8/22/2013,1370.5,1031.187,17.3302,7530
8/23/2013,1374.5,1030.6,17.2669,7505
8/27/2013,1411,1060.487,18.1975,7485
8/28/2013,1425.5,1066.251,18.5346,7450
8/29/2013,1406.25,1063.255,18.188,7415
8/30/2013,1392.75,1055.749,17.855,7315
9/2/2013,1391.25,1054.495,18.1316,NA
9/3/2013,1391.25,1064.259,18.3757,NA
9/4/2013,1403.75,1055.028,17.9853,NA
9/5/2013,1391.75,1053.472,17.802,NA
9/6/2013,1368.25,1052.911,17.5887,7390
9/9/2013,1386,1051.994,17.9172,7405
9/10/2013,1373,1024.321,17.6066,7390
9/11/2013,1365.25,1025.839,17.2814,7385
9/12/2013,1340.25,1000.075,17.0515,7265
9/13/2013,1308.25,993.969,16.3456,7245
9/16/2013,1314.75,990.573,16.392,7270
9/17/2013,1317.25,983.327,16.4446,7265
9/18/2013,1299.75,974.532,16.0812,7280
9/19/2013,1363.5,1008.866,16.9679,7480
9/20/2013,1355.25,997.671,16.7934,7470
9/23/2013,1321.75,981.308,16.0438,7365
9/24/2013,1316.5,974.601,15.9027,7340
9/25/2013,1320.25,979.525,16.0509,7355
9/26/2013,1332.5,986.75,16.268,7405
9/27/2013,1321.5,988.938,16.0015,7430
9/30/2013,1335.75,980.414,16.0593,7445
10/1/2013,1332.25,953.498,16.0207,7380
10/2/2013,1293.75,961.043,15.6349,7345
10/3/2013,1309,966.652,15.858,7415
10/4/2013,1316,964.115,15.9191,7360
10/7/2013,1311,975.601,16.0345,7380
10/8/2013,1321,978.149,16.4273,7445
10/9/2013,1309.5,965.211,16.3498,7355
10/10/2013,1298,960.5,16.2084,7320
10/11/2013,1285.75,933.535,15.8597,7305
10/14/2013,1276,946.055,15.8702,7370
10/15/2013,1255.5,941.879,15.189,7340
10/16/2013,1278.25,941.311,15.7378,7320
10/17/2013,1308.5,964.646,15.9413,7345
10/18/2013,1317,962.354,15.967,7415
10/21/2013,1316,964.071,16.1512,7390
10/22/2013,1311.75,968.398,16.1316,7395
10/23/2013,1333,966.355,16.3914,7330
10/24/2013,1336.25,974.598,16.4252,7290
10/25/2013,1341.75,976.701,16.1898,7240
10/28/2013,1351,987.162,16.3357,7270
10/29/2013,1346.75,977.08,16.2172,7315
10/30/2013,1349.5,984.056,16.5262,7370
10/31/2013,1333.75,972.1,16.2757,7335
11/1/2013,1314.75,967.748,16.0944,7370
11/4/2013,1314.25,976.773,16.1768,7305
11/5/2013,1311.25,971.5,16.0095,7280
11/6/2013,1317,973.791,16.2434,7305
11/7/2013,1316,978.481,16.0992,7225
11/8/2013,1309,961.913,16.1699,7225
11/11/2013,1283.75,956.947,15.9724,7220
11/12/2013,1281,952.39,15.7651,7210
11/13/2013,1276,949.131,15.427,7115
11/14/2013,1283.25,955.494,15.4671,7045
11/15/2013,1281.75,954.579,15.342,7065
11/18/2013,1283.5,948.142,15.281,7090
11/19/2013,1272.25,944.72,15.1486,7050
11/20/2013,1271.5,928.978,14.9616,7065
11/21/2013,1248.5,921.248,14.8277,7055
11/22/2013,1241.75,920.829,14.7466,7120
11/25/2013,1231.75,920.673,14.573,7125
11/27/2013,1250.75,916.452,14.6966,7130
11/28/2013,1241.75,915.54,14.539,7060
11/29/2013,1245.25,921.053,14.6426,7090
12/2/2013,1237.5,908.386,14.5896,7065
12/3/2013,1219,896.091,14.1215,6995
12/4/2013,1213,905.503,14.0228,7000
12/5/2013,1234,894.752,14.3194,7100
12/6/2013,1230.75,901.711,14.2544,7110
12/9/2013,1228.5,901.275,14.2149,7095
12/10/2013,1245.75,918.371,14.5871,7065
12/11/2013,1255.25,914.316,14.8108,7080
12/12/2013,1243.5,891.091,14.3593,7105
12/13/2013,1222.75,897.501,14.2441,7090
12/16/2013,1229.5,897.282,14.1479,7145
12/17/2013,1237.25,896.274,14.56,7050
12/18/2013,1233.25,894.259,14.5018,7050
12/19/2013,1205.25,874.973,14.1312,7090
12/20/2013,1195,873.657,14.1581,7105
12/23/2013,1192.75,875.31,14.1573,7035
12/24/2013,1196.5,NA,14.1813,7070
12/27/2013,1209.25,880.328,14.3775,7175
12/30/2013,1201.5,873.142,14.2733,7240
12/31/2013,1201.5,NA,14.1643,7210
1/2/2014,1219.75,897.436,14.5696,7230
1/3/2014,1232.25,907.52,14.7947,7165
1/6/2014,1238,914.209,14.7299,7120
1/7/2014,1237.5,901.182,14.6753,7175
1/8/2014,1226.5,897.596,14.3709,7220
1/9/2014,1226,903.464,14.3666,7145
1/10/2014,1232.25,909.672,14.5631,7135
1/13/2014,1246,914.152,14.6986,7135
1/14/2014,1248.75,915.107,14.8194,7150
1/15/2014,1238,909.961,14.7536,7145
1/16/2014,1237.25,910.391,14.694,7160
1/17/2014,1241,920.946,14.7176,7195
1/20/2014,1254.75,926.001,14.9686,7165
1/21/2014,1247.75,914.733,14.8151,7135
1/22/2014,1239.5,915.192,14.6588,7130
1/23/2014,1244.25,924.191,14.7521,7130
1/24/2014,1259.25,925.899,14.7157,7075
1/27/2014,1270,922.295,14.5041,7075
1/28/2014,1253.5,916.197,14.4554,7045
1/29/2014,1254.75,925.262,14.4049,7050
1/30/2014,1254,914.881,14.271,7015
1/31/2014,1246.5,927.697,14.2499,6955
2/3/2014,1246.5,933.915,14.2688,6955
2/4/2014,1253,925.494,14.3153,6950
2/5/2014,1257,928.571,14.5225,6950
2/6/2014,1258.5,923.083,14.8964,6940
2/7/2014,1260,926.6,14.6426,7015
2/10/2014,1273.5,936.835,14.8192,7005
2/11/2014,1282.75,939.469,14.7603,6975
2/12/2014,1286.5,950.188,14.8759,7010
2/13/2014,1290.25,948.27,14.8335,6990
2/14/2014,1308.5,964.348,15.3829,7010
2/17/2014,1326,968.554,15.7972,7060
2/18/2014,1314,959.987,15.5645,7060
2/19/2014,1318.75,960.084,15.8193,7055
2/20/2014,1313.75,959.296,15.7591,7000
2/24/2014,1333,973.63,16.0597,6930
2/25/2014,1332.75,973.252,15.8036,6945
2/26/2014,1340,973.644,15.8988,6965
2/27/2014,1331,973.44,15.6504,6920
2/28/2014,1327.75,961.58,15.4186,6935
3/3/2014,1344.25,980.1,15.5925,6900
3/4/2014,1339.5,970.445,15.3706,6950
3/5/2014,1333.5,974.064,15.528,7000
3/6/2014,1334.25,971.791,15.346,6985
3/7/2014,1348.25,962.55,15.3791,6870
3/10/2014,1334.25,969.068,15.1301,6670
3/11/2014,1348,970.83,15.343,6705
3/12/2014,1355.75,983.654,15.1157,6520
3/13/2014,1371,982.309,15.2193,6500
3/14/2014,1370,995.186,15.3835,6510
3/17/2014,1379,989.591,15.2783,6580
3/18/2014,1362.5,975.921,15.0301,6505
3/19/2014,1346,962.036,14.9013,6485
3/20/2014,1327,963.619,14.6488,6485
3/21/2014,1338.5,967.695,14.8967,6585
3/24/2014,1322,951.474,14.6749,6560
3/25/2014,1314.75,952.226,14.4844,6625
3/26/2014,1314.5,945.339,14.5292,6620
3/28/2014,1295.75,941.431,14.3523,6705
3/31/2014,1294,936.594,14.4742,6670
4/1/2014,1286.5,930.388,14.3509,6670
4/2/2014,1284,937.795,14.3769,6735
4/3/2014,1287.25,936.27,14.4071,6650
4/4/2014,1293.5,946.829,14.5421,6720
4/7/2014,1299,945.14,14.4283,6655
4/8/2014,1314.75,949.119,14.6386,6685
4/9/2014,1309.75,942.478,14.4078,6655
4/10/2014,1321.5,952.329,14.5926,6635
4/11/2014,1317.25,949.568,14.4605,6705
4/14/2014,1324.5,958.882,14.2713,6650
4/15/2014,1311.5,939.422,14.3292,6645
4/16/2014,1299,941.615,14.1618,6620
4/17/2014,1299.25,938.855,14.164,6645
4/22/2014,1290.75,931.483,14.1193,6635
4/23/2014,1283.5,928.917,14.0587,6620
4/24/2014,1283.5,934.786,13.7916,6690
4/25/2014,1294.25,939.938,14.2124,6690
4/28/2014,1302,936.824,14.1333,6675
4/29/2014,1289.75,938.902,13.9466,6680
4/30/2014,1292,929.788,13.9427,6650
5/1/2014,1283,921.774,13.7369,6570
5/2/2014,1285,927.098,13.8312,6565
5/6/2014,1308.5,937.388,14.092,6590
5/7/2014,1311,931.168,14.0991,6555
5/8/2014,1291.25,928.437,13.8042,6560
5/9/2014,1289,936.639,13.9523,6600
5/12/2014,1292.75,943.379,14.1466,6725
5/13/2014,1292.75,944.489,14.1825,6720
5/14/2014,1300.25,951.903,14.4952,6795
5/15/2014,1303.75,949.978,14.3945,6735
5/19/2014,1301,949.256,14.2534,6780
5/20/2014,1291.5,945.551,14.1408,6740
5/21/2014,1292,942.281,14.1155,6680
5/22/2014,1294.5,950.725,14.3014,6715
5/23/2014,1292,947.403,14.2605,6750
5/27/2014,1283,935.323,14.1077,6725
5/28/2014,1265.25,929.044,14.0408,6745
5/29/2014,1254,922.794,13.844,6690
5/30/2014,1254,918.27,13.9593,6735
6/2/2014,1244.75,916.287,13.8228,6765
6/3/2014,1244.25,911.508,13.8679,6745
6/4/2014,1246,914.751,13.7759,6695
6/5/2014,1244.75,922.312,13.8207,6690
6/6/2014,1254,915.529,13.9608,6650
6/9/2014,1255,922.505,14.0257,6640
6/10/2014,1253.5,929.658,14.0273,6625
6/11/2014,1262.5,932.122,14.1875,6615
6/12/2014,1261.75,934.823,14.2942,6610
6/13/2014,1273,940.038,14.4651,6595
6/16/2014,1281.75,941.187,14.522,6655
6/17/2014,1264.5,935.977,14.411,6655
6/18/2014,1269,935.29,14.5416,6690
6/19/2014,1282,948.225,14.6349,6685
6/20/2014,1310,966.353,15.1729,6715
6/23/2014,1313.5,966.804,15.2742,6795
6/24/2014,1323,968.702,15.5055,6790
6/25/2014,1312,965.501,15.2738,6780
6/26/2014,1311.5,965.445,15.2993,6820
6/27/2014,1315.25,966.192,15.4569,6845
6/30/2014,1313,962.665,15.2883,6830
7/1/2014,1325.75,969.473,15.397,6875
7/2/2014,1326.75,971.439,15.3993,6925
7/3/2014,1322.5,968.038,15.3835,6965
7/4/2014,1321.5,970.893,15.5431,7005
7/7/2014,1313.25,965.654,15.4089,6975
7/8/2014,1318.25,972.008,15.5068,7020
7/9/2014,1322.5,971.039,15.5253,7025
7/10/2014,1343.25,985.695,15.7926,6960
7/11/2014,1336.5,981.113,15.744,7015
7/14/2014,1321.25,958.814,15.5026,7020
7/15/2014,1312,963.094,15.3829,7000
7/16/2014,1297.5,961.496,15.2937,7035
7/17/2014,1302.75,962.96,15.3607,6960
7/18/2014,1310.25,967.187,15.4847,6950
7/21/2014,1312.75,970.188,15.4773,6900
7/22/2014,1307,973.078,15.4331,6975
7/23/2014,1307.5,970.975,15.5325,6940
7/24/2014,1300,959.725,15.4657,6975
7/25/2014,1292.5,963.499,15.2119,6985
7/28/2014,1305,970.827,15.3508,6935
7/29/2014,1307.5,968.65,15.3617,6900
7/30/2014,1297.5,967.633,15.3272,6865
7/31/2014,1295,960.145,15.4553,6900
8/1/2014,1284.5,962.614,15.1836,6860
8/4/2014,1293.5,961.624,15.1639,6935
8/5/2014,1292.75,960.704,15.0836,6995
8/6/2014,1288.5,978.359,14.8231,6890
8/7/2014,1302,978.228,15.0045,6880
8/8/2014,1317.5,977.352,15.028,6900
8/11/2014,1308.25,976.653,14.8223,6895
8/12/2014,1311,985.138,15.0525,6905
8/13/2014,1309.25,980.055,14.8974,6825
8/14/2014,1315,980.078,14.8486,6805
8/15/2014,1313.6,967.959,14.849,6795
8/18/2014,1302.75,969.895,14.631,6835
8/19/2014,1300.25,972.983,14.729,6845
8/20/2014,1294.5,974.564,14.623,6855
8/21/2014,1280.5,960.785,14.63,6935
8/22/2014,1281,964.181,14.687,7035
8/26/2014,1286.5,974.39,14.766,7025
8/27/2014,1285,973.477,14.656,6990
8/28/2014,1288,980.943,14.989,6950
8/29/2014,1285.75,975.531,14.767,6915
9/1/2014,1287.25,979.444,14.835,NA
9/2/2014,1277.75,965.701,14.639,NA
9/3/2014,1268.5,962.723,14.528,NA
9/4/2014,1271,977.475,14.637,NA
9/5/2014,1264,975.873,14.77,NA
9/8/2014,1267.25,972.651,14.8243,NA
9/9/2014,1256,974.507,14.7435,NA
9/10/2014,1254.25,967.967,14.6784,NA
9/11/2014,1247,959.754,14.4782,NA
9/12/2014,1237.25,951.847,14.4183,NA
9/15/2014,1234.75,953.162,14.4261,NA
9/16/2014,1238.75,951.838,14.4866,NA
9/17/2014,1236.5,953.704,14.3783,NA
9/18/2014,1223,946.491,14.3656,NA
9/19/2014,1222.5,948.853,14.3401,NA
9/22/2014,1214,945.314,13.8173,NA
9/23/2014,1225,948.758,13.9055,NA
9/24/2014,1224,952.465,13.8285,NA
9/25/2014,1210.5,953.382,13.7703,NA
9/26/2014,1222.25,955.709,13.7644,NA
9/29/2014,1217.75,959.783,13.8567,NA
9/30/2014,1210,964.405,13.5988,NA
10/1/2014,1208.5,963.259,13.5281,6590
10/2/2014,1214.5,959.574,13.5227,6515
10/3/2014,1207.5,955.159,13.4469,6475
10/6/2014,1193.25,951.879,13.5585,6540
10/7/2014,1207.5,957.901,13.7887,6545
10/8/2014,1220,959.401,13.7013,6550
10/9/2014,1227.5,964.957,13.8201,6555
10/10/2014,1222.25,964.78,13.6238,6470
10/13/2014,1228,968.861,13.7227,6560
10/14/2014,1233,974.854,13.8329,6560
10/15/2014,1223.5,969.752,13.4551,6585
10/16/2014,1241,971.851,13.6984,6440
10/17/2014,1238,967.053,13.5456,6450
10/20/2014,1241,974.321,13.6068,6440
10/21/2014,1251.75,982.283,13.6125,6500
10/22/2014,1246.75,982.037,13.6758,6570
10/23/2014,1240.5,975.2,13.4749,6540
10/24/2014,1231.75,971.128,13.5868,6530
10/27/2014,1230.5,966.835,13.5489,6570
10/28/2014,1228.25,964.572,13.5276,6635
10/29/2014,1228,959.006,13.51033,6620
10/30/2014,1205.75,952.456,13.3333,6545
10/31/2014,1173.25,931.325,12.8776,6615
11/3/2014,1170.75,935.397,12.9241,6575
11/4/2014,1169.25,931.635,12.8816,6530
11/5/2014,1145.25,914.991,12.2825,6460
11/6/2014,1144.5,920.714,12.2074,6480
11/7/2014,1145,928.801,12.4435,6500
11/10/2014,1172,934.685,12.5501,6525
11/11/2014,1151.25,930.935,12.5413,6480
11/12/2014,1163.25,934.666,12.5351,6540
11/13/2014,1161,931.561,12.6304,6530
11/14/2014,1154,938.278,12.3343,6445
11/17/2014,1187,949.037,12.9693,6485
11/18/2014,1202,953.666,12.9983,6445
11/19/2014,1200.75,953.596,12.9717,6460
11/20/2014,1194,949.493,12.9238,6445
11/21/2014,1193.25,968.579,13.1166,6545
11/24/2014,1196,963.705,13.1587,6505
11/25/2014,1202.25,961.353,13.3987,6525
11/26/2014,1195.75,957.081,13.3349,6465
11/27/2014,1196.5,956.489,13.1549,6430
11/28/2014,1184.5,948.4,12.7996,6335
12/1/2014,1178.75,956.271,12.6254,6200
12/2/2014,1197,963.399,12.9924,6280
12/3/2014,1203.25,978.755,13.2262,6295
12/4/2014,1204,975.944,13.3409,6340
12/5/2014,1204.5,971.047,13.2227,6380
12/8/2014,1195.25,971.577,13.2583,6305
12/9/2014,1206.5,987.525,13.2508,6255
12/10/2014,1228.25,990.091,13.7847,6325
12/11/2014,1219.5,981.638,13.6232,6320
12/12/2014,1223.5,978.06,13.7064,6375
12/15/2014,1210.75,971.988,13.5548,6400
12/16/2014,1199.25,959.697,12.9904,6295
12/17/2014,1199,960.442,12.803,6215
12/18/2014,1210.75,976.384,13.0604,6225
12/19/2014,1197.5,973.693,12.9332,6300
12/22/2014,1195.25,974.839,13.1251,6280
12/23/2014,1179.5,966.185,12.8486,6220
12/24/2014,1177,NA,12.9262,6235
12/29/2014,1194,972.678,13.1244,6175
12/30/2014,1186.5,990.229,12.982,6180
12/31/2014,1199.25,NA,13.1397,6185
1/2/2015,1184.25,974.879,13.0319,6125
1/5/2015,1192,1005.53,13.3356,6040
1/6/2015,1211,1014.715,13.696,6015
1/7/2015,1213.75,1023.679,13.8109,5995
1/8/2015,1206.5,1030.521,13.9071,6045
1/9/2015,1211.25,1030.769,13.7499,5955
1/12/2015,1222,1035.72,13.9976,5945
1/13/2015,1239,1047.283,14.4178,5725
1/14/2015,1228.75,1049.01,14.1557,5450
1/15/2015,1235.25,1082.173,14.63,5595
1/16/2015,1258.25,1107.211,14.6013,5615
1/19/2015,1275.5,1096.076,15.23,5555
1/20/2015,1292.25,1112.142,15.366,5655
1/21/2015,1298,1110.11,15.7395,5530
1/22/2015,1287,1130.179,15.5447,5605
1/23/2015,1293.5,1148.957,16.3074,5470
1/26/2015,1282.75,1136.263,15.8842,5365
1/27/2015,1279,1133.644,15.8422,5430
1/28/2015,1287,1138.614,15.8511,5375
1/29/2015,1275.5,1119.025,15.4071,5320
1/30/2015,1263.5,1114.378,14.918,5405
2/2/2015,1274.25,1120.553,15.2013,5435
2/3/2015,1281,1104.92,15.5087,5605
2/4/2015,1269.25,1111.354,15.1811,5625
2/5/2015,1263.75,1101.61,14.881,5540
2/6/2015,1264,1094.646,15.0472,5610
2/9/2015,1242.25,1092.152,15.0044,5600
2/10/2015,1237.5,1091.078,14.8923,5530
2/11/2015,1235.5,1082.956,14.9973,5605
2/12/2015,1225.25,1074.159,14.8889,5640
2/13/2015,1225.75,1079.531,14.7726,5670
2/16/2015,1233.5,1077.344,15.1252,5645
2/17/2015,1221.75,1060.779,14.7015,5615
2/18/2015,1206.5,1062.321,14.4428,5640
2/19/2015,1217.75,1062.549,14.6819,5660
2/20/2015,1203.5,1069.721,14.4321,5640
2/23/2015,1193.5,1062.732,14.3185,5600
2/24/2015,1195.5,1054.47,14.417,5665
2/25/2015,1206.5,1061.267,14.5552,5730
2/26/2015,1220,1076.392,14.8194,5825
2/27/2015,1205,1085.479,14.7274,5775
3/2/2015,1216.75,1081.334,14.8151,5815
3/3/2015,1207.75,1083.296,14.7172,5770
3/4/2015,1204.25,1082.288,14.6644,5795
3/5/2015,1199.75,1088.965,14.6529,5730
3/6/2015,1196.5,1082.942,14.6174,5725
3/9/2015,1173.75,1077.107,14.658,5695
3/10/2015,1161,1081.937,14.701,5675
3/11/2015,1158.75,1088.397,14.7561,5685
3/12/2015,1161.25,1083.706,14.7396,5770
3/13/2015,1156.5,1096.099,14.6669,5760
3/16/2015,1157,1088.9,14.7986,5755
3/17/2015,1154.75,1084.335,14.6599,5660
3/18/2015,1149,1081.291,14.5888,5590
3/19/2015,1164,1094.425,14.8508,5720
3/20/2015,1171.75,1096.96,15.091,5800
3/23/2015,1181.4,1085.61,15.3599,5955
3/24/2015,1193.25,1091.72,15.4497,6010
3/25/2015,1192.55,1090.48,15.4098,6025
3/26/2015,1209.4,1100.68,15.5798,6125
3/27/2015,1198,1099.14,15.7841,6050
3/30/2015,1187.4,1095.1,15.3683,6005
3/31/2015,1179.25,1106.22,15.4519,5950
4/1/2015,1181.25,1112.97,15.3975,5930
4/2/2015,1201.5,1102.68,15.5595,5910
4/7/2015,1208.5,1114.38,15.5206,5960
4/8/2015,1211.1,1112.95,15.4893,5965
4/9/2015,1196,1114.34,15.1459,5965
4/10/2015,1201.9,1137.8,15.6398,5975
4/13/2015,1197.85,1132.53,15.4555,5925
4/14/2015,1191.45,1118.97,15.2014,5845
4/15/2015,1189.85,1120.99,15.2786,5850
4/16/2015,1204.6,1123.07,15.371,6015
4/17/2015,1204.55,1116.28,15.1215,6050
4/20/2015,1203.25,1114.42,15.0023,5995
4/21/2015,1197.7,1118.2,15.0534,5970
4/22/2015,1202.4,1108.86,14.9039,6020
4/23/2015,1187.75,1101.77,14.7659,5990
4/24/2015,1192.15,1093.95,14.6317,6075
4/27/2015,1182.75,1103.93,14.6058,6100
4/28/2015,1201.4,1103.15,14.915,6110
4/29/2015,1204.8,1091.8,14.9886,6110
4/30/2015,1204.3,1059.71,14.7579,6240
5/1/2015,1179,1044.41,14.3478,6355
5/5/2015,1187.4,1075.834,14.7569,6410
5/6/2015,1191.25,1053.92,14.6048,6420
5/7/2015,1183,1053.239,14.4167,6450
5/8/2015,1185.25,1056.194,14.5391,6410
5/11/2015,1184.75,1065.947,14.6943,6385
5/12/2015,1184.45,1058.899,14.6298,6475
5/13/2015,1193,1068.049,14.8356,6440
5/14/2015,1214.75,1074.844,15.2191,6425
5/15/2015,1216.3,1073.557,15.1942,6375
5/18/2015,1228.15,1078.544,15.5032,6405
5/19/2015,1219.65,1088.595,15.5205,6310
5/20/2015,1206.75,1090.197,15.3867,6225
5/21/2015,1209.6,1082.392,15.3887,6235
5/22/2015,1211,1092.6,15.4224,6205
5/26/2015,1194,1087.298,15.3952,6140
5/27/2015,1187.85,1092.144,15.3055,6100
5/28/2015,1189.45,1087.805,15.2608,6125
5/29/2015,1190.4,1082.648,15.214,6110
6/1/2015,1187.3,1097.628,15.2051,6020
6/2/2015,1188.75,1070.952,15.1515,6040
6/3/2015,1186.6,1059.331,14.9254,6055
6/4/2015,1182.45,1042.137,14.5059,6015
6/5/2015,1175.9,1050.277,14.3901,5995
6/8/2015,1173.4,1047.564,14.4308,6000
6/9/2015,1181,1046.345,14.3136,6065
6/10/2015,1186,1049.865,14.2832,6125
6/11/2015,1180.5,1049.842,14.0854,6000
6/12/2015,1179.25,1053.86,14.2423,5960
6/15/2015,1178.25,1051.208,14.2017,5845
6/16/2015,1182.1,1046.842,14.2502,5905
6/17/2015,1178.5,1045.67,14.1981,5885
6/18/2015,1198,1054.301,14.2494,5885
6/19/2015,1198.15,1060.732,14.2693,5790
6/22/2015,1193.7,1043.161,14.2719,5790
6/23/2015,1183.35,1055.603,14.2195,5860
6/24/2015,1175.75,1049.256,14.2678,5900
6/25/2015,1174.6,1048.319,14.0829,5850
6/26/2015,1174.4,1045.836,14.1339,5860
6/29/2015,1176.5,1056.651,14.2279,5885
6/30/2015,1175,1046.19,14.0442,5840
7/1/2015,1171.7,1055.152,14.0646,5870
7/2/2015,1164.3,1050.295,14.1012,5885
7/3/2015,1168.25,1052.207,14.0812,5885
7/6/2015,1164.25,1055.729,14.1252,5695
7/7/2015,1166.25,1056.225,14.2103,5570
7/8/2015,1154.25,1050.365,13.6112,5510
7/9/2015,1162.1,1052.239,13.9337,5715
7/10/2015,1162.4,1036.153,13.7983,5705
7/13/2015,1154.95,1044.297,13.9617,5745
7/14/2015,1153.2,1048.75,13.8556,5660
7/15/2015,1154.75,1047.041,13.8967,5790
7/16/2015,1145.1,1048.658,13.7123,5710
7/17/2015,1143,1044.296,13.7934,5660
7/20/2015,1115,1018.299,13.6913,5610
7/21/2015,1108,1014.358,13.5845,5670
7/22/2015,1096.8,999.495,13.5286,5535
7/23/2015,1101.65,998.135,13.5334,5515
7/24/2015,1083.75,985.772,13.2256,5410
7/27/2015,1098.6,990.589,13.2737,5360
7/28/2015,1095.6,991.857,13.1775,5405
7/29/2015,1096.75,988.082,13.2145,5460
7/30/2015,1085.65,994.786,13.3564,5390
7/31/2015,1080.05,990.174,13.2617,5355
8/3/2015,1093,995.396,13.4398,5320
8/4/2015,1092.6,994.393,13.2471,5360
8/5/2015,1086.5,997.793,13.3591,5305
8/6/2015,1085,998.397,13.3645,5305
8/7/2015,1091.35,1005.471,13.4974,5275
8/10/2015,1094.8,999.863,13.6139,5285
8/11/2015,1113.25,1001.536,13.8766,5260
8/12/2015,1116.8,1000.85,13.7832,5230
8/13/2015,1117.35,1004.543,13.7897,5260
8/14/2015,1116.75,1003.59,13.9175,5260
8/17/2015,1117.3,1009.383,13.738,5210
8/18/2015,1119.15,1006.794,13.7679,5115
8/19/2015,1123.2,1020.618,13.442,5110
8/20/2015,1137.95,1027.714,13.8702,5105
8/21/2015,1149.35,1023.768,13.6935,5140
8/24/2015,1153.5,999.957,12.9981,4980
8/25/2015,1154.25,992.107,12.9293,5085
8/26/2015,1134.4,984.712,12.6127,4995
8/27/2015,1128.5,993.96,12.6417,5065
8/28/2015,1125.5,1010.551,12.8026,5130
9/1/2015,1141.9,1013.351,13.0246,5145
9/2/2015,1140,1012.233,12.9238,5135
9/3/2015,1130.05,1013.705,13.1058,5280
9/4/2015,1125,1005.937,13.1903,5205
9/7/2015,1121,1003.451,13.0392,5220
9/8/2015,1120.85,1003.176,13.1128,5275
9/9/2015,1122.3,996.006,13.2454,5360
9/10/2015,1107.75,989.124,13.1499,5390
9/11/2015,1106.35,974.147,12.937,5330
9/14/2015,1108,976.446,12.7462,5275
9/15/2015,1105.5,978.068,12.698,5260
9/16/2015,1109.75,990.736,12.9334,5340
9/17/2015,1118.15,987.147,13.0389,5345
9/18/2015,1136,1000.57,13.3578,5330
9/21/2015,1136.85,1007.602,13.4563,5240
9/22/2015,1129.3,1007.627,13.3883,5140
9/23/2015,1124.6,1011.579,13.2593,5115
9/24/2015,1134.45,1025.63,13.1689,5055
9/25/2015,1145.5,1025.764,13.4235,5085
9/28/2015,1137.5,1012.442,13.152,4950
9/29/2015,1124.6,1007.924,12.9583,5010
9/30/2015,1122.5,996.021,13.0629,5075
10/1/2015,1114.2,999.196,13.0517,NA
10/2/2015,1106.3,1009.469,12.9289,NA
10/5/2015,1134.35,1016.273,13.5616,NA
10/6/2015,1136.9,1022.955,13.9699,NA
10/7/2015,1147.9,1018.418,14.056,NA
10/8/2015,1143.3,1013.829,13.8227,NA
10/9/2015,1151.5,1014.269,14.0683,NA
10/12/2015,1164.2,1024.493,14.0394,NA
10/13/2015,1154.4,1024.352,13.717,NA
10/14/2015,1173.7,1027.978,13.8826,NA
10/15/2015,1183.35,1040.413,14.152,NA
10/16/2015,1176.35,1038.521,14.1371,NA
10/19/2015,1171.65,1037.927,14.0094,NA
10/20/2015,1173.7,1037.757,13.9343,NA
10/21/2015,1174.4,1028.237,13.8644,NA
10/22/2015,1166.45,1044.95,13.9348,NA
10/23/2015,1171.55,1053.957,14.4081,NA
10/26/2015,1168.5,1056.235,14.6138,NA
10/27/2015,1165.75,1055.696,14.2896,NA
10/28/2015,1171.5,1065.198,14.4845,NA
10/29/2015,1159,1048.136,14.4369,NA
10/30/2015,1147.75,1033.287,14.1859,NA
11/2/2015,1135.8,1027.826,13.9835,NA
11/3/2015,1130.9,1026.6,14.0201,NA
11/4/2015,1118,1024.399,13.9654,NA
11/5/2015,1107.3,1017.849,13.8077,NA
11/6/2015,1107.7,1013.496,13.8654,NA
11/9/2015,1095.6,1015.707,13.7118,NA
11/10/2015,1092.5,1017.55,13.5588,NA
11/11/2015,1088.6,1010.187,13.4739,NA
11/12/2015,1087.6,1007.738,13.4298,NA
11/13/2015,1083.75,1008.697,13.3364,NA
11/16/2015,1094.5,1012.768,13.3693,NA
11/17/2015,1080.8,1011.387,13.3652,NA
11/18/2015,1070.5,1001.336,13.2865,NA
11/19/2015,1073.1,1010.265,13.2643,NA
11/20/2015,1085.15,1012.187,13.3814,NA
11/23/2015,1068.35,1006.062,13.1589,NA
11/24/2015,1073,1011.369,13.2845,NA
11/25/2015,1072.2,1009.5,13.2874,NA
11/26/2015,1070.5,1008.451,13.4621,NA
11/27/2015,1064.65,999.504,13.3365,NA
11/30/2015,1055.65,1003.734,13.3157,NA
12/1/2015,1069.25,1002.399,13.4082,NA
12/2/2015,1066.9,998.227,13.3447,NA
12/3/2015,1050.6,975.597,13.2063,NA
12/4/2015,1063,986.157,12.974,NA
12/7/2015,1082.7,994.132,13.4055,NA
12/8/2015,1071.75,986.066,13.1123,NA
12/9/2015,1078.4,984.831,13.0642,NA
12/10/2015,1072,977.056,12.9359,NA
12/11/2015,1067.2,976.154,12.6903,NA
12/14/2015,1068,971.445,12.4909,NA
12/15/2015,1069.15,968.831,12.4818,NA
12/16/2015,1065.75,983.85,12.5801,NA
12/17/2015,1065.85,967.456,12.9853,NA
12/21/2015,1071.15,989.815,13.0695,NA
12/22/2015,1077,979.945,13.0117,NA
12/23/2015,1071.5,979.486,13.1095,NA
12/24/2015,1071.9,NA,12.9751,NA
12/29/2015,1067.25,979.075,12.6971,NA
12/30/2015,1067.8,970.729,12.6534,NA
12/31/2015,1062.25,NA,12.6882,NA
1/4/2016,1072.7,998.418,12.8229,4645
1/5/2016,1078,1003.396,13.0217,4660
1/6/2016,1083.85,1015.312,13.0206,4615
1/7/2016,1096,1019.311,12.9095,4510
1/8/2016,1097.45,1013.3,12.9151,4480
1/11/2016,1104.7,1010.697,12.82,4400
1/12/2016,1094.85,1000.599,12.7856,4370
1/13/2016,1081.8,1003.182,12.7772,4380
1/14/2016,1090.75,997.343,12.8259,4365
1/15/2016,1081.1,997.765,12.6559,4315
1/18/2016,1090.45,999.633,12.7433,4360
1/19/2016,1087,997.017,12.9166,4435
1/20/2016,1093.2,1010.316,12.8805,4345
1/21/2016,1096.8,1012.746,12.8485,4380
1/22/2016,1097.65,1013.451,13.0804,4445
1/25/2016,1103.7,1021.367,13.1448,4445
1/26/2016,1114.7,1027.97,13.2379,4490
1/27/2016,1116.5,1025.494,13.2206,4490
1/28/2016,1119,1019.726,12.4484,4530
2/1/2016,1122,1033.012,13.1843,4510
2/2/2016,1123.6,1032.432,13.0574,4590
2/3/2016,1130,1026.757,13.1923,4570
2/4/2016,1146.25,1031.396,13.1866,4665
2/5/2016,1158.5,1034.208,13.3161,4650
2/8/2016,1173.4,1071.814,13.4304,4565
2/9/2016,1188.9,1057.351,13.6781,4515
2/10/2016,1183.4,1059.568,13.4269,4490
2/11/2016,1223.25,1095.852,13.7946,4450
2/15/2016,1208.45,1084.641,13.6347,4540
2/16/2016,1212,1085.46,13.7545,4565
2/17/2016,1202.4,1088.08,13.6808,4570
2/18/2016,1204.4,1090.663,13.7437,4580
2/19/2016,1221.5,1108.571,13.8381,4590
2/22/2016,1203.65,1100.008,13.5931,4690
2/23/2016,1218.75,1109.722,13.8373,4670
2/24/2016,1232.25,1135.093,13.9692,4590
2/26/2016,1231,1120.519,13.7596,4675
2/29/2016,1234.15,1133.69,13.5508,4680
3/1/2016,1240,1140.577,13.7826,4705
3/2/2016,1229.35,1143.279,13.659,4755
3/3/2016,1241.95,1143.551,13.7567,4810
3/7/2016,1267.6,1158.056,14.2948,4965
3/8/2016,1274.1,1147.376,14.2208,4955
3/9/2016,1258.25,1136.688,13.916,4900
3/10/2016,1247.25,1145.729,13.916,4890
3/11/2016,1262.25,1135.141,13.9552,4900
3/14/2016,1256.55,1119.813,14.0427,4940
3/15/2016,1233.6,1111.007,13.808,4870
3/16/2016,1233.1,1110.332,13.7847,4905
3/17/2016,1269.6,1119.945,13.8859,4985
3/18/2016,1254.5,1108.598,14.1337,5035
3/21/2016,1244.25,1106.04,14.0222,5025
3/22/2016,1251.8,1115.591,14.1609,5015
3/23/2016,1232.2,1088.974,13.9182,5015
3/24/2016,1216.45,1094.282,13.7028,4890
3/29/2016,1216.45,1094.374,13.4404,4885
3/30/2016,1238.2,1091.189,13.5878,4890
3/31/2016,1233.6,1084.853,13.5173,4800
4/1/2016,1232.1,1067.443,13.477,4840
4/4/2016,1215,1069.487,13.1679,4790
4/5/2016,1231.5,1085.561,13.3715,4755
4/6/2016,1225.75,1072.429,13.2787,4750
4/7/2016,1237.5,1093.141,13.3826,4695
4/8/2016,1235,1087.618,13.338,4635
4/11/2016,1247.25,1096.476,13.6611,4635
4/12/2016,1259.2,1103.52,13.9828,4695
4/13/2016,1245.75,1104.684,14.1366,4815
4/14/2016,1240.3,1093.825,14.3212,4815
4/15/2016,1229.75,1086.395,14.3338,4785
4/18/2016,1237.7,1091.732,14.3287,4775
4/19/2016,1241.7,1103.082,14.6651,4800
4/20/2016,1247.75,1103.832,14.9305,4925
4/21/2016,1257.65,1106.052,15.3125,5005
4/22/2016,1245.4,1105.356,15.2569,5000
4/25/2016,1230.85,1100.291,14.9813,4985
4/26/2016,1234.5,1096.031,15.0213,4930
4/27/2016,1244.75,1102.425,15.3356,4920
4/28/2016,1256.6,1108.031,15.2931,4895
4/29/2016,1274.5,1123.295,15.6678,5030
5/3/2016,1296.5,1119.4,15.1023,4950
5/4/2016,1280.3,1117.731,14.9599,4885
5/5/2016,1275.75,1122.446,15.2109,4800
5/6/2016,1280.25,1128.134,15.1483,4790
5/9/2016,1277.75,1110.703,15.2164,4725
5/10/2016,1264.85,1109.382,15,4700
5/11/2016,1271.8,1117.397,15.3637,4735
5/12/2016,1268.3,1121.026,15.1233,4735
5/13/2016,1275.15,1120.518,15.0639,4655
5/16/2016,1281,1134.379,15.2963,4640
5/17/2016,1270.1,1125.996,15.0857,4640
5/18/2016,1270.9,1128.828,15.126,4600
5/19/2016,1253.75,1113.098,14.8175,4590
5/20/2016,1256.5,1117.75,14.7673,4630
5/23/2016,1250.4,1113.585,14.5547,4570
5/24/2016,1242.65,1108.836,14.5515,4620
5/25/2016,1220.75,1094.634,14.5441,4625
5/26/2016,1226.65,1093.755,14.7267,4695
5/27/2016,1221.25,1090.733,14.5848,4715
5/31/2016,1210.5,1084.951,14.3997,4685
6/1/2016,1216.25,1088.313,14.296,4595
6/2/2016,1215.5,1085.825,14.2691,4595
6/3/2016,1211,1093.997,14.4511,4690
6/6/2016,1240.55,1095.591,14.4672,4720
6/7/2016,1241.1,1092.576,14.3574,4635
6/8/2016,1252.4,1107.65,14.7279,4640
6/9/2016,1258.35,1116.656,15.03,4615
6/10/2016,1266.6,1129.583,15.3301,4570
6/13/2016,1284.1,1136.198,15.3696,4580
6/14/2016,1279.4,1149.296,15.3689,4585
6/15/2016,1282,1142.907,15.5086,4690
6/16/2016,1307,1175.874,15.7928,4580
6/17/2016,1284.5,1145.109,15.4263,4565
6/20/2016,1283.25,1129.65,15.3028,4625
6/21/2016,1280.8,1131.087,15.3411,4630
6/22/2016,1265,1116.863,15.228,4735
6/23/2016,1265.75,1108.546,15.1613,4780
6/24/2016,1313.85,1189.08,16.3214,4700
6/27/2016,1324.6,1202.426,16.0646,4735
6/28/2016,1312,1183.969,15.8431,4825
6/29/2016,1317.75,1187.5,16.4187,4820
6/30/2016,1317,1187.75,16.4752,4870
7/1/2016,1331.75,1202.918,17.2928,4835
7/4/2016,1348.75,1212.974,18.3061,4960
7/5/2016,1344.75,1212.028,17.6887,4905
7/6/2016,1370,1235.363,18.462,4775
7/7/2016,1367.1,1223.608,18.0038,4785
7/8/2016,1356.1,1225.596,17.8187,4765
7/11/2016,1358.25,1226.683,18.5266,4810
7/12/2016,1352.85,1210.308,18.3532,4880
7/13/2016,1340.25,1211.026,18.3073,4980
7/14/2016,1325.7,1191.24,18.2301,4975
7/15/2016,1330.5,1197.219,18.0839,5005
7/18/2016,1326.15,1205.901,17.8397,4895
7/19/2016,1332.2,1207.392,18.0774,5000
7/20/2016,1325.6,1196.022,17.8896,4960
7/21/2016,1322,1200.397,17.5547,5010
7/22/2016,1323.2,1199.241,17.8798,5010
7/25/2016,1315,1196.411,17.6663,4970
7/26/2016,1321.25,1203.665,17.8925,4915
7/27/2016,1320.8,1207.928,17.8081,4925
7/28/2016,1341.3,1208.246,18.4156,4920
7/29/2016,1332.5,1202.164,18.0346,4905
8/1/2016,1348.85,1208.477,18.3683,4965
8/2/2016,1358.15,1215.92,18.5109,4940
8/3/2016,1364.4,1215.128,18.3856,4900
8/4/2016,1351.15,1223.204,18.1116,4855
8/5/2016,1362.6,1212.66,18.141,4860
8/8/2016,1330,1207.13,17.7389,4855
8/9/2016,1332.9,1207.302,17.7734,4830
8/10/2016,1351.85,1205.787,18.1936,4920
8/11/2016,1344.55,1213.267,18.1272,4860
8/12/2016,1336.7,1207.785,17.8142,4805
8/15/2016,1339.2,1197.156,17.814,4810
8/16/2016,1349.1,1192.666,17.7662,4860
8/17/2016,1342.75,1192.492,17.3662,4820
8/18/2016,1347.1,1193.579,17.4689,4870
8/19/2016,1346.85,1189.41,17.142,4840
8/22/2016,1334.3,1181.203,16.739,4805
8/23/2016,1338.5,1185.254,16.7505,4795
8/24/2016,1337.3,1178.465,16.7036,4730
8/25/2016,1324.5,1169.747,16.3862,4700
8/26/2016,1324.9,1170.523,16.5382,4690
8/30/2016,1318.85,1182.776,16.8174,4675
8/31/2016,1314.45,1174.921,16.8192,4670
9/1/2016,1305.7,1174.36,16.7265,4755
9/2/2016,1311.5,1182.295,16.7635,4735
9/5/2016,1328.3,1190.266,17.431,4730
9/6/2016,1330.05,1195.502,17.5533,4755
9/7/2016,1348.75,1198.413,17.7098,4775
9/8/2016,1348,1190.118,17.6481,4750
9/9/2016,1335.65,1187.384,17.2349,4750
9/12/2016,1327.5,1179.689,16.6815,4695
9/13/2016,1328.5,1178.313,17.0584,4765
9/14/2016,1323.2,1177.283,16.9606,4805
9/15/2016,1320.1,1167.267,16.8683,4840
9/16/2016,1314.25,1170.842,16.8463,4845
9/19/2016,1315.05,1176.396,17.1311,4845
9/20/2016,1315.4,1175.325,17.1467,4860
9/21/2016,1319.6,1190.042,17.4307,4870
9/22/2016,1332.45,1189.924,17.6903,4935
9/23/2016,1335.9,1193.54,17.6649,4940
9/26/2016,1336.3,1190.9,17.2877,4925
9/27/2016,1335.85,1183.419,17.2622,4905
9/28/2016,1324.8,1179.935,17.0516,4925
9/29/2016,1320.85,1175.218,16.946,4935
9/30/2016,1327.9,1179.935,17.3325,4950
10/3/2016,1318.65,1170.676,17.0671,NA
10/4/2016,1309.15,1150.735,16.7771,NA
10/5/2016,1274,1133.828,15.856,NA
10/6/2016,1265.5,1122.15,15.877,NA
10/7/2016,1255,1124.567,15.5538,NA
10/10/2016,1262.1,1129.52,15.9205,NA
10/11/2016,1256.4,1131.991,15.7804,NA
10/12/2016,1255.7,1138.766,15.8272,NA
10/13/2016,1258,1142.89,15.946,NA
10/14/2016,1256.15,1136.213,15.8645,NA
10/17/2016,1252.7,1140.864,15.834,NA
10/18/2016,1261.65,1146.22,16.0338,NA
10/19/2016,1269.75,1156.993,16.1052,NA
10/20/2016,1269.2,1161.016,16.0291,NA
10/21/2016,1263.95,1164.513,16.076,NA
10/24/2016,1267,1163.04,16.1939,NA
10/25/2016,1269.3,1168.737,16.2975,NA
10/26/2016,1273.9,1162.762,16.1692,NA
10/27/2016,1269.3,1160.012,16.1633,NA
10/28/2016,1265.9,1164.922,16.1323,NA
10/31/2016,1274.2,1162.608,16.2177,NA
11/1/2016,1284.4,1167.336,16.5412,NA
11/2/2016,1295.85,1173.636,16.7042,NA
11/3/2016,1293,1173.762,16.316,NA
11/4/2016,1301.7,1172.129,16.4835,NA
11/7/2016,1286.8,1161.16,16.4693,NA
11/8/2016,1284,1160.655,16.5369,NA
11/9/2016,1304.55,1170.046,16.9612,NA
11/10/2016,1280.9,1166.1,17.2003,NA
11/11/2016,1255.65,1137.163,17.0943,NA
11/14/2016,1222.6,1132.9,15.9494,NA
11/15/2016,1228.9,1144.13,15.7978,NA
11/16/2016,1225.7,1148.2,15.8456,NA
11/17/2016,1232,1147.75,15.8748,NA
11/18/2016,1206.1,1142.7,15.5388,NA
11/21/2016,1214.95,1142.73,15.687,NA
11/22/2016,1217.55,1141.82,15.7711,NA
11/23/2016,1213.25,1123.47,15.5947,NA
11/24/2016,1187.25,1121.46,15.4319,NA
11/25/2016,1187.5,1120,15.5492,NA
11/28/2016,1189.1,1121.24,15.7284,NA
11/29/2016,1187.3,1119.51,15.6111,NA
11/30/2016,1187.4,1111.89,15.6585,NA
12/1/2016,1168.75,1095.97,15.3455,NA
12/2/2016,1171.65,1102.03,15.3564,NA
12/5/2016,1164.9,1082.59,15.5371,NA
12/6/2016,1171.15,1092.42,15.6346,NA
12/7/2016,1171.25,1096.39,15.6407,NA
12/8/2016,1174.75,1101.72,15.8817,NA
12/12/2016,1154.4,1089.16,15.8967,NA
12/13/2016,1157.35,1088.81,16.0351,NA
12/14/2016,1160.95,1091.82,16.0672,NA
12/15/2016,1132.45,1081.65,15.5088,NA
12/16/2016,1134.85,1085.09,15.3603,NA
12/19/2016,1137.6,1089.21,15.3404,NA
12/20/2016,1132.75,1085.4,15.2216,NA
12/21/2016,1134.4,1085.13,15.4016,NA
12/22/2016,1130.55,1080.21,15.0952,NA
12/23/2016,1131,NA,15.0636,NA
12/28/2016,1139.75,1092.51,15.217,NA
12/29/2016,1146.8,1095.71,15.3625,NA
12/30/2016,1159.1,NA,15.3802,NA
1/3/2017,1148.65,1109.56,15.3454,5575
1/4/2017,1165.9,1113.14,15.7415,5515
1/5/2017,1173.05,1116.69,15.809,5630
1/6/2017,1178,1114,15.5423,5580
1/9/2017,1176.1,1119.22,15.696,5590
1/10/2017,1183.2,1122.65,15.7618,5675
1/11/2017,1187.55,1125.4,15.9616,5740
1/12/2017,1206.65,1129.37,15.8735,5805
1/13/2017,1196.35,1122.5,15.7445,5860
1/16/2017,1202.75,1134.79,15.8709,5905
1/17/2017,1217.5,1135.06,15.873,5815
1/18/2017,1212.5,1137.01,16.018,5775
1/19/2017,1203.35,1129.19,15.8946,5760
1/20/2017,1199.1,1126.24,15.877,5760
1/23/2017,1213.75,1130.62,15.9769,5815
1/24/2017,1213.3,1130.04,15.9235,5915
1/25/2017,1203.5,1113.86,15.7474,5915
1/26/2017,1191.55,1112.85,15.713,5935
1/27/2017,1184.2,1106.77,15.6148,5885
1/30/2017,1189.85,1118.73,16.0398,5900
1/31/2017,1198.8,1123.17,16.0792,5950
2/1/2017,1210,1120.48,16.2948,5945
2/2/2017,1224.05,1129.57,16.383,5940
2/3/2017,1213.05,1128.19,16.1044,5870
2/6/2017,1221.85,1144.44,16.3934,5820
2/7/2017,1231,1153.45,16.4918,5845
2/8/2017,1235.6,1161.49,16.6604,5915
2/9/2017,1241.75,1159.99,16.5855,5900
2/10/2017,1225.75,1156.08,16.5586,5895
2/13/2017,1229.4,1152.95,16.8859,6115
2/14/2017,1229.65,1159.74,16.8502,6170
2/15/2017,1225.15,1159.26,16.935,6055
2/16/2017,1236.75,1163.76,17.0225,6055
2/17/2017,1241.4,1166.32,16.9093,5975
2/20/2017,1235.35,1164.92,16.9224,6020
2/21/2017,1228.7,1170.31,16.9686,6055
2/22/2017,1237.5,1176.67,17.1445,6010
2/23/2017,1237.35,1179.39,17.0568,6025
2/24/2017,1255.35,1185.58,17.2261,5920
2/27/2017,1256.25,1186.04,17.3297,5955
2/28/2017,1251.9,1184.16,17.242,5960
3/1/2017,1246.05,1177.02,17.3975,6060
3/2/2017,1243.3,1178.05,17.4223,6010
3/3/2017,1228.75,1161.62,16.7568,5935
3/6/2017,1231.15,1161.16,16.8321,5890
3/7/2017,1223.7,1151.8,16.736,5850
3/8/2017,1213.3,1145.84,16.4804,5830
3/9/2017,1204.6,1139.35,16.2295,5705
3/10/2017,1196.55,1131.09,15.9219,5765
3/13/2017,1207.8,1129.06,15.9528,5830
3/14/2017,1203.55,1132.44,15.9895,5800
3/15/2017,1202.25,1128.07,15.9168,5895
3/16/2017,1225.6,1144.65,16.2797,5955
3/17/2017,1228.75,1144.27,16.2087,5930
