DATE,DDFUELNYH,DCOILWTICO,DGASNYH
2/8/2012,3.212,117.18,3.001
2/9/2012,3.231,118.4,3.032
2/10/2012,3.202,118.13,3.001
2/13/2012,3.176,118.73,3.027
2/14/2012,3.2,118.3,2.999
2/15/2012,3.219,120.25,3.023
2/16/2012,3.232,121,3.05
2/17/2012,3.225,120.69,3.023
2/21/2012,3.272,120.85,3.061
2/22/2012,3.307,123.07,3.107
2/23/2012,3.326,124.53,3.133
2/24/2012,3.335,124.89,3.151
2/27/2012,3.304,126.46,3.113
2/28/2012,3.267,124.02,3.232
2/29/2012,3.254,122.23,3.27
3/1/2012,3.321,125.76,3.155
3/2/2012,3.26,125.93,3.098
3/5/2012,3.279,126.68,3.038
3/6/2012,3.254,125.03,2.989
3/7/2012,3.286,125.37,3.037
3/8/2012,3.323,127.96,3.057
3/9/2012,3.329,128.08,3.097
3/12/2012,3.313,127.27,3.088
3/13/2012,3.338,128.14,3.13
3/14/2012,3.329,126.98,3.146
3/15/2012,3.296,123.63,3.071
3/16/2012,3.364,125.09,3.149
3/19/2012,3.333,125.76,3.192
3/20/2012,3.316,124.38,3.204
3/21/2012,3.288,123.89,3.192
3/22/2012,3.258,122.49,3.23
3/23/2012,3.288,125.21,3.276
3/26/2012,3.319,125.85,3.303
3/27/2012,3.307,125.25,3.289
3/28/2012,3.308,124.41,3.3
3/29/2012,3.268,123.23,3.324
3/30/2012,3.269,123.41,3.318
4/2/2012,3.35,124.44,3.384
4/4/2012,3.264,123.04,3.346
4/5/2012,3.26,123.58,3.302
4/10/2012,3.185,121.89,3.215
4/11/2012,3.202,120.41,3.265
4/12/2012,3.263,120.57,3.335
4/13/2012,3.271,120.62,3.322
4/16/2012,3.205,118.23,3.232
4/17/2012,3.213,117.41,3.199
4/18/2012,3.203,115.18,3.156
4/19/2012,3.205,117,3.094
4/20/2012,3.199,118.08,3.089
4/23/2012,3.201,116.66,3.121
4/24/2012,3.205,117.74,3.084
4/25/2012,3.25,117.45,3.076
4/26/2012,3.276,119.33,3.09
4/27/2012,3.266,119.3,3.082
4/30/2012,3.257,118.66,3.057
5/1/2012,3.259,119.57,3.043
5/2/2012,3.227,117.57,2.999
5/3/2012,3.168,115.91,2.955
5/4/2012,3.083,111.66,2.879
5/8/2012,3.064,110.48,2.936
5/9/2012,3.068,111.89,2.945
5/10/2012,3.053,112.24,2.941
5/11/2012,3.038,112.5,2.945
5/14/2012,2.996,110.79,2.961
5/15/2012,3.003,111.4,2.9
5/16/2012,2.957,109.8,2.864
5/17/2012,2.91,109.31,2.819
5/18/2012,2.884,108.03,2.833
5/21/2012,2.921,109.02,2.883
5/22/2012,2.913,109.76,2.852
5/23/2012,2.881,106.88,2.8
5/24/2012,2.888,107.2,2.794
5/25/2012,2.89,107.86,2.807
5/29/2012,2.875,107.55,2.829
5/30/2012,2.804,103.85,2.774
5/31/2012,2.78,103.86,2.631
6/1/2012,2.712,98.63,2.623
6/4/2012,2.696,97.74,2.674
6/5/2012,2.702,98.65,2.682
6/6/2012,2.747,101.14,2.698
6/7/2012,2.725,100.05,2.666
6/8/2012,2.754,97.57,2.695
6/11/2012,2.686,98.6,2.642
6/12/2012,2.701,96.59,2.665
6/13/2012,2.697,97.29,2.663
6/14/2012,2.736,96.46,2.708
6/15/2012,2.753,97.13,2.683
6/18/2012,2.726,95.21,2.61
6/19/2012,2.734,95.14,2.6
6/20/2012,2.694,93.5,2.537
6/21/2012,2.635,89.22,2.441
6/22/2012,2.667,89.22,2.49
6/25/2012,2.656,88.69,2.538
6/26/2012,2.693,90.19,2.523
6/27/2012,2.708,92.06,2.486
6/28/2012,2.668,91.02,2.437
6/29/2012,2.819,94.17,2.59
7/2/2012,2.794,95.28,2.591
7/3/2012,2.882,99.89,2.683
7/5/2012,2.875,101.54,2.711
7/6/2012,2.849,98.5,2.671
7/9/2012,2.883,99.94,2.747
7/10/2012,2.863,99.15,2.736
7/11/2012,2.901,99.23,2.77
7/12/2012,2.901,99.18,2.795
7/13/2012,2.922,101.91,2.796
7/16/2012,2.939,102.1,2.837
7/17/2012,2.945,104.21,2.789
7/18/2012,2.978,105.92,2.818
7/19/2012,3.036,107.79,2.828
7/20/2012,3.021,106.98,2.827
7/23/2012,2.92,103.91,2.761
7/24/2012,2.908,103.57,2.71
7/25/2012,2.926,102.35,2.65
7/26/2012,2.947,104.77,2.667
7/27/2012,2.976,106.3,2.767
7/30/2012,2.953,106.54,2.788
7/31/2012,2.919,105.93,2.756
8/1/2012,2.955,106.78,2.822
8/2/2012,2.959,107.55,2.873
8/3/2012,3.048,109.57,2.945
8/6/2012,3.046,110.01,2.956
8/7/2012,3.096,112.39,2.998
8/8/2012,3.121,113.42,2.981
8/9/2012,3.162,113.52,3.021
8/10/2012,3.147,113.13,2.98
8/13/2012,3.144,114.48,2.96
8/14/2012,3.164,113.9,2.966
8/15/2012,3.218,115.51,3.053
8/16/2012,3.235,116.12,3.046
8/17/2012,3.218,115.2,2.984
8/20/2012,3.215,115.5,2.979
8/21/2012,3.247,116.03,3.037
8/22/2012,3.258,115.77,3.081
8/23/2012,3.252,117.45,3.065
8/24/2012,3.244,115.76,3.043
8/27/2012,3.26,113.74,3.211
8/28/2012,3.273,112.62,3.174
8/29/2012,3.259,112.53,3.113
8/30/2012,3.276,112.28,3.098
8/31/2012,3.324,113.93,3.133
9/4/2012,3.29,114.98,3.174
9/5/2012,3.26,113.32,3.188
9/6/2012,3.243,114.5,3.255
9/7/2012,3.257,113.64,3.359
9/10/2012,3.25,113.84,3.427
9/11/2012,3.274,114.86,3.444
9/12/2012,3.295,114.86,3.392
9/13/2012,3.288,116,3.205
9/14/2012,3.311,117.48,3.21
9/17/2012,3.215,116.7,3.131
9/18/2012,3.179,113.29,3.083
9/19/2012,3.108,108.49,3.063
9/20/2012,3.175,109.41,3.14
9/21/2012,3.222,111.27,3.252
9/24/2012,3.177,109.2,3.142
9/25/2012,3.183,110.77,3.205
9/26/2012,3.173,108.99,3.364
9/27/2012,3.226,111.45,3.439
9/28/2012,3.231,111.36,3.665
10/1/2012,3.221,112.58,3.332
10/3/2012,3.187,109.32,3.109
10/4/2012,3.299,110.48,3.269
10/5/2012,3.273,112.17,3.277
10/8/2012,3.274,112.6,3.186
10/9/2012,3.301,114.32,3.213
10/10/2012,3.331,116.11,3.207
10/11/2012,3.378,116.18,3.16
10/12/2012,3.328,115.17,3.05
10/15/2012,3.304,115,3.012
10/16/2012,3.274,115,2.965
10/17/2012,3.282,113.49,2.906
10/18/2012,3.287,112.58,2.83
10/19/2012,3.221,111.89,2.773
10/22/2012,3.153,109.62,2.741
10/23/2012,3.111,107.53,2.703
10/24/2012,3.113,107.66,2.676
10/25/2012,3.143,107.64,2.731
10/26/2012,3.19,108.9,2.737
10/29/2012,3.195,109.33,2.783
10/30/2012,3.164,109.4,2.799
10/31/2012,3.155,109.89,2.78
11/1/2012,3.16,108.84,2.673
11/2/2012,3.098,106.79,2.616
11/5/2012,3.138,105.59,2.668
11/6/2012,3.182,109.27,2.836
11/7/2012,3.095,108.21,2.759
11/8/2012,3.136,107.23,2.806
11/9/2012,3.167,108.61,2.984
11/12/2012,3.161,110.23,2.954
11/13/2012,3.154,108.82,2.956
11/14/2012,3.193,109.66,2.908
11/15/2012,3.156,110.07,2.897
11/16/2012,3.194,106.81,2.89
11/19/2012,3.28,110.06,2.828
11/20/2012,3.248,110.01,2.793
11/21/2012,3.274,110.81,2.832
11/23/2012,3.27,110.14,2.82
11/26/2012,3.243,110.18,2.785
11/27/2012,3.163,109.33,2.785
11/28/2012,3.153,108.26,2.78
11/29/2012,3.158,110.47,2.825
11/30/2012,3.166,110.84,2.769
12/3/2012,3.125,111.27,2.762
12/4/2012,3.06,109.99,2.727
12/5/2012,3.05,108.96,2.66
12/6/2012,3.011,108.01,2.62
12/7/2012,2.978,107.16,2.636
12/10/2012,3.016,108.25,2.615
12/11/2012,3.06,107.6,2.636
12/12/2012,3.093,110.17,2.66
12/13/2012,3.039,110.18,2.623
12/14/2012,3.061,109.28,2.69
12/17/2012,3.043,109.35,2.702
12/18/2012,3.063,109.96,2.729
12/19/2012,3.091,109.95,2.765
12/20/2012,3.119,110.57,2.793
12/21/2012,3.095,109.13,2.785
12/24/2012,3.075,108.44,2.789
12/26/2012,3.119,110.72,2.854
12/27/2012,3.129,110.04,2.841
12/28/2012,3.101,110.05,2.826
12/31/2012,3.074,110.8,2.835
1/2/2013,3.083,112.98,2.807
1/3/2013,3.061,113.03,2.794
1/4/2013,3.061,112.58,2.82
1/7/2013,3.078,112.49,2.833
1/8/2013,3.098,113.03,2.842
1/9/2013,3.101,113.07,2.813
1/10/2013,3.097,112.97,2.806
1/11/2013,3.081,110.3,2.75
1/14/2013,3.121,111.32,2.765
1/15/2013,3.065,111.72,2.728
1/16/2013,3.049,110.97,2.749
1/17/2013,3.057,111.01,2.786
1/18/2013,3.107,111.71,2.824
1/22/2013,3.123,112.72,2.862
1/23/2013,3.125,113.68,2.865
1/24/2013,3.133,114.59,2.888
1/25/2013,3.118,113.88,2.904
1/28/2013,3.098,113.92,2.952
1/29/2013,3.157,115.22,2.995
1/30/2013,3.172,115.42,3.068
1/31/2013,3.181,115.55,3.046
2/1/2013,3.23,115.55,3.1
2/4/2013,3.222,116.06,3.047
2/5/2013,3.238,117.03,3.07
2/6/2013,3.241,116.61,3.068
2/7/2013,3.261,117.17,3.028
2/8/2013,3.295,118.9,3.07
2/11/2013,3.289,118.29,3.038
2/12/2013,3.305,117.89,3.052
2/13/2013,3.318,118.43,3.053
2/14/2013,3.301,118.48,3.139
2/15/2013,3.306,117.4,3.157
2/19/2013,3.28,117.04,3.133
2/20/2013,3.255,116.23,3.066
2/21/2013,3.208,114.19,3.057
2/22/2013,3.217,113.74,3.114
2/25/2013,3.207,114.55,3.043
2/26/2013,3.167,112.96,2.997
2/27/2013,3.103,112.24,2.881
2/28/2013,3.067,112.2,2.891
3/1/2013,3.052,110.14,3.147
3/4/2013,3.043,109.9,2.896
3/5/2013,3.101,110.42,2.936
3/6/2013,3.096,110.27,2.909
3/7/2013,3.096,110.42,2.874
3/8/2013,3.092,108.91,2.948
3/11/2013,3.093,108.64,2.888
3/12/2013,3.056,108.48,2.883
3/13/2013,3.025,107.51,2.897
3/14/2013,3.023,108.1,2.931
3/15/2013,3.03,109.32,2.946
3/18/2013,3.007,108.54,2.91
3/19/2013,2.961,106.91,2.845
3/20/2013,2.996,108.27,2.868
3/21/2013,2.991,106.41,2.875
3/22/2013,2.985,106.51,2.877
3/25/2013,2.984,106.66,2.881
3/26/2013,3.011,107.1,2.93
3/27/2013,3.038,108.51,2.92
3/28/2013,3.069,108.46,2.913
4/1/2013,3.094,108.76,2.9
4/2/2013,3.116,109.66,2.838
4/3/2013,3.035,107.82,2.702
4/4/2013,3.003,105.09,2.686
4/5/2013,2.945,103.98,2.663
4/8/2013,2.977,103.16,2.728
4/9/2013,2.981,104.08,2.749
4/10/2013,2.969,104.8,2.669
4/11/2013,2.909,103.62,2.638
4/12/2013,2.874,100.58,2.599
4/15/2013,2.794,99.32,2.67
4/16/2013,2.804,97.88,2.721
4/17/2013,2.729,96.84,2.659
4/18/2013,2.779,97.48,2.69
4/19/2013,2.794,98.94,2.716
4/22/2013,2.813,99.07,2.695
4/23/2013,2.819,99.25,2.638
4/24/2013,2.855,100.71,2.665
4/25/2013,2.896,101.62,2.716
4/26/2013,2.882,102.39,2.741
4/29/2013,2.875,102.88,2.735
4/30/2013,2.853,101.53,2.714
5/1/2013,2.799,98.34,2.616
5/2/2013,2.875,100.32,2.7
5/3/2013,2.891,104.6,2.728
5/6/2013,2.915,105,2.767
5/7/2013,2.934,105.18,2.745
5/8/2013,2.93,103.79,2.772
5/9/2013,2.937,103.59,2.789
5/10/2013,2.904,101.31,2.764
5/13/2013,2.891,102.17,2.742
5/14/2013,2.88,102.7,2.753
5/15/2013,2.876,101.57,2.785
5/16/2013,2.908,104.27,2.793
5/17/2013,2.936,103.83,2.81
5/20/2013,2.95,104.55,2.817
5/21/2013,2.924,103.1,2.748
5/22/2013,2.872,102.14,2.723
5/23/2013,2.86,100.46,2.732
5/24/2013,2.858,101.24,2.713
5/28/2013,2.908,103.77,2.746
5/29/2013,2.868,102.14,2.7
5/30/2013,2.842,101.79,2.721
5/31/2013,2.782,100.43,2.663
6/3/2013,2.843,101.63,2.707
6/4/2013,2.872,102.04,2.742
6/5/2013,2.856,103.51,2.746
6/6/2013,2.872,103.37,2.77
6/7/2013,2.904,104.07,2.794
6/10/2013,2.883,103.87,2.766
6/11/2013,2.856,101.5,2.751
6/12/2013,2.896,103.11,2.756
6/13/2013,2.939,103.38,2.811
6/14/2013,2.966,105.1,2.845
6/17/2013,2.957,105.8,2.811
6/18/2013,2.963,105.21,2.822
6/19/2013,2.965,105.56,2.806
6/20/2013,2.88,102.72,2.708
6/21/2013,2.855,100.36,2.697
6/24/2013,2.857,99.8,2.656
6/25/2013,2.858,101.51,2.657
6/26/2013,2.857,100.62,2.66
6/27/2013,2.885,102.74,2.651
6/28/2013,2.865,102.49,2.649
7/1/2013,2.882,103.19,2.668
7/2/2013,2.904,103.96,2.717
7/3/2013,2.954,106.12,2.776
7/5/2013,2.998,107.46,2.825
7/8/2013,2.977,107.75,2.818
7/9/2013,2.988,107.9,2.875
7/10/2013,3,108.43,2.942
7/11/2013,2.998,108.18,2.977
7/12/2013,3.03,109.03,3.063
7/15/2013,3.03,109.05,3.034
7/16/2013,3.045,109.29,3.025
7/17/2013,3.073,109.67,2.996
7/18/2013,3.105,109.71,3.012
7/19/2013,3.091,109.34,3.007
7/22/2013,3.066,108.82,2.931
7/23/2013,3.076,109.27,2.925
7/24/2013,3.042,108.23,2.92
7/25/2013,3.035,108.1,2.929
7/26/2013,3.01,107.57,2.971
7/29/2013,3.024,108.1,2.953
7/30/2013,3.012,107.47,2.958
7/31/2013,3.055,107.89,2.996
8/1/2013,3.091,109.94,2.965
8/2/2013,3.067,109.63,2.943
8/5/2013,3.043,109.81,2.905
8/6/2013,3.005,108.77,2.871
8/7/2013,2.959,108.39,2.836
8/8/2013,2.948,107.32,2.84
8/9/2013,2.985,108.49,2.88
8/12/2013,3.019,109.28,2.874
8/13/2013,3.039,110.69,2.92
8/14/2013,3.042,110.26,2.954
8/15/2013,3.072,111.58,2.956
8/16/2013,3.091,111.82,2.934
8/19/2013,3.065,111.41,2.905
8/20/2013,3.083,110.74,2.915
8/21/2013,3.07,110.82,2.942
8/22/2013,3.065,110.51,2.973
8/23/2013,3.103,112.12,3
8/26/2013,3.091,112.23,2.955
8/27/2013,3.165,115.21,3.027
8/28/2013,3.19,116.27,3.073
8/29/2013,3.171,116.91,2.866
8/30/2013,3.135,115.97,2.992
9/3/2013,3.146,115.49,2.945
9/4/2013,3.127,115.65,2.948
9/5/2013,3.133,115.81,2.92
9/6/2013,3.155,117.15,2.917
9/9/2013,3.11,115.2,2.855
9/10/2013,3.069,112.1,2.808
9/11/2013,3.076,112.37,2.789
9/12/2013,3.125,113.11,2.837
9/13/2013,3.112,113.31,2.831
9/16/2013,3.053,110.86,2.785
9/17/2013,2.984,109.05,2.723
9/18/2013,3.036,109.09,2.813
9/19/2013,3.007,110.66,2.785
9/20/2013,3.006,110.22,2.741
9/23/2013,2.948,108.56,2.675
9/24/2013,2.964,107.68,2.705
9/25/2013,2.966,109.46,2.712
9/26/2013,2.995,108.86,2.752
9/27/2013,2.985,109.45,2.715
9/30/2013,2.971,107.85,2.68
10/1/2013,2.956,107.32,2.649
10/2/2013,2.997,109.09,2.681
10/3/2013,3.001,109.49,2.679
10/4/2013,3.009,109.42,2.659
10/7/2013,3.015,109.66,2.683
10/8/2013,3.038,110.56,2.692
10/9/2013,3.021,109.02,2.676
10/10/2013,3.076,111.63,2.748
10/11/2013,3.04,110.65,2.731
10/14/2013,3.035,110.13,2.735
10/15/2013,3.014,110.67,2.712
10/16/2013,3.044,110.79,2.754
10/17/2013,2.992,109.55,2.688
10/18/2013,3.038,109.4,2.721
10/21/2013,3.015,109.47,2.711
10/22/2013,3,109.57,2.676
10/23/2013,2.922,107.74,2.61
10/24/2013,2.904,106.63,2.638
10/25/2013,2.919,105.7,2.651
10/28/2013,2.963,108.29,2.68
10/29/2013,2.958,108.04,2.655
10/30/2013,2.981,108.41,2.692
10/31/2013,2.959,107.53,2.64
11/1/2013,2.888,105.78,2.604
11/4/2013,2.874,104.85,2.587
11/5/2013,2.865,105.01,2.578
11/6/2013,2.868,105.46,2.604
11/7/2013,2.847,103.08,2.56
11/8/2013,2.875,104.29,2.609
11/11/2013,2.898,105.76,2.66
11/12/2013,2.861,106.29,2.653
11/13/2013,2.899,106.9,2.687
11/14/2013,2.93,108.29,2.748
11/15/2013,2.947,108.25,2.727
11/18/2013,2.921,108.8,2.705
11/19/2013,2.917,108.29,2.7
11/20/2013,2.957,108.27,2.694
11/21/2013,3.01,109.9,2.764
11/22/2013,3.036,111.36,2.761
11/25/2013,3.032,110.83,2.714
11/26/2013,3.049,112.04,2.71
11/27/2013,3.053,111.32,2.726
11/29/2013,3.034,111.07,2.678
12/2/2013,3.05,111.49,2.698
12/3/2013,3.06,113.06,2.746
12/4/2013,3.05,113.27,2.725
12/5/2013,3.049,112.07,2.727
12/6/2013,3.053,111.5,2.74
12/9/2013,3.011,110.07,2.677
12/10/2013,3.027,108.91,2.698
12/11/2013,3.02,109.47,2.67
12/12/2013,2.978,108.99,2.643
12/13/2013,2.974,108.08,2.639
12/16/2013,2.986,110.3,2.65
12/17/2013,2.96,108.91,2.653
12/18/2013,3.007,109.56,2.704
12/19/2013,3.033,110.78,2.759
12/20/2013,3.083,112.15,2.805
12/23/2013,3.074,111.58,2.792
12/24/2013,3.096,111.57,2.831
12/26/2013,3.113,111.65,2.836
12/27/2013,3.142,112.06,2.832
12/30/2013,3.09,110.47,2.813
12/31/2013,3.087,109.95,2.812
1/2/2014,3.013,107.94,2.718
1/3/2014,2.972,106.57,2.671
1/6/2014,2.977,106.71,2.678
1/7/2014,2.991,107.01,2.704
1/8/2014,2.983,107.42,2.684
1/9/2014,2.953,107.49,2.667
1/10/2014,2.977,106.44,2.693
1/13/2014,2.957,108.02,2.643
1/14/2014,2.976,107.12,2.636
1/15/2014,3.048,108.09,2.639
1/16/2014,3.064,107.46,2.608
1/17/2014,3.124,108.45,2.652
1/21/2014,3.141,109.17,2.659
1/22/2014,3.161,109.69,2.706
1/23/2014,3.195,109.69,2.69
1/24/2014,3.4,109.14,2.694
1/27/2014,3.374,108.72,2.665
1/28/2014,3.324,109.1,2.661
1/29/2014,3.248,108.83,2.685
1/30/2014,3.302,109.36,2.705
1/31/2014,3.272,108.16,2.663
2/3/2014,3.35,106.55,2.643
2/4/2014,3.386,107.04,2.641
2/5/2014,3.379,106.81,2.669
2/6/2014,3.394,108.15,2.718
2/7/2014,3.437,110.12,2.784
2/10/2014,3.161,110.18,2.753
2/11/2014,3.168,109.21,2.79
2/12/2014,3.093,108.62,2.796
2/13/2014,3.122,108.98,2.812
2/14/2014,3.159,108.63,2.838
2/18/2014,3.185,110.14,2.881
2/19/2014,3.237,110.37,2.864
2/20/2014,3.254,109.42,2.903
2/21/2014,3.175,109.03,2.87
2/24/2014,3.166,109.76,2.873
2/25/2014,3.177,109.19,2.832
2/26/2014,3.202,109.39,2.829
2/27/2014,3.158,108.54,2.794
2/28/2014,3.118,108.98,2.825
3/3/2014,3.17,111.26,2.864
3/4/2014,3.131,109.17,2.816
3/5/2014,3.082,108.15,2.772
3/6/2014,3.089,107.99,2.788
3/7/2014,3.096,109.14,2.804
3/10/2014,3.051,108.27,2.792
3/11/2014,3.022,108.35,2.803
3/12/2014,2.992,107.88,2.796
3/13/2014,2.976,107.48,2.773
3/14/2014,2.992,108.08,2.79
3/17/2014,2.938,106.99,2.712
3/18/2014,2.926,106.79,2.729
3/19/2014,2.914,105.95,2.706
3/20/2014,2.929,105.73,2.717
3/21/2014,2.932,107.2,2.748
3/24/2014,2.913,106.59,2.709
3/25/2014,2.929,107.01,2.671
3/26/2014,2.926,105.9,2.693
3/27/2014,2.952,106.58,2.721
3/28/2014,2.956,106.64,2.701
3/31/2014,2.936,105.95,2.719
4/1/2014,2.886,105.7,2.665
4/2/2014,2.874,103.37,2.676
4/3/2014,2.912,104.88,2.729
4/4/2014,2.917,106.41,2.756
4/7/2014,2.886,104.89,2.758
4/8/2014,2.937,105.83,2.891
4/9/2014,2.958,107.39,2.917
4/10/2014,2.944,107.1,2.931
4/11/2014,2.935,107.34,2.934
4/14/2014,2.981,107.68,2.965
4/15/2014,2.99,109.1,2.976
4/16/2014,3.016,109.71,2.963
4/17/2014,3.016,109.79,2.982
4/21/2014,3.018,109.69,3.014
4/22/2014,3.009,108.54,3.015
4/23/2014,2.982,108.48,3.023
4/24/2014,3.015,109.79,2.988
4/25/2014,2.985,109.53,2.966
4/28/2014,2.955,109.12,2.894
4/29/2014,2.972,109.89,2.914
4/30/2014,2.94,108.63,2.868
5/1/2014,2.924,108.63,2.846
5/2/2014,2.934,109.48,2.892
5/5/2014,2.913,109.48,2.842
5/6/2014,2.899,108.3,2.814
5/7/2014,2.935,108.17,2.857
5/8/2014,2.927,108.19,2.827
5/9/2014,2.92,108.26,2.82
5/12/2014,2.929,108.37,2.839
5/13/2014,2.958,108.78,2.843
5/14/2014,2.974,109.87,2.883
5/15/2014,2.952,109.74,2.87
5/16/2014,2.956,110.9,2.884
5/19/2014,2.941,110.84,2.87
5/20/2014,2.949,110.35,2.874
5/21/2014,2.951,111.32,2.9
5/22/2014,2.954,110.89,2.919
5/23/2014,2.959,110.19,2.919
5/27/2014,2.942,109.81,2.839
5/28/2014,2.937,109.09,2.858
5/29/2014,2.924,109.98,2.862
5/30/2014,2.889,109.21,2.852
6/2/2014,2.879,109.34,2.829
6/3/2014,2.867,108.87,2.821
6/4/2014,2.854,109.07,2.811
6/5/2014,2.879,108.43,2.826
6/6/2014,2.872,109.21,2.81
6/9/2014,2.886,110.55,2.844
6/10/2014,2.883,109.18,2.845
6/11/2014,2.898,109.83,2.867
6/12/2014,2.985,112.18,2.943
6/13/2014,2.983,113.15,2.909
6/16/2014,2.995,113.42,2.927
6/17/2014,3.011,114.02,2.939
6/18/2014,3.039,114.25,2.95
6/19/2014,3.044,115.19,2.969
6/20/2014,3.05,114.55,2.975
6/23/2014,3.031,113.62,2.939
6/24/2014,3.04,113.74,2.954
6/25/2014,3.031,112.84,2.928
6/26/2014,3.015,112.61,2.913
6/27/2014,2.995,112.62,2.925
6/30/2014,2.964,111.03,2.888
7/1/2014,2.966,110.84,2.888
7/2/2014,2.931,110.18,2.875
7/3/2014,2.917,108.98,2.896
7/7/2014,2.892,108.7,2.857
7/8/2014,2.862,107.65,2.854
7/9/2014,2.86,106.84,2.806
7/10/2014,2.884,106.2,2.836
7/11/2014,2.851,105.77,2.79
7/14/2014,2.867,104.73,2.817
7/15/2014,2.849,104.73,2.783
7/16/2014,2.853,105.41,2.778
7/17/2014,2.86,106.04,2.777
7/18/2014,2.847,106.03,2.777
7/21/2014,2.856,105.71,2.805
7/22/2014,2.848,106.48,2.79
7/23/2014,2.875,106.85,2.778
7/24/2014,2.871,105.78,2.755
7/25/2014,2.912,106.89,2.781
7/28/2014,2.885,106.7,2.758
7/29/2014,2.898,106.98,2.773
7/30/2014,2.876,106.47,2.737
7/31/2014,2.879,104.94,2.736
8/1/2014,2.856,103.45,2.673
8/4/2014,2.868,103.63,2.66
8/5/2014,2.844,102.82,2.654
8/6/2014,2.875,104.17,2.698
8/7/2014,2.903,104.02,2.729
8/8/2014,2.875,103.36,2.698
8/11/2014,2.883,103.47,2.708
8/12/2014,2.845,101.68,2.691
8/13/2014,2.898,102.27,2.707
8/14/2014,2.825,101.15,2.645
8/15/2014,2.841,101.13,2.678
8/18/2014,2.81,99.37,2.645
8/19/2014,2.816,99.74,2.687
8/20/2014,2.82,99.92,2.706
8/21/2014,2.833,100.28,2.752
8/22/2014,2.828,100.09,2.732
8/25/2014,2.836,100.49,2.742
8/26/2014,2.842,100.5,2.762
8/27/2014,2.859,100.4,2.73
8/28/2014,2.844,100.71,2.745
8/29/2014,2.852,101.12,2.772
9/2/2014,2.794,100.21,2.698
9/3/2014,2.852,100.88,2.761
9/4/2014,2.835,101.21,2.772
9/5/2014,2.82,99.51,2.76
9/8/2014,2.807,99.53,2.726
9/9/2014,2.788,98.08,2.721
9/10/2014,2.753,96.26,2.706
9/11/2014,2.75,96.42,2.666
9/12/2014,2.734,96.31,2.636
9/15/2014,2.734,96.43,2.653
9/16/2014,2.744,97.39,2.668
9/17/2014,2.731,97.7,2.684
9/18/2014,2.705,96.82,2.675
9/19/2014,2.707,96.75,2.707
9/22/2014,2.684,95.37,2.693
9/23/2014,2.679,94.87,2.747
9/24/2014,2.689,94.53,2.795
9/25/2014,2.695,95.2,2.809
9/26/2014,2.698,95.08,2.767
9/29/2014,2.698,95.7,2.804
9/30/2014,2.645,94.67,2.692
10/1/2014,2.666,94.57,2.605
10/2/2014,2.65,91.29,2.642
10/3/2014,2.61,90.8,2.593
10/6/2014,2.623,90.65,2.614
10/7/2014,2.603,90.9,2.56
10/8/2014,2.58,90.25,2.471
10/9/2014,2.519,90.47,2.396
10/10/2014,2.559,88.66,2.376
10/13/2014,2.542,87.82,2.365
10/14/2014,2.478,86.36,2.313
10/15/2014,2.46,84.02,2.285
10/16/2014,2.472,84.02,2.337
10/17/2014,2.507,85.27,2.358
10/20/2014,2.488,84.42,2.374
10/21/2014,2.522,85.17,2.402
10/22/2014,2.471,86.38,2.297
10/23/2014,2.499,85.94,2.335
10/24/2014,2.487,86,2.324
10/27/2014,2.468,85.64,2.287
10/28/2014,2.484,85.57,2.304
10/29/2014,2.528,86.91,2.341
10/30/2014,2.509,85.5,2.3
10/31/2014,2.526,84.17,2.28
11/3/2014,2.484,84.9,2.218
11/4/2014,2.45,82.12,2.178
11/5/2014,2.453,82.88,2.204
11/6/2014,2.469,82.08,2.233
11/7/2014,2.508,83.2,2.232
11/10/2014,2.482,82.9,2.214
11/11/2014,2.478,80.94,2.216
11/12/2014,2.454,80.42,2.203
11/13/2014,2.382,77.74,2.116
11/14/2014,2.472,77.51,2.167
11/17/2014,2.443,76.86,2.143
11/18/2014,2.413,77.23,2.15
11/19/2014,2.391,77.21,2.148
11/20/2014,2.412,77.61,2.144
11/21/2014,2.437,79.2,2.172
11/24/2014,2.415,79.62,2.143
11/25/2014,2.426,77.62,2.138
11/26/2014,2.4,77.39,2.125
11/28/2014,2.211,71.89,2.002
12/1/2014,2.272,70.87,2.005
12/2/2014,2.207,71.13,1.901
12/3/2014,2.155,70.13,1.895
12/4/2014,2.129,68.48,1.869
12/5/2014,2.124,68,1.84
12/8/2014,2.073,65.64,1.766
12/9/2014,2.121,66.11,1.777
12/10/2014,2.09,63.32,1.705
12/11/2014,2.112,63.65,1.674
12/12/2014,2.08,61.67,1.641
12/15/2014,2.037,61.09,1.618
12/16/2014,2.01,60.26,1.581
12/17/2014,2.044,59.84,1.606
12/18/2014,1.974,58.81,1.589
12/19/2014,1.994,58.87,1.64
12/22/2014,1.953,58.31,1.582
12/23/2014,1.994,59.07,1.631
12/24/2014,1.927,58.67,1.575
12/26/2014,1.917,58.72,1.571
12/29/2014,1.858,57.86,1.522
12/30/2014,1.861,55.6,1.516
12/31/2014,1.822,55.27,1.525
1/2/2015,1.805,55.38,1.492
1/5/2015,1.768,51.08,1.434
1/6/2015,1.722,50.12,1.389
1/7/2015,1.711,49.06,1.352
1/8/2015,1.721,49.43,1.37
1/9/2015,1.723,47.64,1.336
1/12/2015,1.677,46.9,1.283
1/13/2015,1.647,45.13,1.284
1/14/2015,1.665,45.82,1.361
1/15/2015,1.624,47.66,1.317
1/16/2015,1.665,47.38,1.382
1/20/2015,1.638,46.49,1.336
1/21/2015,1.639,46.5,1.345
1/22/2015,1.644,46.09,1.353
1/23/2015,1.645,46.69,1.367
1/26/2015,1.642,46.07,1.321
1/27/2015,1.654,46.55,1.355
1/28/2015,1.63,47.07,1.368
1/29/2015,1.624,46.61,1.378
1/30/2015,1.718,47.52,1.462
2/2/2015,1.782,51.74,1.54
2/3/2015,1.846,54.41,1.575
2/4/2015,1.79,55.07,1.483
2/5/2015,1.82,55.98,1.516
2/6/2015,1.853,55.88,1.543
2/9/2015,1.89,57,1.562
2/10/2015,1.857,55.79,1.557
2/11/2015,1.84,53.48,1.544
2/12/2015,1.95,56.23,1.593
2/13/2015,2.005,60.33,1.617
2/17/2015,2.003,60.78,1.574
2/18/2015,1.992,60.72,1.568
2/19/2015,2.057,58.78,1.623
2/20/2015,2.191,60.99,1.651
2/23/2015,2.306,59.78,1.656
2/24/2015,2.111,60.33,1.623
2/25/2015,2.124,59.77,1.751
2/26/2015,2.194,61.39,1.739
2/27/2015,2.223,61.89,1.82
3/2/2015,2.276,60.75,1.742
3/3/2015,2.289,61.18,1.763
3/4/2015,2.091,59.18,1.73
3/5/2015,1.952,60.33,1.703
3/6/2015,1.936,59.15,1.691
3/9/2015,1.899,58.67,1.686
3/10/2015,1.882,55.95,1.634
3/11/2015,1.91,56.46,1.642
3/12/2015,1.861,56.66,1.618
3/13/2015,1.771,54.8,1.563
3/16/2015,1.779,52,1.54
3/17/2015,1.711,52.17,1.541
3/18/2015,1.814,52.59,1.616
3/19/2015,1.738,52.96,1.569
3/20/2015,1.766,53.88,1.609
3/23/2015,1.751,53.82,1.629
3/24/2015,1.714,53.61,1.639
3/25/2015,1.724,54.18,1.661
3/26/2015,1.796,57.02,1.708
3/27/2015,1.735,56.44,1.634
3/30/2015,1.736,53.99,1.64
3/31/2015,1.71,53.69,1.615
4/1/2015,1.741,55.73,1.666
4/2/2015,1.689,55.73,1.61
4/6/2015,1.763,55.73,1.755
4/7/2015,1.79,57.55,1.775
4/8/2015,1.708,56.42,1.66
4/9/2015,1.728,56.04,1.67
4/10/2015,1.769,56.82,1.721
4/13/2015,1.79,57.14,1.715
4/14/2015,1.809,57.69,1.717
4/15/2015,1.878,59.32,1.807
4/16/2015,1.912,60.13,1.825
4/17/2015,1.893,61.31,1.822
4/20/2015,1.881,61.2,1.818
4/21/2015,1.857,60.12,1.787
4/22/2015,1.876,60.12,1.817
4/23/2015,1.926,62.66,1.906
4/24/2015,1.932,62.96,1.909
4/27/2015,1.922,62.86,1.906
4/28/2015,1.92,62.61,1.907
4/29/2015,1.944,63.97,1.909
4/30/2015,1.977,63.9,1.951
5/1/2015,1.984,64.13,1.947
5/4/2015,1.983,64.62,1.939
5/5/2015,2.017,65.44,1.968
5/6/2015,2.013,66.22,1.93
5/7/2015,1.964,64.93,1.889
5/8/2015,1.96,63.82,1.887
5/11/2015,1.947,62.82,1.88
5/12/2015,1.996,65.09,1.921
5/13/2015,2,66.33,1.943
5/14/2015,2.008,65.58,1.971
5/15/2015,2.01,64.69,1.97
5/18/2015,1.994,65.15,1.959
5/19/2015,1.937,63.48,1.916
5/20/2015,1.943,63.52,1.944
5/21/2015,1.988,64.7,1.998
5/22/2015,1.957,64.7,1.981
5/26/2015,1.905,61.65,1.918
5/27/2015,1.864,61.35,1.87
5/28/2015,1.881,60.12,1.92
5/29/2015,1.949,63.16,2.011
6/1/2015,1.929,62.87,1.988
6/2/2015,1.95,63.14,2.015
6/3/2015,1.894,62.78,1.986
6/4/2015,1.846,60.34,1.924
6/5/2015,1.866,60.36,1.964
6/8/2015,1.855,61.33,1.952
6/9/2015,1.91,63.23,2.019
6/10/2015,1.941,64.68,2.092
6/11/2015,1.917,63.76,2.072
6/12/2015,1.888,63.19,2.07
6/15/2015,1.869,60.99,2.043
6/16/2015,1.882,60.75,2.098
6/17/2015,1.903,60.75,2.062
6/18/2015,1.915,61.37,2.041
6/19/2015,1.863,59.41,2.003
6/22/2015,1.869,60.54,1.985
6/23/2015,1.916,61.67,2.012
6/24/2015,1.883,61.63,1.975
6/25/2015,1.862,60.24,1.951
6/26/2015,1.861,60.14,1.96
6/29/2015,1.838,59.03,1.93
6/30/2015,1.879,60.31,1.971
7/1/2015,1.838,61.65,1.951
7/2/2015,1.827,61.73,1.969
7/6/2015,1.708,57.19,1.885
7/7/2015,1.711,54.72,1.91
7/8/2015,1.706,55.7,1.957
7/9/2015,1.722,57.83,2.016
7/10/2015,1.725,57.72,1.994
7/13/2015,1.708,57.63,1.883
7/14/2015,1.712,57.2,1.873
7/15/2015,1.665,57.34,1.808
7/16/2015,1.66,57.31,1.843
7/17/2015,1.654,56.38,1.876
7/20/2015,1.649,56.42,1.88
7/21/2015,1.676,55.94,1.867
7/22/2015,1.668,56.36,1.803
7/23/2015,1.663,55.76,1.799
7/24/2015,1.631,54.29,1.768
7/27/2015,1.584,54.07,1.744
7/28/2015,1.6,54.3,1.742
7/29/2015,1.601,54.73,1.778
7/30/2015,1.6,54.29,1.766
7/31/2015,1.586,53.29,1.705
8/3/2015,1.518,49.49,1.751
8/4/2015,1.538,49.08,1.764
8/5/2015,1.532,49.04,1.674
8/6/2015,1.543,47.8,1.655
8/7/2015,1.529,47.54,1.631
8/10/2015,1.576,48.3,1.705
8/11/2015,1.558,47.33,1.713
8/12/2015,1.584,48.29,1.772
8/13/2015,1.562,48.01,1.729
8/14/2015,1.536,47.79,1.699
8/17/2015,1.541,47.77,1.669
8/18/2015,1.54,47,1.644
8/19/2015,1.5,45.75,1.56
8/20/2015,1.477,45.63,1.537
8/21/2015,1.452,43.84,1.556
8/24/2015,1.383,41.59,1.485
8/25/2015,1.373,41.86,1.456
8/26/2015,1.377,41.76,1.386
8/27/2015,1.488,44.46,1.464
8/28/2015,1.554,47.97,1.524
9/1/2015,1.55,48.8,1.393
9/2/2015,1.578,47.67,1.555
9/3/2015,1.595,50.41,1.561
9/4/2015,1.565,48.59,1.53
9/8/2015,1.562,48.88,1.507
9/9/2015,1.514,48.04,1.474
9/10/2015,1.539,47.77,1.482
9/11/2015,1.51,46.87,1.456
9/14/2015,1.477,45.87,1.387
9/15/2015,1.478,45.91,1.42
9/16/2015,1.52,49.35,1.463
9/17/2015,1.502,48.27,1.461
9/18/2015,1.465,47.28,1.423
9/21/2015,1.475,47.64,1.454
9/22/2015,1.499,46.69,1.469
9/23/2015,1.481,48,1.441
9/24/2015,1.51,47.06,1.423
9/25/2015,1.495,47.28,1.445
9/28/2015,1.466,46.04,1.4
9/29/2015,1.487,47.58,1.415
9/30/2015,1.509,47.29,1.439
10/1/2015,1.488,47.48,1.422
10/2/2015,1.482,46.55,1.417
10/5/2015,1.512,49.45,1.459
10/6/2015,1.573,51.34,1.505
10/7/2015,1.546,51.66,1.465
10/8/2015,1.566,52.13,1.477
10/9/2015,1.545,52.08,1.477
10/12/2015,1.472,50.95,1.413
10/13/2015,1.432,48.94,1.371
10/14/2015,1.434,48.25,1.366
10/15/2015,1.456,47.87,1.375
10/16/2015,1.453,48.96,1.387
10/19/2015,1.41,47.51,1.32
10/20/2015,1.418,46.93,1.318
10/21/2015,1.421,46.72,1.327
10/22/2015,1.465,46.59,1.367
10/23/2015,1.444,46.3,1.354
10/26/2015,1.416,46.57,1.342
10/27/2015,1.407,45.54,1.337
10/28/2015,1.482,47.6,1.391
10/29/2015,1.466,48.04,1.392
10/30/2015,1.488,48,1.444
11/2/2015,1.505,47.91,1.423
11/3/2015,1.562,48,1.49
11/4/2015,1.5,46.96,1.462
11/5/2015,1.48,47.19,1.433
11/6/2015,1.494,46.09,1.434
11/9/2015,1.468,45.38,1.43
11/10/2015,1.472,46.44,1.422
11/11/2015,1.44,44.98,1.383
11/12/2015,1.393,44.98,1.332
11/13/2015,1.369,41.98,1.295
11/16/2015,1.378,40.28,1.303
11/17/2015,1.355,41.28,1.288
11/18/2015,1.365,41.45,1.323
11/19/2015,1.351,42.22,1.337
11/20/2015,1.343,42.49,1.33
11/23/2015,1.359,43.7,1.361
11/24/2015,1.384,44.38,1.389
11/25/2015,1.383,43.56,1.373
11/27/2015,1.338,43.07,1.36
11/30/2015,1.345,43.73,1.377
12/1/2015,1.351,42.97,1.427
12/2/2015,1.268,41.92,1.368
12/3/2015,1.306,42,1.338
12/4/2015,1.301,41.44,1.316
12/7/2015,1.24,39.69,1.228
12/8/2015,1.224,39.44,1.212
12/9/2015,1.208,39.04,1.246
12/10/2015,1.178,38.65,1.283
12/11/2015,1.105,36.99,1.279
12/14/2015,1.084,36.51,1.247
12/15/2015,1.106,37.66,1.249
12/16/2015,1.08,36.96,1.259
12/17/2015,1.062,36.29,1.282
12/18/2015,1.068,36.76,1.287
12/21/2015,1.053,35.34,1.208
12/22/2015,1.049,35.26,1.191
12/23/2015,1.095,35.79,1.27
12/24/2015,1.079,37.22,1.278
12/28/2015,1.063,37.08,1.248
12/29/2015,1.104,36.85,1.298
12/30/2015,1.041,35.65,1.271
12/31/2015,1.042,36.61,1.284
1/4/2016,1.089,36.28,1.297
1/5/2016,1.085,35.56,1.264
1/6/2016,1.044,33.89,1.167
1/7/2016,1.049,33.57,1.155
1/8/2016,1.011,31.67,1.133
1/11/2016,0.975,30.14,1.117
1/12/2016,0.962,29.14,1.098
1/13/2016,0.927,28.58,1.067
1/14/2016,0.932,28.84,1.092
1/15/2016,0.906,28.8,1.043
1/19/2016,0.883,27.36,1.057
1/20/2016,0.862,26.01,1.052
1/21/2016,0.891,27.59,1.066
1/22/2016,0.995,30.46,1.11
1/25/2016,0.923,29.82,1.053
1/26/2016,0.96,30.94,1.08
1/27/2016,1.018,31.83,1.074
1/28/2016,1.048,33.01,1.131
1/29/2016,1.062,33.14,1.152
2/1/2016,1.037,32.45,1.124
2/2/2016,0.996,30.98,1.028
2/3/2016,1.077,32.38,1.06
2/4/2016,1.074,32.76,1.055
2/5/2016,1.059,32.35,1.025
2/8/2016,1.043,31.64,0.994
2/9/2016,0.978,30.15,0.947
2/10/2016,0.97,29.64,0.978
2/11/2016,0.987,28.82,0.984
2/12/2016,1.043,31.8,1.066
2/16/2016,1.027,31.09,0.99
2/17/2016,1.074,33.21,1.013
2/18/2016,1.066,33.2,1.244
2/19/2016,1.022,31.66,1.233
2/22/2016,1.044,33.59,1.269
2/23/2016,1.012,31.9,0.985
2/24/2016,1.034,31.5,1.028
2/25/2016,1.051,32.83,1.055
2/26/2016,1.045,35.76,1.027
2/29/2016,1.07,35.92,1.05
3/1/2016,1.084,35.73,1.053
3/2/2016,1.093,36.38,1.062
3/3/2016,1.11,35.75,1.028
3/4/2016,1.155,37.61,1.041
3/7/2016,1.211,39.02,1.097
3/8/2016,1.187,39.16,1.097
3/9/2016,1.219,40.26,1.185
3/10/2016,1.22,38.63,1.173
3/11/2016,1.219,39.41,1.182
3/14/2016,1.198,38.06,1.157
3/15/2016,1.181,37.49,1.151
3/16/2016,1.228,38.38,1.185
3/17/2016,1.248,39.29,1.205
3/18/2016,1.25,39.26,1.209
3/21/2016,1.241,39.91,1.232
3/22/2016,1.25,40.54,1.273
3/23/2016,1.205,38.84,1.286
3/24/2016,1.199,38.33,1.321
3/28/2016,1.181,38.33,1.326
3/29/2016,1.162,36.75,1.323
3/30/2016,1.162,36.75,1.369
3/31/2016,1.176,36.75,1.351
4/1/2016,1.134,36.42,1.321
4/4/2016,1.074,36.05,1.315
4/5/2016,1.063,35.88,1.322
4/6/2016,1.127,37.77,1.339
4/7/2016,1.103,37.15,1.332
4/8/2016,1.186,40.71,1.424
4/11/2016,1.207,41.58,1.468
4/12/2016,1.275,43.02,1.489
4/13/2016,1.261,42.81,1.483
4/14/2016,1.256,43.02,1.464
4/15/2016,1.237,41.32,1.426
4/18/2016,1.246,41.64,1.4
4/19/2016,1.267,43.02,1.451
4/20/2016,1.331,43.09,1.462
4/21/2016,1.312,43.48,1.491
4/22/2016,1.314,43.97,1.504
4/25/2016,1.305,42.97,1.489
4/26/2016,1.337,43.94,1.542
4/27/2016,1.381,44.17,1.555
4/28/2016,1.395,45.6,1.569
4/29/2016,1.385,45.64,1.571
5/2/2016,1.356,45.82,1.535
5/3/2016,1.336,43.09,1.493
5/4/2016,1.337,43.08,1.478
5/5/2016,1.33,44.39,1.474
5/6/2016,1.334,44.6,1.481
5/9/2016,1.28,42.43,1.413
5/10/2016,1.34,44.01,1.46
5/11/2016,1.393,46.08,1.545
5/12/2016,1.391,46.43,1.548
5/13/2016,1.402,47.05,1.558
5/16/2016,1.441,48.49,1.589
5/17/2016,1.472,48.71,1.644
5/18/2016,1.477,48.93,1.627
5/19/2016,1.47,47.01,1.631
5/20/2016,1.49,48.54,1.618
5/23/2016,1.475,47.77,1.628
5/24/2016,1.5,48.42,1.639
5/25/2016,1.511,48.87,1.629
5/26/2016,1.494,49.52,1.597
5/27/2016,1.492,49.09,1.637
5/31/2016,1.485,49.26,1.59
6/1/2016,1.503,48.81,1.611
6/2/2016,1.488,49.05,1.607
6/3/2016,1.482,48.5,1.583
6/6/2016,1.49,48.94,1.565
6/7/2016,1.535,49.76,1.57
6/8/2016,1.571,50.73,1.604
6/9/2016,1.546,50.59,1.591
6/10/2016,1.512,49.7,1.534
6/13/2016,1.503,49.36,1.501
6/14/2016,1.497,47.88,1.462
6/15/2016,1.467,47.47,1.444
6/16/2016,1.419,45.66,1.401
6/17/2016,1.481,46.57,1.443
6/20/2016,1.515,48.68,1.511
6/21/2016,1.502,48.18,1.494
6/22/2016,1.487,48.43,1.487
6/23/2016,1.517,48.63,1.517
6/24/2016,1.456,46.69,1.444
6/27/2016,1.418,45.07,1.419
6/28/2016,1.451,46.29,1.441
6/29/2016,1.513,48.4,1.466
6/30/2016,1.456,48.05,1.43
7/1/2016,1.496,47.65,1.453
7/5/2016,1.431,45.64,1.358
7/6/2016,1.459,45.7,1.4
7/7/2016,1.397,45.93,1.324
7/8/2016,1.375,44.53,1.328
7/11/2016,1.373,44.04,1.336
7/12/2016,1.438,46.72,1.376
7/13/2016,1.438,44.67,1.376
7/14/2016,1.382,46.01,1.366
7/15/2016,1.376,46.25,1.387
7/18/2016,1.357,45.35,1.351
7/19/2016,1.36,45.7,1.341
7/20/2016,1.37,45.82,1.329
7/21/2016,1.337,44.99,1.32
7/22/2016,1.331,44.24,1.331
7/25/2016,1.282,43.76,1.32
7/26/2016,1.282,43.56,1.343
7/27/2016,1.278,42.78,1.317
7/28/2016,1.258,41.87,1.298
7/29/2016,1.262,40.76,1.323
8/1/2016,1.25,40.17,1.307
8/2/2016,1.226,40,1.298
8/3/2016,1.261,40.45,1.343
8/4/2016,1.305,41.33,1.347
8/5/2016,1.306,42.47,1.359
8/8/2016,1.325,43.24,1.332
8/9/2016,1.317,43.37,1.314
8/10/2016,1.295,42.19,1.278
8/11/2016,1.357,44.23,1.342
8/12/2016,1.39,45.12,1.358
8/15/2016,1.44,47.31,1.387
8/16/2016,1.452,48.27,1.408
8/17/2016,1.479,48.58,1.439
8/18/2016,1.514,49.46,1.476
8/19/2016,1.502,49.39,1.497
8/22/2016,1.472,48.1,1.47
8/23/2016,1.48,48.7,1.416
8/24/2016,1.473,47.56,1.396
8/25/2016,1.502,49.25,1.414
8/26/2016,1.487,49.66,1.422
8/29/2016,1.48,49.66,1.395
8/30/2016,1.464,47.94,1.372
8/31/2016,1.398,47.94,1.336
9/1/2016,1.377,45.05,1.37
9/2/2016,1.39,45.96,1.38
9/6/2016,1.395,46.21,1.384
9/7/2016,1.41,47,1.415
9/8/2016,1.455,49.23,1.463
9/9/2016,1.414,48.37,1.424
9/12/2016,1.417,47.82,1.439
9/13/2016,1.409,46.48,1.394
9/14/2016,1.372,45.65,1.383
9/15/2016,1.394,45.83,1.432
9/16/2016,1.393,45.26,1.549
9/19/2016,1.394,46.04,1.501
9/20/2016,1.396,45.24,1.409
9/21/2016,1.427,45.99,1.44
9/22/2016,1.437,47.21,1.434
9/23/2016,1.399,46.71,1.418
9/26/2016,1.427,46.61,1.418
9/27/2016,1.398,44.95,1.454
9/28/2016,1.476,45.49,1.528
9/29/2016,1.502,48.43,1.53
9/30/2016,1.523,48.24,1.498
10/3/2016,1.545,48.61,1.51
10/4/2016,1.547,48.81,1.534
10/5/2016,1.57,49.57,1.519
10/6/2016,1.6,50.14,1.492
10/7/2016,1.572,50.49,1.473
10/10/2016,1.572,51.54,1.473
10/11/2016,1.581,50.48,1.501
10/12/2016,1.56,49.53,1.479
10/13/2016,1.563,49.29,1.52
10/14/2016,1.555,48.87,1.541
10/17/2016,1.545,49.31,1.539
10/18/2016,1.559,49.81,1.542
10/19/2016,1.576,51.85,1.552
10/20/2016,1.551,50.42,1.538
10/21/2016,1.566,50.28,1.574
10/24/2016,1.574,49.8,1.539
10/25/2016,1.565,49.08,1.541
10/26/2016,1.554,48.98,1.533
10/27/2016,1.563,49.13,1.532
10/28/2016,1.543,47.78,1.524
10/31/2016,1.484,46.2,1.498
11/1/2016,1.512,45.77,1.522
11/2/2016,1.472,44.26,1.58
11/3/2016,1.451,43.84,1.545
11/4/2016,1.426,43.06,1.499
11/7/2016,1.438,42.83,1.48
11/8/2016,1.428,43.47,1.487
11/9/2016,1.436,43.88,1.478
11/10/2016,1.416,43.67,1.445
11/11/2016,1.388,41.61,1.404
11/14/2016,1.379,41.83,1.385
11/15/2016,1.437,44.15,1.397
11/16/2016,1.421,45.07,1.375
11/17/2016,1.431,44.57,1.393
11/18/2016,1.449,44.41,1.393
11/21/2016,1.523,45.96,1.455
11/22/2016,1.527,46.1,1.458
11/23/2016,1.51,46.54,1.479
11/25/2016,1.51,46.32,1.479
11/28/2016,1.501,46.64,1.464
11/29/2016,1.463,44.68,1.438
11/30/2016,1.556,47.95,1.536
12/1/2016,1.636,52.28,1.6
12/2/2016,1.65,52.35,1.606
12/5/2016,1.628,53.3,1.605
12/6/2016,1.604,52.31,1.584
12/7/2016,1.588,51.9,1.565
12/8/2016,1.596,51.6,1.561
12/9/2016,1.609,52.19,1.559
12/12/2016,1.646,53.99,1.598
12/13/2016,1.64,53.28,1.604
12/14/2016,1.614,53.15,1.59
12/15/2016,1.618,51.72,1.599
12/16/2016,1.65,54.15,1.623
12/19/2016,1.637,53.53,1.622
12/20/2016,1.643,54.56,1.658
12/21/2016,1.618,53.01,1.66
12/22/2016,1.643,54.04,1.66
12/23/2016,1.659,53.93,1.674
12/27/2016,1.691,53.93,1.711
12/28/2016,1.694,53.93,1.739
12/29/2016,1.7,54.95,1.729
12/30/2016,1.707,54.96,1.722
1/3/2017,1.661,55.05,1.682
1/4/2017,1.666,54.57,1.697
1/5/2017,1.674,54.99,1.695
1/6/2017,1.675,55.9,1.68
1/9/2017,1.613,54.39,1.615
1/10/2017,1.585,53.2,1.577
1/11/2017,1.631,53.61,1.635
1/12/2017,1.651,54.51,1.659
1/13/2017,1.634,54.37,1.654
1/17/2017,1.629,54.68,1.644
1/18/2017,1.594,53.77,1.594
1/19/2017,1.588,53.18,1.579
1/20/2017,1.613,55.04,1.606
1/23/2017,1.596,54.8,1.6
1/24/2017,1.605,54.7,1.594
1/25/2017,1.583,54.34,1.552
1/26/2017,1.607,55.89,1.57
1/27/2017,1.579,54.8,1.556
1/30/2017,1.578,54.77,1.528
1/31/2017,1.594,55.25,1.555
2/1/2017,1.648,55.79,1.605
2/2/2017,1.638,55.94,1.567
2/3/2017,1.647,55.92,1.561
2/6/2017,1.62,55.02,1.508
