Date,Cash Buyer,Cash Seller & Settlement,3-months Buyer,3-months Seller,15-months Buyer,15-months Seller,Dec 1 Buyer,Dec 1 Seller,Dec 2 Buyer,Dec 2 Seller,Dec 3 Buyer,Dec 3 Seller
3/16/2017,10270,10290,10300,10320,,,,,,,10595,10645
3/15/2017,10180,10185,10230,10240,,,,,,,10520,10570
3/14/2017,10085,10090,10125,10130,,,,,,,10420,10470
3/13/2017,10140,10145,10175,10200,,,,,,,10480,10530
3/10/2017,10020,10030,10060,10070,,,,,,,10360,10410
3/9/2017,10050,10100,10100,10110,,,,,,,10395,10445
3/8/2017,10515,10520,10560,10590,,,,,,,10855,10905
3/7/2017,10915,10920,10955,10960,,,,,,,11235,11285
3/6/2017,10890,10895,10960,10970,,,,,,,11240,11290
3/3/2017,10880,10900,10930,10940,,,,,,,11215,11265
3/2/2017,10895,10900,10950,10975,,,,,,,11240,11290
3/1/2017,10980,11000,11060,11065,,,,,,,11340,11390
2/28/2017,10865,10870,10940,10950,,,,,,,11220,11270
2/27/2017,10890,10900,10955,10960,,,,,,,11235,11285
2/24/2017,10675,10680,10750,10760,,,,,,,11030,11080
2/23/2017,10630,10635,10715,10720,,,,,,,10990,11040
2/22/2017,10705,10710,10775,10780,,,,,,,11050,11100
2/21/2017,11015,11020,11060,11065,,,,,,,11325,11375
2/20/2017,11040,11045,11090,11095,,,,,,,11355,11405
2/17/2017,10875,10900,10940,10950,,,,,,,11215,11265
2/16/2017,10870,10875,10910,10915,,,,,,,11185,11235
2/15/2017,10705,10710,10785,10790,,,,,,,11065,11115
2/14/2017,10820,10825,10850,10875,,,,,,,11140,11190
2/13/2017,10670,10675,10710,10720,,,,,,,10995,11045
2/10/2017,10430,10450,10430,10460,,,,,,,10730,10780
2/9/2017,10375,10380,10430,10440,,,,,,,10725,10775
2/8/2017,10435,10440,10485,10490,,,,,,,10780,10830
2/7/2017,10380,10390,10430,10435,,,,,,,10725,10775
2/6/2017,10330,10340,10380,10385,,,,,,,10680,10730
2/3/2017,10150,10160,10210,10220,,,,,,,10520,10570
2/2/2017,10355,10360,10395,10400,,,,,,,10710,10760
2/1/2017,10020,10025,10050,10075,,,,,,,10370,10420
1/31/2017,9880,9890,9920,9950,,,,,,,10265,10315
1/30/2017,9490,9495,9530,9540,,,,,,,9855,9905
1/27/2017,9375,9380,9420,9430,,,,,,,9725,9775
1/26/2017,9560,9565,9625,9630,,,,,,,9930,9980
1/25/2017,9630,9635,9675,9680,,,,,,,9975,10025
1/24/2017,9760,9765,9790,9800,,,,,,,10090,10140
1/23/2017,9765,9770,9800,9850,,,,,,,10105,10155
1/20/2017,9730,9735,9780,9810,,,,,,,10075,10125
1/19/2017,10030,10050,10090,10100,,,,,,,10370,10420
1/18/2017,10155,10160,10200,10210,,,,,,,10470,10520
1/17/2017,10170,10175,10220,10230,,,,,,,10485,10535
1/16/2017,10230,10235,10300,10350,,,,,,,10580,10630
1/13/2017,10110,10115,10175,10180,,,,,,,10445,10495
1/12/2017,9950,9975,10010,10020,,,,,,,10265,10315
1/11/2017,10440,10450,10475,10480,,,,,,,10725,10775
1/10/2017,10430,10435,10470,10475,,,,,,,10715,10765
1/9/2017,10240,10245,10280,10285,,,,,,,10520,10570
1/6/2017,10180,10185,10230,10240,,,,,,,10475,10525
1/5/2017,10225,10230,10270,10280,,,,,,,10525,10575
1/4/2017,9970,9975,10020,10025,,,,,,,10280,10330
1/3/2017,10200,10205,10250,10270,,,,,,,10520,10570
12/30/2016,10005,10010,10090,10095,10175,10275,,,,,,
12/29/2016,10030,10035,10120,10130,10205,10305,,,,,,
12/28/2016,10130,10140,10195,10200,10280,10380,,,,,,
12/23/2016,10565,10570,10610,10640,10710,10810,,,,,,
12/22/2016,10580,10585,10600,10605,10690,10790,,,,,,
12/21/2016,10880,10885,10950,10960,11040,11140,,,,,,
12/20/2016,10970,10980,11000,11025,11095,11195,,,,,,
12/19/2016,10845,10850,10880,10900,10975,11075,,,,,,
12/16/2016,11120,11130,11210,11215,11295,11395,,,,,,
12/15/2016,11240,11245,11310,11325,11400,11500,,,,,,
12/14/2016,11360,11365,11420,11430,11505,11605,,,,,,
12/13/2016,11400,11410,11460,11480,11550,11650,,,,,,
12/12/2016,11270,11275,11330,11350,11420,11520,,,,,,
12/9/2016,11320,11330,11370,11380,11450,11550,,,,,,
12/8/2016,11365,11370,11430,11440,11510,11610,,,,,,
12/7/2016,11540,11550,11600,11625,11690,11790,,,,,,
12/6/2016,11510,11520,11580,11600,11665,11765,,,,,,
12/5/2016,11675,11680,11720,11750,11810,11910,,,,,,
12/2/2016,11120,11125,11185,11190,11265,11365,,,,,,
12/1/2016,11200,11210,11250,11270,11335,11435,,,,,,
11/30/2016,10960,10965,11000,11010,11085,11185,,,,,,
11/29/2016,11295,11300,11370,11380,11450,11550,,,,,,
11/28/2016,11675,11680,11710,11730,11790,11890,,,,,,
11/25/2016,11460,11465,11505,11510,11585,11685,,,,,,
11/24/2016,11565,11570,11585,11590,11665,11765,,,,,,
11/23/2016,11220,11225,11260,11280,11350,11450,,,,,,
11/22/2016,11370,11380,11395,11400,11485,11585,,,,,,
11/21/2016,11150,11155,11205,11210,11295,11395,,,,,,
11/18/2016,11075,11080,11125,11150,11225,11325,,,,,,
11/17/2016,11235,11240,11290,11300,11380,11480,,,,,,
11/16/2016,11200,11205,11250,11275,11340,11440,,,,,,
11/15/2016,11150,11155,11215,11220,11295,11395,,,,,,
11/14/2016,11130,11135,11175,11200,11255,11355,,,,,,
11/11/2016,11730,11735,11760,11770,11830,11930,,,,,,
11/10/2016,11700,11710,11710,11725,11795,11895,,,,,,
11/9/2016,11445,11450,11480,11490,11565,11665,,,,,,
11/8/2016,11135,11140,11175,11180,11265,11365,,,,,,
11/7/2016,10925,10930,10985,10990,11075,11175,,,,,,
11/4/2016,10375,10385,10420,10430,10515,10615,,,,,,
11/3/2016,10420,10440,10460,10470,10555,10655,,,,,,
11/2/2016,10350,10355,10375,10400,10475,10575,,,,,,
11/1/2016,10440,10445,10475,10485,10565,10665,,,,,,
10/31/2016,10540,10550,10570,10600,10670,10770,,,,,,
10/28/2016,10335,10340,10350,10390,10465,10565,,,,,,
10/27/2016,10260,10265,10290,10320,10400,10500,,,,,,
10/26/2016,10140,10150,10190,10195,10285,10385,,,,,,
10/25/2016,10250,10255,10310,10320,10405,10505,,,,,,
10/24/2016,10015,10020,10060,10080,10160,10260,,,,,,
10/21/2016,9985,9995,10025,10030,10120,10220,,,,,,
10/20/2016,10160,10165,10215,10220,10305,10405,,,,,,
10/19/2016,10270,10280,10300,10305,10390,10490,,,,,,
10/18/2016,10330,10335,10380,10390,10475,10575,,,,,,
10/17/2016,10395,10400,10450,10470,10550,10650,,,,,,
10/14/2016,10430,10435,10460,10470,10555,10655,,,,,,
10/13/2016,10410,10415,10450,10455,10545,10645,,,,,,
10/12/2016,10525,10575,10590,10600,10685,10785,,,,,,
10/11/2016,10410,10415,10450,10475,10555,10655,,,,,,
10/10/2016,10300,10305,10345,10350,10440,10540,,,,,,
10/7/2016,10250,10260,10280,10300,10370,10470,,,,,,
10/6/2016,10115,10120,10160,10190,10255,10355,,,,,,
10/5/2016,9965,9970,10020,10025,10105,10205,,,,,,
10/4/2016,10150,10155,10200,10210,10290,10390,,,,,,
10/3/2016,10185,10190,10230,10235,10315,10415,,,,,,
9/30/2016,10455,10460,10535,10540,,,,,,,10810,10910
9/29/2016,10525,10530,10590,10600,,,,,,,10870,10970
9/28/2016,10610,10615,10685,10690,,,,,,,10965,11065
9/27/2016,10755,10760,10800,10810,,,,,,,11080,11180
9/26/2016,10440,10450,10480,10485,,,,,,,10755,10855
9/23/2016,10620,10625,10690,10695,,,,,,,10975,11075
9/22/2016,10540,10545,10590,10600,,,,,,,10885,10985
9/21/2016,10310,10315,10375,10380,,,,,,,10675,10775
9/20/2016,10190,10195,10245,10250,,,,,,,10545,10645
9/19/2016,9915,9920,9960,9970,,,,,,,10255,10355
9/16/2016,9645,9650,9690,9700,,,,,,,9990,10090
9/15/2016,9740,9745,9775,9825,,,,,,,10095,10195
9/14/2016,9760,9770,9750,9775,,,,,,,10060,10160
9/13/2016,10010,10015,10060,10065,,,,,,,10360,10460
9/12/2016,10020,10025,10065,10080,,,,,,,10365,10465
9/9/2016,10335,10340,10370,10375,,,,,,,10665,10765
9/8/2016,10305,10310,10335,10340,,,,,,,10635,10735
9/7/2016,10130,10135,10200,10225,,,,,,,10515,10615
9/6/2016,10050,10060,10120,10130,,,,,,,10430,10530
9/5/2016,10045,10050,10040,10080,,,,,,,10355,10455
9/2/2016,9875,9880,9925,9950,,,,,,,10235,10335
9/1/2016,9745,9750,9790,9800,,,,,,,10095,10195
8/31/2016,9720,9725,9790,9795,,,,,,,9890,9990
8/30/2016,9715,9720,9775,9780,,,,,,,9875,9975
8/26/2016,9770,9775,9830,9840,,,,,,,9935,10035
8/25/2016,9790,9795,9825,9850,,,,,,,9935,10035
8/24/2016,10215,10220,10265,10270,,,,,,,10365,10465
8/23/2016,10230,10235,10270,10275,,,,,,,10370,10470
8/22/2016,10115,10125,10170,10200,,,,,,,10285,10385
8/19/2016,10245,10250,10285,10300,,,,,,,10395,10495
8/18/2016,10320,10325,10380,10390,,,,,,,10485,10585
8/17/2016,10150,10155,10215,10220,,,,,,,10315,10415
8/16/2016,10320,10330,10350,10400,,,,,,,10475,10575
8/15/2016,10400,10405,10395,10400,,,,,,,10495,10595
8/12/2016,10435,10445,10470,10480,,,,,,,10575,10675
8/11/2016,10680,10690,10745,10750,,,,,,,10840,10940
8/10/2016,10895,10900,10940,10950,,,,,,,11040,11140
8/9/2016,10720,10730,10775,10780,,,,,,,10875,10975
8/8/2016,10780,10790,10820,10840,,,,,,,10930,11030
8/5/2016,10575,10580,10640,10645,,,,,,,10740,10840
8/4/2016,10435,10440,10460,10465,,,,,,,10560,10660
8/3/2016,10640,10650,10680,10690,,,,,,,10780,10880
8/2/2016,10790,10795,10850,10860,,,,,,,10950,11050
8/1/2016,10700,10705,10760,10775,,,,,,,10870,10970
7/29/2016,10440,10445,10485,10510,,,,,,,10600,10700
7/28/2016,10530,10535,10560,10580,,,,,,,10675,10775
7/27/2016,10350,10360,10405,10410,,,,,,,10510,10610
7/26/2016,10310,10315,10340,10350,,,,,,,10445,10545
7/25/2016,10435,10440,10495,10500,,,,,,,10595,10695
7/22/2016,10650,10655,10690,10700,,,,,,,10790,10890
7/21/2016,10660,10665,10700,10710,,,,,,,10805,10905
7/20/2016,10440,10445,10475,10480,,,,,,,10580,10680
7/19/2016,10550,10555,10615,10620,,,,,,,10730,10830
7/18/2016,10300,10310,10350,10360,,,,,,,10465,10565
7/15/2016,10355,10360,10380,10385,,,,,,,10495,10595
7/14/2016,10360,10370,10380,10390,,,,,,,10500,10600
7/13/2016,10285,10290,10315,10320,,,,,,,10430,10530
7/12/2016,10305,10310,10355,10360,,,,,,,10470,10570
7/11/2016,10085,10090,10105,10110,,,,,,,10220,10320
7/8/2016,9730,9740,9795,9800,,,,,,,9910,10010
7/7/2016,9805,9810,9810,9820,,,,,,,9930,10030
7/6/2016,9670,9675,9700,9750,,,,,,,9840,9940
7/5/2016,10080,10085,10120,10130,,,,,,,10240,10340
7/4/2016,10295,10300,10335,10340,,,,,,,10450,10550
7/1/2016,9530,9535,9560,9580,,,,,,,9690,9790
6/30/2016,9410,9415,9450,9475,,,,,,,9580,9680
6/29/2016,9270,9280,9340,9345,,,,,,,9460,9560
6/28/2016,9130,9135,9185,9190,,,,,,,9305,9405
6/27/2016,8950,8960,9020,9040,,,,,,,9150,9250
6/24/2016,8890,8900,8950,8955,,,,,,,9075,9175
6/23/2016,9175,9180,9200,9205,,,,,,,9325,9425
6/22/2016,9225,9230,9260,9265,,,,,,,9385,9485
6/21/2016,9175,9180,9235,9240,,,,,,,9365,9465
6/20/2016,9190,9210,9240,9250,,,,,,,9370,9470
6/17/2016,9040,9050,9060,9070,,,,,,,9190,9290
6/16/2016,8780,8785,8830,8835,,,,,,,8960,9060
6/15/2016,9060,9070,9110,9115,,,,,,,9240,9340
6/14/2016,8800,8805,8830,8835,,,,,,,8965,9065
6/13/2016,8820,8825,8850,8875,,,,,,,8990,9090
6/10/2016,8945,8950,8995,9000,,,,,,,9125,9225
6/9/2016,8940,8950,8950,8960,,,,,,,9080,9180
6/8/2016,8820,8825,8870,8880,,,,,,,9000,9100
6/7/2016,8555,8565,8615,8620,,,,,,,8740,8840
6/6/2016,8620,8625,8685,8690,,,,,,,8805,8905
6/3/2016,8500,8510,8530,8540,,,,,,,8650,8750
6/2/2016,8360,8365,8400,8405,,,,,,,8520,8620
6/1/2016,8320,8325,8360,8365,,,,,,,8475,8575
5/31/2016,8455,8465,8510,8520,,,,,,,8625,8725
5/27/2016,8370,8375,8420,8425,,,,,,,8535,8635
5/26/2016,8370,8375,8430,8435,,,,,,,8545,8645
5/25/2016,8335,8340,8375,8380,,,,,,,8490,8590
5/24/2016,8335,8340,8385,8390,,,,,,,8500,8600
5/23/2016,8305,8310,8330,8335,,,,,,,8445,8545
5/20/2016,8520,8525,8580,8585,,,,,,,8700,8800
5/19/2016,8485,8490,8530,8535,,,,,,,8650,8750
5/18/2016,8580,8585,8615,8620,,,,,,,8730,8830
5/17/2016,8620,8630,8690,8695,,,,,,,8810,8910
5/16/2016,8635,8640,8650,8700,,,,,,,8790,8890
5/13/2016,8580,8585,8610,8620,,,,,,,8735,8835
5/12/2016,8770,8775,8820,8830,,,,,,,8945,9045
5/11/2016,8775,8780,8825,8830,,,,,,,8945,9045
5/10/2016,8630,8635,8680,8685,,,,,,,8800,8900
5/9/2016,8720,8730,8760,8780,,,,,,,8890,8990
5/6/2016,8950,8960,9010,9020,,,,,,,9135,9235
5/5/2016,9280,9300,9300,9320,,,,,,,9430,9530
5/4/2016,9385,9390,9460,9470,,,,,,,9585,9685
5/3/2016,9550,9555,9565,9575,,,,,,,9690,9790
4/29/2016,9455,9460,9485,9490,,,,,,,9610,9710
4/28/2016,9145,9150,9175,9180,,,,,,,9300,9400
4/27/2016,9190,9200,9230,9235,,,,,,,9355,9455
4/26/2016,9055,9060,9080,9085,,,,,,,9205,9305
4/25/2016,9070,9080,9080,9090,,,,,,,9210,9310
4/22/2016,9125,9130,9160,9170,,,,,,,9290,9390
4/21/2016,9425,9430,9460,9465,,,,,,,9585,9685
4/20/2016,9210,9215,9250,9260,,,,,,,9380,9480
4/19/2016,9060,9070,9080,9090,,,,,,,9210,9310
4/18/2016,8945,8950,8990,8995,,,,,,,9120,9220
4/15/2016,8880,8885,8900,8920,,,,,,,9035,9135
4/14/2016,8875,8880,8900,8920,,,,,,,9045,9145
4/13/2016,8915,8920,8970,8975,,,,,,,9105,9205
4/12/2016,8650,8655,8680,8685,,,,,,,8825,8925
4/11/2016,8550,8555,8600,8605,,,,,,,8740,8840
4/8/2016,8400,8405,8440,8450,,,,,,,8585,8685
4/7/2016,8455,8460,8490,8500,,,,,,,8635,8735
4/6/2016,8465,8470,8500,8520,,,,,,,8645,8745
4/5/2016,8270,8275,8320,8325,,,,,,,8460,8560
4/4/2016,8270,8275,8320,8330,,,,,,,8455,8555
4/1/2016,8370,8380,8410,8415,,,,,,,8550,8650
3/31/2016,8275,8280,8350,8360,,,,,,,8495,8595
3/30/2016,8400,8425,8460,8475,,,,,,,8605,8705
3/29/2016,8570,8575,8610,8615,,,,,,,8750,8850
3/24/2016,8575,8580,8620,8630,,,,,,,8765,8865
3/23/2016,8620,8625,8675,8700,,,,,,,8830,8930
3/22/2016,8645,8650,8690,8700,,,,,,,8840,8940
3/21/2016,8610,8615,8655,8660,,,,,,,8800,8900
3/18/2016,8850,8855,8910,8915,,,,,,,9055,9155
3/17/2016,8640,8645,8675,8700,,,,,,,8820,8920
3/16/2016,8455,8460,8500,8550,,,,,,,8650,8750
3/15/2016,8530,8535,8550,8560,,,,,,,8675,8775
3/14/2016,8700,8705,8750,8760,,,,,,,8870,8970
3/11/2016,8765,8770,8805,8810,,,,,,,8925,9025
3/10/2016,8730,8735,8770,8780,,,,,,,8890,8990
3/9/2016,8780,8785,8820,8825,,,,,,,8945,9045
3/8/2016,9035,9040,9085,9090,,,,,,,9205,9305
3/7/2016,9370,9375,9390,9400,,,,,,,9505,9605
3/3/2016,8780,8785,8815,8820,,,,,,,8930,9030
3/2/2016,8750,8760,8790,8800,,,,,,,8910,9010
3/1/2016,8530,8535,8560,8565,,,,,,,8680,8780
2/29/2016,8415,8420,8450,8455,,,,,,,8570,8670
2/26/2016,8405,8410,8425,8450,,,,,,,8565,8665
2/24/2016,8515,8520,8530,8535,,,,,,,8665,8765
2/23/2016,8670,8675,8695,8700,,,,,,,8825,8925
2/22/2016,8690,8695,8720,8725,,,,,,,8850,8950
2/19/2016,8335,8340,8350,8355,,,,,,,8480,8580
2/18/2016,8300,8305,8325,8350,,,,,,,8470,8570
2/17/2016,8235,8240,8270,8275,,,,,,,8405,8505
2/16/2016,8265,8270,8295,8300,,,,,,,8435,8535
2/15/2016,8100,8120,8180,8190,,,,,,,8325,8425
2/11/2016,7700,7710,7725,7750,,,,,,,7880,7980
2/10/2016,8035,8040,8065,8075,,,,,,,8210,8310
2/9/2016,8095,8100,8130,8140,,,,,,,8270,8370
2/8/2016,8050,8055,8100,8125,,,,,,,8250,8350
2/5/2016,8480,8485,8500,8505,,,,,,,8640,8740
2/4/2016,8540,8545,8550,8555,,,,,,,8695,8795
2/3/2016,8430,8440,8460,8465,,,,,,,8605,8705
2/2/2016,8455,8460,8490,8500,,,,,,,8635,8735
2/1/2016,8445,8450,8510,8525,,,,,,,8665,8765
1/28/2016,8560,8570,8620,8640,,,,,,,8785,8885
1/27/2016,8650,8655,8695,8700,,,,,,,8855,8955
1/26/2016,8540,8545,8590,8595,,,,,,,8745,8845
1/25/2016,8550,8555,8590,8610,,,,,,,8750,8850
1/22/2016,8720,8725,8760,8765,,,,,,,8915,9015
1/21/2016,8500,8505,8550,8560,,,,,,,8705,8805
1/20/2016,8560,8565,8610,8630,,,,,,,8770,8870
1/19/2016,8675,8680,8700,8705,,,,,,,8850,8950
1/18/2016,8495,8500,8560,8570,,,,,,,8715,8815
1/15/2016,8375,8380,8405,8410,,,,,,,8550,8650
1/14/2016,8345,8350,8375,8380,,,,,,,8520,8620
1/13/2016,8250,8260,8285,8290,,,,,,,8430,8530
1/12/2016,8175,8180,8190,8195,,,,,,,8340,8440
1/11/2016,8300,8310,8360,8370,,,,,,,8500,8600
1/8/2016,8400,8405,8460,8465,,,,,,,8600,8700
1/7/2016,8310,8315,8370,8375,,,,,,,8505,8605
1/6/2016,8470,8480,8520,8540,,,,,,,8665,8765
1/5/2016,8610,8620,8605,8610,,,,,,,8750,8850
1/4/2016,8510,8515,8555,8565,,,,,,,8695,8795
12/31/2015,8660,8665,8690,8700,8735,8835,,,,,,
12/30/2015,8600,8610,8650,8660,8695,8795,,,,,,
12/29/2015,8550,8560,8570,8580,8615,8715,,,,,,
12/24/2015,8580,8590,8590,8600,8635,8735,,,,,,
12/23/2015,8640,8650,8675,8685,8725,8825,,,,,,
12/22/2015,8695,8700,8750,8760,8800,8900,,,,,,
12/21/2015,8700,8710,8810,8820,8855,8955,,,,,,
12/17/2015,8600,8605,8650,8655,8710,8810,,,,,,
12/16/2015,8670,8675,8720,8740,8785,8885,,,,,,
12/15/2015,8640,8650,8690,8695,8745,8845,,,,,,
12/14/2015,8560,8565,8600,8625,8665,8765,,,,,,
12/11/2015,8650,8655,8650,8655,8705,8805,,,,,,
12/10/2015,8525,8530,8550,8560,8605,8705,,,,,,
12/9/2015,8720,8725,8750,8755,8805,8905,,,,,,
12/8/2015,8575,8580,8635,8640,8690,8790,,,,,,
12/7/2015,8930,8940,8960,9000,9035,9135,,,,,,
12/4/2015,9020,9025,9020,9030,9075,9175,,,,,,
12/3/2015,8750,8760,8800,8810,8855,8955,,,,,,
12/2/2015,8840,8845,8930,8940,8990,9090,,,,,,
12/1/2015,8835,8840,8870,8875,8925,9025,,,,,,
11/30/2015,8730,8735,8800,8820,8860,8960,,,,,,
11/27/2015,8760,8765,8800,8810,8860,8960,,,,,,
11/26/2015,9110,9120,9135,9140,9185,9285,,,,,,
11/25/2015,8640,8650,8715,8720,8765,8865,,,,,,
11/24/2015,8420,8425,8440,8445,8490,8590,,,,,,
11/23/2015,8150,8160,8190,8200,8245,8345,,,,,,
11/20/2015,8895,8900,8930,8935,8990,9090,,,,,,
11/19/2015,8880,8885,8925,8930,8985,9085,,,,,,
11/18/2015,8950,8955,9020,9025,9080,9180,,,,,,
11/17/2015,9160,9165,9175,9200,9245,9345,,,,,,
11/16/2015,9400,9405,9470,9475,9525,9625,,,,,,
11/13/2015,9355,9365,9415,9420,9465,9565,,,,,,
11/12/2015,9365,9370,9400,9440,9465,9565,,,,,,
11/11/2015,9430,9450,9475,9480,9520,9620,,,,,,
11/10/2015,9490,9495,9525,9530,9565,9665,,,,,,
11/9/2015,9590,9600,9600,9610,9635,9735,,,,,,
11/6/2015,9720,9725,9745,9750,9775,9875,,,,,,
11/5/2015,9685,9690,9700,9705,9730,9830,,,,,,
11/4/2015,9960,9970,9990,9995,10020,10120,,,,,,
11/3/2015,9990,9995,10030,10050,10065,10165,,,,,,
11/2/2015,10045,10050,10070,10075,10095,10195,,,,,,
10/30/2015,10130,10135,10140,10145,10165,10265,,,,,,
10/29/2015,10470,10475,10490,10500,10515,10615,,,,,,
10/28/2015,10375,10380,10410,10420,10435,10535,,,,,,
10/27/2015,10480,10485,10510,10525,10535,10635,,,,,,
10/26/2015,10460,10465,10475,10480,10495,10595,,,,,,
10/23/2015,10590,10600,10580,10585,10615,10715,,,,,,
10/22/2015,10400,10405,10435,10460,10475,10575,,,,,,
10/21/2015,10315,10320,10360,10375,10395,10495,,,,,,
10/20/2015,10275,10280,10360,10365,10385,10485,,,,,,
10/19/2015,10410,10415,10450,10475,10485,10585,,,,,,
10/16/2015,10455,10460,10525,10540,10550,10650,,,,,,
10/15/2015,10570,10575,10610,10620,10630,10730,,,,,,
10/14/2015,10370,10375,10400,10405,10410,10510,,,,,,
10/13/2015,10395,10400,10430,10440,10435,10535,,,,,,
10/12/2015,10630,10635,10650,10675,10660,10760,,,,,,
10/9/2015,10705,10710,10725,10730,10720,10820,,,,,,
10/8/2015,10065,10070,10130,10135,10120,10220,,,,,,
10/7/2015,10215,10220,10265,10270,10260,10360,,,,,,
10/6/2015,9900,9910,9930,9950,9945,10045,,,,,,
10/5/2015,9930,9935,9995,10000,10000,10100,,,,,,
10/2/2015,9925,9930,9975,9980,9975,10075,,,,,,
10/1/2015,10385,10390,10450,10455,10440,10540,,,,,,
9/30/2015,10065,10070,10100,10105,,,,,,,10145,10245
9/29/2015,9870,9875,9890,9900,,,,,,,9950,10050
9/28/2015,9835,9840,9900,9925,,,,,,,9960,10060
9/25/2015,9815,9820,9875,9900,,,,,,,9945,10045
9/24/2015,9710,9715,9725,9750,,,,,,,9795,9895
9/23/2015,9805,9810,9835,9840,,,,,,,9920,10020
9/22/2015,9675,9680,9705,9710,,,,,,,9790,9890
9/21/2015,9700,9705,9750,9755,,,,,,,9850,9950
9/18/2015,9750,9760,9790,9800,,,,,,,9900,10000
9/17/2015,9885,9890,9890,9900,,,,,,,10000,10100
9/16/2015,10105,10110,10155,10160,,,,,,,10260,10360
9/15/2015,9845,9850,9870,9890,,,,,,,9970,10070
9/14/2015,9900,9905,9985,9990,,,,,,,10070,10170
9/11/2015,10180,10190,10230,10235,,,,,,,10315,10415
9/10/2015,10320,10325,10355,10360,,,,,,,10440,10540
9/9/2015,10060,10065,10095,10100,,,,,,,10165,10265
9/8/2015,9845,9850,9890,9895,,,,,,,9960,10060
9/7/2015,9800,9810,9830,9850,,,,,,,9930,10030
9/4/2015,9780,9785,9840,9845,,,,,,,9930,10030
9/3/2015,10020,10025,10075,10100,,,,,,,10185,10285
9/2/2015,9740,9745,9775,9800,,,,,,,9890,9990
9/1/2015,9930,9940,9950,9975,,,,,,,10075,10175
8/28/2015,9830,9835,9865,9870,,,9920,10020,10000,10100,10000,10100
8/27/2015,9725,9730,9765,9770,,,9825,9925,9905,10005,9905,10005
8/26/2015,9470,9475,9515,9520,,,9580,9680,9665,9765,9665,9765
8/25/2015,9665,9670,9670,9675,,,9750,9850,9835,9935,9835,9935
8/24/2015,9300,9305,9425,9450,,,9525,9625,9615,9715,9615,9715
8/21/2015,10105,10110,10170,10180,,,10270,10370,10350,10450,10350,10450
8/20/2015,10385,10390,10425,10430,,,,,,,10525,10625
8/19/2015,10325,10330,10375,10380,,,10465,10565,10545,10645,10545,10645
8/18/2015,10300,10305,10300,10305,,,10390,10490,10470,10570,10470,10570
8/17/2015,10550,10560,10590,10600,,,10675,10775,10760,10860,10760,10860
8/14/2015,10495,10500,10550,10580,,,10645,10745,10730,10830,10730,10830
8/13/2015,10515,10520,10540,10545,,,10625,10725,10710,10810,10710,10810
8/12/2015,10455,10460,10515,10520,,,10600,10700,10685,10785,10705,10805
8/11/2015,10690,10700,10745,10755,,,10835,10935,10915,11015,10915,11015
8/10/2015,10930,10935,10995,11000,,,11095,11195,11185,11285,11185,11285
8/7/2015,10775,10800,10825,10835,,,10925,11025,11015,11115,11015,11115
8/6/2015,10810,10820,10860,10890,,,10970,11070,11060,11160,11060,11160
8/5/2015,10780,10790,10830,10835,,,10930,11030,11020,11120,11020,11120
8/4/2015,10830,10835,10880,10890,,,10980,11080,11070,11170,11070,11170
8/3/2015,10770,10775,10790,10810,,,10895,10995,10985,11085,10985,11085
7/31/2015,10900,10925,10940,10960,,,11050,11150,11140,11240,11140,11240
7/30/2015,10915,10925,10960,10965,,,11065,11165,11155,11255,11155,11255
7/29/2015,11105,11110,11150,11200,,,11285,11385,11375,11475,11375,11475
7/28/2015,11175,11180,11220,11230,,,11335,11435,11425,11525,11425,11525
7/27/2015,10920,10925,11000,11020,,,11120,11220,11210,11310,11210,11310
7/24/2015,11170,11175,11225,11235,,,11345,11445,11435,11535,11435,11535
7/23/2015,11230,11240,11310,11340,,,11435,11535,11525,11625,11525,11625
7/22/2015,11525,11545,11550,11575,,,11680,11780,11790,11890,11790,11890
7/21/2015,11750,11775,11800,11840,,,11935,12035,12045,12145,12045,12145
7/20/2015,11460,11470,11490,11500,,,11620,11720,11730,11830,11730,11830
7/17/2015,11415,11425,11450,11475,,,11590,11690,11700,11800,11700,11800
7/16/2015,11415,11420,11465,11470,,,11605,11705,11715,11815,11715,11815
7/15/2015,11730,11735,11775,11785,,,11920,12020,12030,12130,12030,12130
7/14/2015,11380,11385,11445,11455,,,11595,11695,11705,11805,11705,11805
7/13/2015,11450,11455,11560,11570,,,11710,11810,11820,11920,11820,11920
7/10/2015,11265,11275,11300,11305,,,11445,11545,11545,11645,11545,11645
7/9/2015,11285,11290,11315,11320,,,11465,11565,11565,11665,11565,11665
7/8/2015,10875,10900,10925,10950,,,11080,11180,11180,11280,11180,11280
7/7/2015,11135,11145,11195,11200,,,11335,11435,11435,11535,11435,11535
7/6/2015,11535,11560,11620,11625,,,11755,11855,11855,11955,11855,11955
7/3/2015,12045,12050,12025,12050,,,12175,12275,12275,12375,12275,12375
7/2/2015,12050,12060,12100,12110,,,12240,12340,12340,12440,12340,12440
7/1/2015,11900,11905,11930,11935,,,12070,12170,12170,12270,12170,12270
6/30/2015,11675,11680,11710,11720,,,11865,11965,11965,12065,11965,12065
6/29/2015,11710,11715,11745,11750,,,11890,11990,11990,12090,11990,12090
6/26/2015,12490,12495,12525,12540,,,12675,12775,12775,12875,12775,12875
6/25/2015,12580,12585,12600,12625,,,12755,12855,12855,12955,12855,12955
6/24/2015,12775,12780,12825,12830,,,12960,13060,13060,13160,13060,13160
6/23/2015,12660,12665,12695,12700,,,12830,12930,12930,13030,12930,13030
6/22/2015,12585,12590,12620,12625,,,12750,12850,12835,12935,12835,12935
6/19/2015,12590,12600,12620,12630,,,12755,12855,12835,12935,12835,12935
6/18/2015,12855,12860,12850,12855,,,12980,13080,13060,13160,13060,13160
6/17/2015,12840,12850,12875,12880,,,13005,13105,13085,13185,13085,13185
6/16/2015,12770,12775,12795,12800,,,12925,13025,13005,13105,13005,13105
6/15/2015,12730,12735,12800,12825,,,,,,,12930,13030
6/12/2015,13060,13065,13120,13125,,,,,,,13240,13340
6/11/2015,13460,13465,13480,13490,,,13600,13700,13670,13770,13670,13770
6/10/2015,13570,13575,13600,13625,,,13725,13825,13795,13895,13795,13895
6/9/2015,13525,13530,13570,13575,,,13685,13785,13755,13855,13755,13855
6/8/2015,13090,13095,13140,13150,,,13255,13355,13325,13425,13325,13425
6/5/2015,12860,12865,12880,12890,,,12985,13085,13055,13155,13055,13155
6/4/2015,12835,12840,12860,12900,,,12990,13090,13060,13160,13060,13160
6/3/2015,12920,12940,12910,12925,,,13030,13130,13105,13205,13105,13205
6/2/2015,12905,12910,12925,12950,,,13060,13160,13140,13240,13150,13250
6/1/2015,12530,12540,12560,12565,,,12700,12800,12790,12890,12800,12900
5/29/2015,12670,12675,12700,12725,,,12850,12950,12940,13040,12950,13050
5/28/2015,12835,12840,12890,12900,,,13025,13125,13115,13215,13125,13225
5/27/2015,12600,12625,12640,12645,,,12770,12870,12860,12960,12870,12970
5/26/2015,12640,12650,12675,12680,,,12820,12920,12900,13000,12910,13010
5/22/2015,12700,12710,12755,12760,,,12890,12990,12960,13060,12970,13070
5/21/2015,13010,13015,13075,13085,,,13210,13310,13270,13370,13280,13380
5/20/2015,12820,12830,12860,12865,,,12985,13085,13045,13145,13055,13155
5/19/2015,13380,13390,13400,13410,,,13525,13625,13585,13685,13595,13695
5/18/2015,13675,13685,13740,13750,,,13865,13965,13925,14025,13935,14035
5/15/2015,13650,13655,13700,13725,,,13835,13935,13895,13995,13905,14005
5/14/2015,13825,13830,13865,13870,,,13985,14085,14045,14145,14055,14155
5/13/2015,14035,14040,14050,14080,,,14190,14290,14250,14350,14260,14360
5/12/2015,14110,14120,14150,14155,,,14280,14380,14340,14440,14350,14450
5/11/2015,14280,14285,14325,14350,,,14465,14565,14525,14625,14535,14635
5/8/2015,14090,14100,14190,14195,,,14330,14430,14410,14510,14430,14530
5/7/2015,13910,13915,13975,14000,,,14115,14215,14195,14295,14215,14315
5/6/2015,14410,14415,14460,14470,,,14610,14710,14705,14805,14730,14830
5/5/2015,14125,14130,14170,14180,,,14315,14415,14405,14505,14430,14530
5/1/2015,13755,13760,13800,13810,,,13940,14040,14035,14135,14060,14160
4/30/2015,13855,13860,13875,13880,,,14020,14120,14120,14220,14145,14245
4/29/2015,13280,13285,13275,13290,,,13425,13525,13525,13625,13550,13650
4/28/2015,13225,13230,13280,13300,,,13430,13530,13530,13630,13555,13655
4/27/2015,13505,13510,13560,13570,,,13715,13815,13815,13915,13840,13940
4/24/2015,12850,12860,12910,12920,,,13075,13175,13190,13290,13215,13315
4/23/2015,12540,12545,12600,12625,,,12780,12880,12905,13005,12930,13030
4/22/2015,12620,12625,12680,12690,,,12860,12960,12985,13085,13010,13110
4/21/2015,12765,12770,12775,12780,,,12965,13065,13090,13190,13115,13215
4/20/2015,12365,12370,12400,12425,,,12595,12695,12730,12830,12740,12840
4/17/2015,12725,12730,12750,12780,,,12950,13050,13090,13190,13100,13200
4/16/2015,12885,12890,12900,12920,,,13100,13200,13250,13350,13250,13350
4/15/2015,12510,12515,12560,12570,,,12750,12850,12900,13000,12900,13000
4/14/2015,12255,12260,12310,12320,,,12480,12580,12580,12680,12580,12680
4/13/2015,12510,12520,12620,12630,,,12805,12905,12875,12975,12860,12960
4/10/2015,12580,12590,12620,12630,,,12790,12890,12860,12960,12845,12945
4/9/2015,12540,12545,12580,12600,,,12755,12855,12780,12880,12765,12865
4/8/2015,12720,12725,12765,12770,,,12950,13050,12950,13050,12935,13035
4/7/2015,12560,12565,12620,12625,,,12805,12905,12805,12905,12790,12890
4/2/2015,12925,12930,12950,12975,,,13155,13255,13155,13255,13140,13240
4/1/2015,12320,12330,12410,12425,,,12600,12700,12610,12710,12585,12685
3/31/2015,12455,12460,12525,12550,,,12690,12790,12700,12800,12675,12775
3/30/2015,13040,13045,13100,13105,,,13220,13320,13185,13285,13160,13260
3/27/2015,13255,13260,13300,13330,,,13440,13540,13405,13505,13380,13480
3/26/2015,13610,13615,13650,13660,,,13775,13875,13740,13840,13715,13815
3/25/2015,13675,13680,13740,13750,,,13870,13970,13835,13935,13810,13910
3/24/2015,14020,14025,14085,14090,,,14195,14295,14160,14260,14135,14235
3/23/2015,14190,14200,14175,14180,,,14275,14375,14270,14370,14245,14345
3/20/2015,13950,13955,13950,13955,,,14055,14155,14055,14155,14030,14130
3/19/2015,13625,13630,13675,13685,,,13785,13885,13770,13870,13745,13845
3/18/2015,13570,13575,13600,13605,,,13715,13815,13700,13800,13675,13775
3/17/2015,13555,13560,13595,13600,,,13715,13815,13700,13800,13675,13775
3/16/2015,13800,13805,13940,13945,,,14060,14160,14045,14145,14020,14120
3/13/2015,13845,13850,13850,13875,,,13985,14085,13970,14070,13945,14045
3/12/2015,13820,13825,13900,13925,,,14025,14125,14005,14105,13980,14080
3/11/2015,13970,13975,14050,14070,,,14175,14275,14155,14255,14130,14230
3/10/2015,14070,14075,14125,14150,,,14255,14355,14235,14335,14210,14310
3/9/2015,14395,14415,14450,14475,,,14585,14685,14575,14675,14550,14650
3/6/2015,14075,14085,14125,14130,,,14260,14360,14250,14350,14225,14325
3/5/2015,14050,14055,14110,14115,,,14250,14350,14240,14340,14215,14315
3/4/2015,13825,13830,13875,13880,,,14025,14125,14025,14125,14000,14100
3/3/2015,13580,13600,13675,13680,,,13775,13875,13750,13850,13700,13800
3/2/2015,13875,13885,13950,13975,,,14065,14165,14040,14140,13990,14090
2/27/2015,14040,14045,14095,14100,,,14200,14300,14175,14275,14125,14225
2/26/2015,14395,14400,14430,14435,,,14535,14635,14510,14610,14460,14560
2/25/2015,14305,14310,14385,14390,,,14495,14595,14470,14570,14420,14520
2/24/2015,14245,14250,14290,14300,,,14395,14495,14345,14445,14295,14395
2/23/2015,13910,13915,13975,13980,,,14080,14180,14000,14100,13950,14050
2/20/2015,13940,13950,14000,14010,,,14110,14210,14030,14130,13980,14080
2/19/2015,13920,13925,13975,13980,,,14080,14180,14000,14100,13950,14050
2/18/2015,14100,14125,14150,14160,,,14250,14350,14170,14270,14120,14220
2/17/2015,14210,14215,14250,14260,,,14345,14445,14265,14365,14215,14315
2/16/2015,14425,14430,14510,14550,,,14635,14735,14555,14655,14505,14605
2/13/2015,14735,14745,14750,14755,,,14850,14950,14770,14870,14720,14820
2/12/2015,14600,14605,14600,14605,,,14680,14780,14600,14700,14550,14650
2/11/2015,14700,14710,14765,14770,,,14820,14920,14740,14840,14690,14790
2/10/2015,14855,14860,14915,14925,,,14970,15070,14890,14990,14840,14940
2/9/2015,15045,15050,15140,15170,,,15210,15310,15160,15260,15110,15210
2/6/2015,14960,14965,15000,15025,,,15065,15165,15015,15115,14965,15065
2/5/2015,14830,14835,14895,14900,,,14965,15065,14905,15005,14855,14955
2/4/2015,14925,14930,15000,15025,,,15080,15180,15030,15130,14980,15080
2/3/2015,15370,15375,15375,15400,,,15455,15555,15405,15505,15355,15455
2/2/2015,15045,15050,15100,15125,,,15175,15275,15175,15275,15175,15275
1/30/2015,14780,14785,14800,14825,,,14880,14980,14880,14980,14880,14980
1/29/2015,14700,14705,14750,14760,,,14820,14920,14745,14845,14745,14845
1/28/2015,14925,14930,14960,14970,,,15025,15125,15000,15100,15000,15100
1/27/2015,14670,14675,14720,14725,,,14790,14890,14765,14865,14765,14865
1/26/2015,14370,14375,14425,14430,,,14505,14605,14425,14525,14425,14525
1/23/2015,14400,14405,14450,14455,,,14510,14610,14465,14565,14465,14565
1/22/2015,14715,14720,14750,14760,,,14840,14940,14790,14890,14790,14890
1/21/2015,14760,14770,14850,14900,,,14995,15095,14995,15095,14995,15095
1/20/2015,14535,14540,14595,14600,,,14720,14820,14720,14820,14720,14820
1/19/2015,14375,14400,14425,14475,,,14575,14675,14575,14675,14600,14700
1/16/2015,14355,14360,14425,14430,,,14555,14655,14530,14630,14555,14655
1/15/2015,14550,14570,14625,14630,,,14760,14860,14710,14810,14735,14835
1/14/2015,14240,14250,14250,14290,,,14365,14465,14315,14415,14340,14440
1/13/2015,14775,14780,14850,14855,,,14940,15040,14890,14990,14940,15040
1/12/2015,14950,14955,15030,15040,,,15120,15220,15070,15170,15120,15220
1/9/2015,15430,15435,15505,15510,,,15595,15695,15545,15645,15595,15695
1/8/2015,15310,15330,15400,15405,,,15490,15590,15440,15540,15490,15590
1/7/2015,15450,15455,15530,15540,,,15635,15735,15585,15685,15635,15735
1/6/2015,15275,15285,15320,15325,,,15385,15485,15335,15435,15385,15485
1/5/2015,14580,14585,14655,14660,,,14705,14805,14655,14755,14705,14805
1/2/2015,14875,14880,14970,15000,,,15035,15135,15075,15175,15110,15210
12/31/2014,14930,14935,15020,15025,,,15080,15180,15100,15200,15150,15250
12/30/2014,14850,14855,14925,14950,,,15000,15100,15005,15105,15035,15135
12/29/2014,15100,15110,15180,15185,,,15255,15355,15255,15355,15285,15385
12/24/2014,15250,15275,15305,15310,,,15380,15480,15380,15480,15430,15530
12/23/2014,15370,15380,15450,15460,,,15535,15635,15535,15635,15595,15695
12/22/2014,15625,15630,15700,15705,,,15780,15880,15755,15855,15775,15875
12/19/2014,15300,15350,15350,15400,,,15445,15545,15405,15505,15405,15505
12/18/2014,15500,15505,15500,15525,,,15585,15685,15540,15640,15540,15640
12/17/2014,15425,15430,15475,15500,,,15540,15640,15490,15590,15490,15590
12/16/2014,16125,16130,16250,16275,,,16315,16415,16265,16365,16205,16305
12/15/2014,16655,16660,16715,16720,,,16765,16865,16695,16795,16595,16695
12/12/2014,16330,16335,16400,16425,,,16465,16565,16395,16495,16295,16395
12/11/2014,16145,16150,16220,16230,,,16270,16370,16200,16300,16100,16200
12/10/2014,16420,16425,16475,16500,,,16545,16645,16485,16585,16385,16485
12/9/2014,16250,16255,16325,16330,,,16380,16480,16300,16400,16200,16300
12/8/2014,16550,16555,16670,16675,,,16720,16820,16650,16750,16550,16650
12/5/2014,16820,16825,16870,16875,,,16925,17025,16845,16945,16745,16845
12/4/2014,16775,16780,16840,16850,,,16900,17000,16820,16920,16720,16820
12/3/2014,16320,16325,16395,16400,,,16460,16560,16395,16495,16295,16395
12/2/2014,16170,16175,16230,16250,,,16295,16395,16235,16335,16135,16235
12/1/2014,16200,16205,16250,16275,,,16315,16415,16255,16355,16105,16205
11/28/2014,16080,16090,16150,16160,,,16215,16315,16135,16235,15985,16085
11/27/2014,16300,16325,16350,16400,,,16435,16535,16355,16455,16205,16305
11/26/2014,16225,16230,16300,16310,,,16355,16455,16265,16365,16140,16240
11/25/2014,16450,16455,16530,16535,,,16590,16690,16500,16600,16375,16475
11/24/2014,16530,16535,16600,16605,,,16655,16755,16565,16665,16440,16540
11/21/2014,16445,16450,16500,16505,,,16550,16650,16450,16550,16300,16400
11/20/2014,16170,16175,16245,16250,,,16310,16410,16210,16310,16110,16210
11/19/2014,15845,15850,15900,15905,,,15970,16070,15900,16000,15800,15900
11/18/2014,15645,15650,15700,15705,,,15780,15880,15690,15790,15605,15705
11/17/2014,15595,15600,15655,15660,,,15735,15835,15635,15735,15550,15650
11/14/2014,15315,15320,15370,15375,,,15455,15555,15380,15480,15295,15395
11/13/2014,15510,15520,15610,15625,,,15710,15810,15620,15720,15535,15635
11/12/2014,15525,15535,15590,15600,,,15700,15800,15610,15710,15535,15635
11/11/2014,15085,15090,15150,15160,,,15265,15365,15175,15275,15100,15200
11/10/2014,15065,15070,15145,15150,,,15245,15345,15160,15260,15085,15185
11/7/2014,15260,15265,15335,15340,,,15435,15535,15360,15460,15305,15405
11/6/2014,15250,15255,15325,15340,,,15425,15525,15350,15450,15230,15330
11/5/2014,14975,14980,15025,15030,,,15135,15235,15060,15160,14905,15005
11/4/2014,15150,15155,15215,15235,,,15305,15405,15185,15285,14975,15075
11/3/2014,15550,15575,15675,15680,,,15760,15860,15640,15740,15430,15530
10/31/2014,15810,15815,15890,15900,,,15970,16070,15845,15945,15635,15735
10/30/2014,15300,15325,15390,15400,,,15480,15580,15365,15465,15165,15265
10/29/2014,15575,15585,15615,15625,,,15715,15815,15600,15700,15400,15500
10/28/2014,15050,15055,15130,15135,,,15225,15325,15145,15245,14965,15065
10/27/2014,14620,14650,14775,14800,,,14880,14980,14800,14900,14620,14720
10/24/2014,15000,15005,15050,15075,,,15160,15260,15080,15180,14900,15000
10/23/2014,14925,14950,15000,15025,,,15135,15235,15080,15180,14900,15000
10/22/2014,15210,15220,15295,15300,,,15415,15515,15360,15460,15180,15280
10/21/2014,15200,15225,15300,15310,,,15445,15545,15395,15495,15215,15315
10/20/2014,15310,15315,15385,15390,,,15520,15620,15450,15550,15250,15350
10/17/2014,15500,15505,15575,15600,,,15690,15790,15620,15720,15395,15495
10/16/2014,15310,15315,15375,15400,,,15495,15595,15395,15495,15170,15270
10/15/2014,16130,16135,16210,16230,,,16325,16425,16195,16295,15945,16045
10/14/2014,16175,16180,16270,16290,,,16375,16475,16225,16325,15975,16075
10/13/2014,16385,16390,16475,16500,,,16575,16675,16425,16525,16175,16275
10/10/2014,16305,16310,16395,16400,,,16485,16585,16335,16435,16085,16185
10/9/2014,16625,16630,16700,16710,,,16795,16895,16665,16765,16425,16525
10/8/2014,16695,16700,16750,16755,,,16830,16930,16700,16800,16475,16575
10/7/2014,16725,16750,16830,16835,,,16930,17030,16805,16905,16630,16730
10/6/2014,16480,16485,16595,16615,,,16715,16815,16590,16690,16465,16565
10/3/2014,16265,16270,16305,16310,,,16430,16530,16305,16405,16180,16280
10/2/2014,16040,16050,16110,16115,,,16240,16340,16110,16210,15985,16085
10/1/2014,15850,15855,15960,15965,,,16080,16180,16005,16105,15880,15980
9/30/2014,16500,16505,16595,16600,,,16460,16560,,,,
9/29/2014,16505,16510,16560,16565,,,16365,16465,,,,
9/26/2014,17270,17280,17375,17380,,,17220,17320,,,,
9/25/2014,17205,17210,17305,17315,,,17185,17285,,,,
9/24/2014,17180,17200,17250,17260,,,17200,17300,,,,
9/23/2014,17130,17135,17225,17250,,,17200,17300,,,,
9/22/2014,17070,17075,17170,17175,,,17145,17245,,,,
9/19/2014,17750,17755,17825,17830,,,17800,17900,,,,
9/18/2014,17875,17885,17935,17940,,,17970,18070,,,,
9/17/2014,17915,17920,18000,18005,,,18000,18100,,,,
9/16/2014,17895,17905,18000,18010,,,17955,18055,,,,
9/15/2014,18250,18255,18325,18350,,,18160,18260,,,,
9/12/2014,18340,18345,18400,18420,,,18255,18355,,,,
9/11/2014,18455,18460,18550,18575,,,18295,18395,,,,
9/10/2014,18545,18550,18625,18650,,,18320,18420,,,,
9/9/2014,19355,19360,19475,19500,,,19080,19180,,,,
9/8/2014,19730,19740,19750,19775,,,19310,19410,,,,
9/5/2014,19380,19385,19450,19455,,,19235,19335,,,,
9/4/2014,19225,19235,19325,19350,,,19145,19245,,,,
9/3/2014,18810,18820,18880,18885,,,18805,18905,,,,
9/2/2014,18550,18555,18650,18670,,,18605,18705,,,,
9/1/2014,18655,18660,18810,18820,,,18780,18880,,,,
8/29/2014,18450,18455,18570,18575,,,18705,18805,18645,18745,18520,18620
8/28/2014,18640,18650,18750,18755,,,18905,19005,18830,18930,18705,18805
8/27/2014,18630,18635,18720,18730,,,18875,18975,18800,18900,18675,18775
8/26/2014,18800,18805,18880,18890,,,18985,19085,18900,19000,18755,18855
8/22/2014,18620,18625,18700,18725,,,18790,18890,18670,18770,18530,18630
8/21/2014,18725,18730,18865,18870,,,18945,19045,18795,18895,18655,18755
8/20/2014,18770,18780,18850,18875,,,18920,19020,18750,18850,18595,18695
8/19/2014,18545,18550,18580,18585,,,18635,18735,18460,18560,18310,18410
8/18/2014,18415,18420,18450,18475,,,18525,18625,18345,18445,18195,18295
8/15/2014,18500,18505,18550,18555,,,18605,18705,18440,18540,18285,18385
8/14/2014,18530,18535,18610,18625,,,18645,18745,18470,18570,18315,18415
8/13/2014,18570,18580,18675,18700,,,18700,18800,18525,18625,18370,18470
8/12/2014,18845,18850,18950,18955,,,18985,19085,18785,18885,18660,18760
8/11/2014,18490,18495,18570,18575,,,18615,18715,18415,18515,18290,18390
8/8/2014,18610,18620,18675,18680,,,18715,18815,18530,18630,18405,18505
8/7/2014,18850,18860,18975,18980,,,19015,19115,18855,18955,18730,18830
8/6/2014,18270,18275,18350,18400,,,18430,18530,18315,18415,18190,18290
8/5/2014,18485,18490,18550,18575,,,18610,18710,18510,18610,18385,18485
8/4/2014,18360,18375,18475,18500,,,18540,18640,18440,18540,18315,18415
8/1/2014,18275,18280,18350,18375,,,18430,18530,18330,18430,18205,18305
7/31/2014,18760,18765,18775,18800,,,18795,18895,18655,18755,18530,18630
7/30/2014,18675,18680,18800,18825,,,18855,18955,18725,18825,18600,18700
7/29/2014,18520,18525,18590,18595,,,18570,18670,18445,18545,18320,18420
7/28/2014,18775,18800,18825,18850,,,18785,18885,18560,18660,18435,18535
7/25/2014,19150,19160,19220,19230,,,19210,19310,19080,19180,18955,19055
7/24/2014,19075,19080,19150,19175,,,19160,19260,19040,19140,18920,19020
7/23/2014,18955,18960,19060,19065,,,19050,19150,18930,19030,18810,18910
7/22/2014,18920,18925,18975,19000,,,18975,19075,18855,18955,18735,18835
7/21/2014,18720,18725,18875,18900,,,18890,18990,18770,18870,18650,18750
7/18/2014,18500,18505,18600,18610,,,18595,18695,18475,18575,18355,18455
7/17/2014,19075,19080,19150,19175,,,19175,19275,19050,19150,18930,19030
7/16/2014,19190,19200,19280,19300,,,19310,19410,19185,19285,19065,19165
7/15/2014,19255,19260,19325,19330,,,19350,19450,19225,19325,19105,19205
7/14/2014,19205,19210,19300,19325,,,19330,19430,19205,19305,19085,19185
7/11/2014,19060,19065,19140,19160,,,19155,19255,19035,19135,18915,19015
7/10/2014,18965,18975,19025,19050,,,19085,19185,18975,19075,18805,18905
7/9/2014,19510,19515,19600,19625,,,19545,19645,19375,19475,19205,19305
7/8/2014,19435,19440,19530,19550,,,19420,19520,19250,19350,19080,19180
7/7/2014,19175,19180,19275,19300,,,19145,19245,18935,19035,18765,18865
7/4/2014,19380,19385,19450,19475,,,19285,19385,19075,19175,18905,19005
7/3/2014,19785,19795,19845,19850,,,19705,19805,19515,19615,19365,19465
7/2/2014,19060,19080,19150,19175,,,19040,19140,18860,18960,18710,18810
7/1/2014,18845,18850,18925,18930,,,18780,18880,18580,18680,18390,18490
6/30/2014,18705,18715,18795,18800,,,18635,18735,18475,18575,18285,18385
6/27/2014,18760,18765,18825,18850,,,18680,18780,18530,18630,18340,18440
6/26/2014,18600,18625,18700,18720,,,18575,18675,18385,18485,18195,18295
6/25/2014,18275,18280,18350,18355,,,18225,18325,18055,18155,17865,17965
6/24/2014,18140,18150,18250,18270,,,18135,18235,17955,18055,17765,17865
6/23/2014,18415,18420,18500,18525,,,18385,18485,18205,18305,17980,18080
6/20/2014,18325,18350,18470,18480,,,18330,18430,18060,18160,17830,17930
6/19/2014,18455,18460,18500,18510,,,18345,18445,18075,18175,17845,17945
6/18/2014,18655,18660,18725,18730,,,18550,18650,18280,18380,18030,18130
6/17/2014,18925,18930,19025,19050,,,18865,18965,18615,18715,18365,18465
6/16/2014,18310,18315,18380,18400,,,18270,18370,18100,18200,17850,17950
6/13/2014,17925,17950,18075,18100,,,17940,18040,17770,17870,17520,17620
6/12/2014,18025,18030,18075,18100,,,17945,18045,17720,17820,17470,17570
6/11/2014,18300,18350,18400,18425,,,18320,18420,18130,18230,17880,17980
6/10/2014,18450,18455,18500,18550,,,18430,18530,18300,18400,18050,18150
6/9/2014,18750,18760,18830,18835,,,18740,18840,18590,18690,18290,18390
6/6/2014,18460,18465,18500,18520,,,18355,18455,18230,18330,17905,18005
6/5/2014,19000,19005,19090,19100,,,18925,19025,18725,18825,18400,18500
6/4/2014,18945,18950,18950,18970,,,18795,18895,18570,18670,18245,18345
6/3/2014,19000,19005,19100,19105,,,18850,18950,18525,18625,18200,18300
6/2/2014,19400,19405,19430,19435,,,19115,19215,18715,18815,18390,18490
5/30/2014,19300,19310,19275,19280,,,18980,19080,18505,18605,18180,18280
5/29/2014,18740,18750,18820,18825,,,18515,18615,18115,18215,17815,17915
5/28/2014,19510,19515,19480,19500,,,19155,19255,18730,18830,18430,18530
5/27/2014,19625,19650,19655,19660,,,19260,19360,18810,18910,18510,18610
5/23/2014,19615,19620,19575,19625,,,19170,19270,18720,18820,18420,18520
5/22/2014,19665,19670,19655,19660,,,19245,19345,18795,18895,18495,18595
5/21/2014,19400,19405,19450,19475,,,18990,19090,18540,18640,18240,18340
5/20/2014,19675,19680,19630,19650,,,19135,19235,18665,18765,18365,18465
5/19/2014,19780,19785,19785,19790,,,19385,19485,18960,19060,18685,18785
5/16/2014,19150,19155,19195,19200,,,18910,19010,18585,18685,18335,18435
5/15/2014,18745,18750,18600,18650,,,18275,18375,18000,18100,17750,17850
5/14/2014,20645,20650,20700,20725,,,20315,20415,19990,20090,19740,19840
5/13/2014,21150,21200,21090,21100,,,20590,20690,20190,20290,19940,20040
5/12/2014,20845,20850,20845,20850,,,20285,20385,19885,19985,19685,19785
5/9/2014,20095,20105,20125,20130,,,19670,19770,19405,19505,19205,19305
5/8/2014,19380,19390,19405,19410,,,19020,19120,18695,18795,18495,18595
5/7/2014,18570,18580,18620,18625,,,18305,18405,18055,18155,17905,18005
5/6/2014,18450,18460,18520,18525,,,18205,18305,17955,18055,17805,17905
5/2/2014,18180,18200,18225,18230,,,17910,18010,17685,17785,17535,17635
5/1/2014,18060,18070,18060,18070,,,17765,17865,17615,17715,17515,17615
4/30/2014,18175,18200,18250,18255,,,18005,18105,17815,17915,17715,17815
4/29/2014,18225,18230,18300,18325,,,18015,18115,17825,17925,17725,17825
4/28/2014,18545,18550,18580,18585,,,18275,18375,18085,18185,17985,18085
4/25/2014,18460,18465,18425,18450,,,18145,18245,17965,18065,17915,18015
4/24/2014,18420,18430,18450,18470,,,18220,18320,18070,18170,18020,18120
4/23/2014,18115,18120,18180,18185,,,18025,18125,17925,18025,17900,18000
4/22/2014,18220,18230,18270,18300,,,18155,18255,18105,18205,18080,18180
4/17/2014,17980,17985,17950,18000,,,17885,17985,17810,17910,17810,17910
4/16/2014,17875,17880,17930,17940,,,17845,17945,17795,17895,17795,17895
4/15/2014,17270,17280,17345,17350,,,17250,17350,17200,17300,17200,17300
4/14/2014,17730,17735,17760,17770,,,17685,17785,17635,17735,17635,17735
4/11/2014,17390,17395,17440,17445,,,17355,17455,17325,17425,17325,17425
4/10/2014,17025,17050,17120,17140,,,17075,17175,17065,17165,17065,17165
4/9/2014,16495,16500,16500,16505,,,16505,16605,16535,16635,16535,16635
4/8/2014,16400,16410,16440,16445,,,16465,16565,16495,16595,16495,16595
4/7/2014,16460,16470,16495,16500,,,16520,16620,16550,16650,16550,16650
4/4/2014,16510,16515,16570,16575,,,16595,16695,16625,16725,16625,16725
4/3/2014,16140,16145,16190,16200,,,16235,16335,16265,16365,16265,16365
4/2/2014,16120,16130,16170,16175,,,16205,16305,16235,16335,16235,16335
4/1/2014,15775,15780,15820,15830,,,15860,15960,15890,15990,15890,15990
3/31/2014,15730,15735,15760,15770,,,15780,15880,15840,15940,15840,15940
3/28/2014,15765,15770,15800,15805,,,15760,15860,15750,15850,15750,15850
3/27/2014,15665,15670,15705,15710,,,15640,15740,15625,15725,15625,15725
3/26/2014,15950,15960,16045,16050,,,15965,16065,15955,16055,15955,16055
3/25/2014,16215,16225,16280,16300,,,16240,16340,16230,16330,16230,16330
3/24/2014,16130,16135,16160,16170,,,16120,16220,16110,16210,16110,16210
3/21/2014,15985,15990,16000,16010,,,15940,16040,15925,16025,15925,16025
3/20/2014,15905,15910,15925,15930,,,15835,15935,15785,15885,15785,15885
3/19/2014,16110,16115,16140,16145,,,16040,16140,15970,16070,15970,16070
3/18/2014,16070,16075,16120,16125,,,16005,16105,15930,16030,15930,16030
3/17/2014,15860,15865,15950,15960,,,15830,15930,15750,15850,15750,15850
3/14/2014,15800,15805,15860,15865,,,15715,15815,15640,15740,15640,15740
3/13/2014,15720,15730,15765,15775,,,15610,15710,15535,15635,15535,15635
3/12/2014,15665,15670,15700,15705,,,15590,15690,15540,15640,15515,15615
3/11/2014,15630,15635,15670,15675,,,15540,15640,15465,15565,15440,15540
3/10/2014,15130,15135,15160,15170,,,14990,15090,14915,15015,14890,14990
3/7/2014,15325,15330,15330,15340,,,15160,15260,15100,15200,15100,15200
3/6/2014,15450,15455,15480,15490,,,15385,15485,15370,15470,15445,15545
3/5/2014,15300,15305,15325,15335,,,15280,15380,15280,15380,15360,15460
3/4/2014,14825,14830,14860,14865,,,14845,14945,14890,14990,14990,15090
3/3/2014,14500,14510,14520,14530,,,14500,14600,14545,14645,14645,14745
2/28/2014,14540,14550,14585,14595,,,14565,14665,14610,14710,14710,14810
2/27/2014,14180,14185,14210,14215,,,14185,14285,14230,14330,14330,14430
2/26/2014,14280,14285,14320,14325,,,14335,14435,14395,14495,14495,14595
2/25/2014,14225,14235,14240,14245,,,14260,14360,14320,14420,14425,14525
2/24/2014,14155,14160,14195,14200,,,14215,14315,14275,14375,14380,14480
2/21/2014,14405,14410,14440,14450,,,14460,14560,14520,14620,14630,14730
2/20/2014,14260,14265,14300,14305,,,14350,14450,14420,14520,14535,14635
2/19/2014,14470,14475,14500,14525,,,14565,14665,14640,14740,14755,14855
2/18/2014,14400,14405,14450,14455,,,14505,14605,14580,14680,14695,14795
2/17/2014,14335,14340,14390,14395,,,14445,14545,14520,14620,14635,14735
2/14/2014,14225,14235,14260,14265,,,14320,14420,14405,14505,14520,14620
2/13/2014,14230,14235,14275,14280,,,14355,14455,14445,14545,14560,14660
2/12/2014,14265,14270,14345,14350,,,14435,14535,14525,14625,14665,14765
2/11/2014,14115,14120,14160,14165,,,14255,14355,14345,14445,14485,14585
2/10/2014,14260,14265,14300,14305,,,14405,14505,14495,14595,14635,14735
2/7/2014,14100,14105,14135,14140,,,14250,14350,14345,14445,14485,14585
2/6/2014,13815,13820,13880,13885,,,14035,14135,14145,14245,14295,14395
2/5/2014,13835,13840,13900,13925,,,14060,14160,14180,14280,14330,14430
2/4/2014,13855,13860,13945,13950,,,14095,14195,14215,14315,14365,14465
2/3/2014,13825,13830,13875,13880,,,14030,14130,14160,14260,14310,14410
1/31/2014,13695,13700,13740,13745,,,13895,13995,14025,14125,14175,14275
1/30/2014,13850,13860,13880,13885,,,14040,14140,14170,14270,14320,14420
1/29/2014,14090,14095,14160,14165,,,14325,14425,14460,14560,14610,14710
1/28/2014,14075,14080,14155,14160,,,14325,14425,14455,14555,14615,14715
1/27/2014,14255,14260,14320,14325,,,14480,14580,14610,14710,14770,14870
1/24/2014,14550,14555,14610,14620,,,14770,14870,14900,15000,15060,15160
1/23/2014,14630,14635,14710,14720,,,14910,15010,15065,15165,15235,15335
1/22/2014,14640,14645,14720,14730,,,14945,15045,15115,15215,15285,15385
1/21/2014,14560,14565,14625,14630,,,14845,14945,15015,15115,15185,15285
1/20/2014,14430,14435,14475,14480,,,14690,14790,14860,14960,15030,15130
1/17/2014,14590,14595,14625,14635,,,14860,14960,15025,15125,15195,15295
1/16/2014,14485,14495,14560,14565,,,14780,14880,14945,15045,15115,15215
1/15/2014,14240,14245,14290,14300,,,14510,14610,14675,14775,14845,14945
1/14/2014,14280,14285,14345,14355,,,14570,14670,14745,14845,14920,15020
1/13/2014,13975,13980,14040,14050,,,14305,14405,14500,14600,14690,14790
1/10/2014,13675,13680,13715,13725,,,14025,14125,14240,14340,14455,14555
1/9/2014,13360,13365,13420,13425,,,13745,13845,13960,14060,14175,14275
1/8/2014,13440,13445,13500,13505,,,13830,13930,14045,14145,14260,14360
1/7/2014,13475,13480,13540,13550,,,13870,13970,14095,14195,14320,14420
1/6/2014,13560,13570,13635,13640,,,13980,14080,14205,14305,14430,14530
1/3/2014,13860,13870,13915,13920,,,14260,14360,14485,14585,14715,14815
1/2/2014,13900,13905,13975,13980,,,14325,14425,14560,14660,14795,14895
12/31/2013,13965,13970,13990,14000,,,14120,14220,14355,14455,14575,14675
12/30/2013,14010,14015,14060,14070,,,14180,14280,14400,14500,14620,14720
12/27/2013,14150,14175,14220,14225,,,14340,14440,14560,14660,14780,14880
12/24/2013,14045,14050,14105,14110,,,14220,14320,14440,14540,14660,14760
12/23/2013,14300,14310,14405,14410,,,14520,14620,14740,14840,14960,15060
12/20/2013,14210,14215,14250,14260,,,14360,14460,14585,14685,14805,14905
12/19/2013,14065,14070,14140,14150,,,14250,14350,14470,14570,14690,14790
12/18/2013,14030,14035,14100,14105,,,14205,14305,14425,14525,14645,14745
12/17/2013,13910,13920,13965,13970,,,14080,14180,14305,14405,14530,14630
12/16/2013,14055,14060,14135,14140,,,14250,14350,14475,14575,14700,14800
12/13/2013,13900,13905,13950,13960,,,14070,14170,14295,14395,14520,14620
12/12/2013,14000,14005,14080,14090,,,14205,14305,14430,14530,14655,14755
12/11/2013,13920,13930,13990,14000,,,14115,14215,14340,14440,14570,14670
12/10/2013,14000,14005,14065,14075,,,14190,14290,14415,14515,14645,14745
12/9/2013,13830,13835,13890,13895,,,14020,14120,14245,14345,14475,14575
12/6/2013,13735,13740,13825,13830,,,13950,14050,14175,14275,14405,14505
12/5/2013,13780,13785,13840,13850,,,13960,14060,14190,14290,14420,14520
12/4/2013,13520,13525,13585,13590,,,13710,13810,13940,14040,14170,14270
12/3/2013,13345,13350,13410,13415,,,13540,13640,13775,13875,14010,14110
12/2/2013,13385,13390,13450,13460,,,13590,13690,13830,13930,14065,14165
11/29/2013,13410,13415,13475,13480,,,13615,13715,13855,13955,14090,14190
11/28/2013,13260,13270,13335,13340,,,13485,13585,13730,13830,13965,14065
11/27/2013,13400,13405,13470,13480,,,13615,13715,13845,13945,14075,14175
11/26/2013,13460,13465,13540,13550,,,13680,13780,13910,14010,14140,14240
11/25/2013,13470,13480,13540,13545,,,13675,13775,13905,14005,14135,14235
11/22/2013,13430,13440,13505,13510,,,13645,13745,13875,13975,14105,14205
11/21/2013,13420,13425,13500,13505,,,13640,13740,13860,13960,14085,14185
11/20/2013,13505,13510,13570,13580,,,13710,13810,13935,14035,14160,14260
11/19/2013,13575,13580,13690,13700,,,13835,13935,14060,14160,14285,14385
11/18/2013,13680,13690,13750,13760,,,13890,13990,14115,14215,14340,14440
11/15/2013,13685,13690,13735,13740,,,13875,13975,14100,14200,14325,14425
11/14/2013,13575,13600,13660,13665,,,13795,13895,14020,14120,14245,14345
11/13/2013,13600,13605,13650,13655,,,13780,13880,14000,14100,14225,14325
11/12/2013,13650,13655,13730,13735,,,13855,13955,14075,14175,14300,14400
11/11/2013,13805,13810,13875,13880,,,14000,14100,14215,14315,14440,14540
11/8/2013,13860,13865,13920,13925,,,14050,14150,14265,14365,14490,14590
11/7/2013,13945,13950,14055,14060,,,14205,14305,14425,14525,14655,14755
11/6/2013,14285,14290,14355,14375,,,14520,14620,14740,14840,14970,15070
11/5/2013,14300,14325,14375,14380,,,14520,14620,14745,14845,14975,15075
11/4/2013,14255,14260,14345,14350,,,14490,14590,14710,14810,14940,15040
11/1/2013,14575,14580,14620,14630,,,14765,14865,14990,15090,15220,15320
10/31/2013,14510,14515,14570,14600,,,14730,14830,14950,15050,15180,15280
10/30/2013,14550,14555,14600,14610,,,14745,14845,14970,15070,15200,15300
10/29/2013,14515,14520,14580,14585,,,14740,14840,14965,15065,15195,15295
10/28/2013,14455,14460,14510,14515,,,14660,14760,14885,14985,15115,15215
10/25/2013,14380,14385,14430,14440,,,14580,14680,14805,14905,15035,15135
10/24/2013,14400,14425,14480,14485,,,14625,14725,14850,14950,15090,15190
10/23/2013,14575,14580,14635,14640,,,14780,14880,15005,15105,15245,15345
10/22/2013,14630,14635,14740,14745,,,14885,14985,15110,15210,15350,15450
10/21/2013,14290,14295,14340,14350,,,14500,14600,14740,14840,14980,15080
10/18/2013,14165,14170,14210,14215,,,14385,14485,14630,14730,14870,14970
10/17/2013,13960,13970,14030,14040,,,14215,14315,14460,14560,14700,14800
10/16/2013,13835,13840,13910,13920,,,14095,14195,14340,14440,14580,14680
10/15/2013,13890,13895,13950,13975,,,14155,14255,14405,14505,14645,14745
10/14/2013,13900,13910,14000,14010,,,14210,14310,14460,14560,14700,14800
10/11/2013,13725,13730,13805,13810,,,14020,14120,14280,14380,14520,14620
10/10/2013,13715,13720,13800,13810,,,14020,14120,14280,14380,14520,14620
10/9/2013,13755,13760,13800,13805,,,14020,14120,14280,14380,14525,14625
10/8/2013,13830,13835,13900,13905,,,14120,14220,14385,14485,14625,14725
10/7/2013,13835,13840,13890,13900,,,14115,14215,14375,14475,14620,14720
10/4/2013,13550,13560,13635,13640,,,13860,13960,14125,14225,14365,14465
10/3/2013,13625,13635,13695,13700,,,13920,14020,14185,14285,14425,14525
10/2/2013,13625,13630,13700,13705,,,13925,14025,14190,14290,14430,14530
10/1/2013,13735,13740,13800,13820,,,14030,14130,14295,14395,14535,14635
9/30/2013,13850,13860,13930,13935,,,,,,,14665,14765
9/27/2013,13880,13885,13965,13970,,,,,,,14705,14805
9/26/2013,13775,13780,13860,13870,,,,,,,14600,14700
9/25/2013,13700,13725,13765,13775,,,,,,,14505,14605
9/24/2013,13675,13680,13770,13775,,,,,,,14505,14605
9/23/2013,13825,13830,13915,13920,,,,,,,14640,14740
9/20/2013,14080,14090,14195,14200,,,,,,,14920,15020
9/19/2013,14135,14140,14200,14220,,,,,,,14965,15065
9/18/2013,13775,13780,13865,13870,,,,,,,14625,14725
9/17/2013,13770,13775,13860,13870,,,,,,,14625,14725
9/16/2013,13815,13820,13900,13910,,,,,,,14665,14765
9/13/2013,13600,13605,13670,13700,,,,,,,14450,14550
9/12/2013,13615,13620,13650,13660,,,,,,,14410,14510
9/11/2013,13670,13675,13730,13740,,,,,,,14490,14590
9/10/2013,13770,13775,13820,13825,,,,,,,14525,14625
9/9/2013,13815,13820,13890,13895,,,,,,,14590,14690
9/6/2013,13895,13900,13970,13975,,,14675,14775,,,14675,14775
9/5/2013,13650,13660,13680,13700,,,14395,14495,,,,
9/4/2013,13535,13540,13620,13625,,,14330,14430,,,,
9/3/2013,13630,13635,13730,13740,,,14425,14525,,,,
9/2/2013,13770,13775,13820,13825,,,14515,14615,,,,
8/30/2013,13750,13755,13825,13830,,,14055,14155,14305,14405,14515,14615
8/29/2013,14065,14070,14130,14135,,,14360,14460,14605,14705,14815,14915
8/28/2013,14225,14240,14275,14300,,,14515,14615,14765,14865,14975,15075
8/27/2013,14320,14325,14400,14405,,,14630,14730,14875,14975,15085,15185
8/23/2013,14340,14345,14410,14430,,,14650,14750,14895,14995,15105,15205
8/22/2013,14430,14435,14530,14540,,,14760,14860,15000,15100,15210,15310
8/21/2013,14445,14450,14550,14600,,,14800,14900,15040,15140,15250,15350
8/20/2013,14560,14565,14650,14655,,,14875,14975,15120,15220,15330,15430
8/19/2013,14650,14655,14750,14775,,,14985,15085,15225,15325,15435,15535
8/16/2013,14680,14685,14790,14800,,,15020,15120,15265,15365,15475,15575
8/15/2013,14655,14660,14725,14730,,,14955,15055,15195,15295,15405,15505
8/14/2013,14700,14725,14775,14800,,,15010,15110,15250,15350,15460,15560
8/13/2013,14730,14735,14800,14805,,,15030,15130,15270,15370,15480,15580
8/12/2013,14770,14775,14875,14890,,,15115,15215,15355,15455,15565,15665
8/9/2013,14425,14450,14470,14480,,,14705,14805,14945,15045,15155,15255
8/8/2013,14155,14160,14215,14220,,,14450,14550,14690,14790,14900,15000
8/7/2013,13580,13585,13650,13655,,,13890,13990,14130,14230,14340,14440
8/6/2013,13885,13890,13970,14000,,,14220,14320,14460,14560,14670,14770
8/5/2013,13830,13835,13900,13905,,,14140,14240,14380,14480,14590,14690
8/2/2013,13815,13820,13870,13875,,,14115,14215,14355,14455,14565,14665
8/1/2013,13750,13765,13850,13860,,,14095,14195,14335,14435,14545,14645
7/31/2013,13565,13570,13645,13650,,,13885,13985,14120,14220,14330,14430
7/30/2013,13430,13435,13490,13500,,,13725,13825,13960,14060,14165,14265
7/29/2013,13635,13640,13715,13725,,,13950,14050,14185,14285,14390,14490
7/26/2013,13825,13830,13900,13905,,,14135,14235,14370,14470,14575,14675
7/25/2013,14045,14050,14130,14135,,,14360,14460,14595,14695,14800,14900
7/24/2013,14115,14120,14170,14175,,,14400,14500,14635,14735,14840,14940
7/23/2013,13970,13975,14040,14050,,,14270,14370,14505,14605,14705,14805
7/22/2013,14050,14055,14145,14150,,,14370,14470,14605,14705,14805,14905
7/19/2013,13975,13980,14035,14055,,,14280,14380,14515,14615,14715,14815
7/18/2013,13880,13885,13975,13980,,,14215,14315,14450,14550,14650,14750
7/17/2013,13805,13810,13925,13950,,,14180,14280,14415,14515,14615,14715
7/16/2013,13530,13535,13590,13595,,,13835,13935,14070,14170,14270,14370
7/15/2013,13375,13380,13450,13455,,,13695,13795,13930,14030,14130,14230
7/12/2013,13560,13565,13625,13650,,,13890,13990,14125,14225,14325,14425
7/11/2013,13650,13655,13725,13740,,,13985,14085,14220,14320,14420,14520
7/10/2013,13460,13475,13550,13560,,,13810,13910,14045,14145,14245,14345
7/9/2013,13155,13160,13240,13245,,,13500,13600,13735,13835,13935,14035
7/8/2013,13320,13325,13425,13440,,,13685,13785,13920,14020,14120,14220
7/5/2013,13525,13530,13600,13605,,,13860,13960,14095,14195,14295,14395
7/4/2013,13680,13685,13770,13775,,,14025,14125,14260,14360,14460,14560
7/3/2013,13800,13805,13860,13870,,,14115,14215,14350,14450,14550,14650
7/2/2013,13910,13915,13975,13980,,,14225,14325,14460,14560,14660,14760
7/1/2013,13825,13835,13885,13890,,,14140,14240,14375,14475,14575,14675
6/28/2013,13675,13680,13705,13710,,,13970,14070,14205,14305,14405,14505
6/27/2013,13610,13620,13725,13750,,,14000,14100,14235,14335,14435,14535
6/26/2013,13555,13560,13610,13615,,,13880,13980,14120,14220,14320,14420
6/25/2013,13860,13865,13925,13930,,,14190,14290,14430,14530,14630,14730
6/24/2013,13625,13650,13725,13730,,,13990,14090,14225,14325,14405,14505
6/21/2013,13775,13780,13830,13835,,,14100,14200,14335,14435,14515,14615
6/20/2013,13740,13745,13810,13815,,,14080,14180,14315,14415,14490,14590
6/19/2013,14005,14010,14100,14105,,,14370,14470,14605,14705,14785,14885
6/18/2013,14000,14025,14050,14055,,,14320,14420,14560,14660,14740,14840
6/17/2013,14080,14085,14175,14180,,,14450,14550,14690,14790,14865,14965
6/14/2013,14225,14230,14325,14345,,,14605,14705,14845,14945,15025,15125
6/13/2013,14025,14030,14110,14115,,,14385,14485,14625,14725,14805,14905
6/12/2013,14380,14385,14440,14445,,,14715,14815,14955,15055,15130,15230
6/11/2013,14490,14495,14550,14560,,,14835,14935,15075,15175,15250,15350
6/10/2013,14850,14855,14945,14950,,,15220,15320,15460,15560,15635,15735
6/7/2013,15045,15050,15105,15110,,,15380,15480,15620,15720,15795,15895
6/6/2013,14915,14920,15050,15075,,,15335,15435,15575,15675,15750,15850
6/5/2013,15250,15255,15335,15340,,,15610,15710,15850,15950,16025,16125
6/4/2013,15135,15140,15200,15205,,,15475,15575,15715,15815,15890,15990
6/3/2013,15025,15030,15125,15130,,,15400,15500,15640,15740,15815,15915
5/31/2013,14630,14635,14700,14710,,,14980,15080,15220,15320,15395,15495
5/30/2013,14625,14650,14795,14800,,,15070,15170,15300,15400,15475,15575
5/29/2013,14775,14780,14840,14870,,,15130,15230,15360,15460,15530,15630
5/28/2013,14825,14830,14855,14860,,,15130,15230,15360,15460,15530,15630
5/24/2013,14750,14755,14835,14845,,,15115,15215,15345,15445,15515,15615
5/23/2013,14750,14755,14850,14855,,,15130,15230,15360,15460,15530,15630
5/22/2013,15160,15165,15225,15250,,,15515,15615,15745,15845,15915,16015
5/21/2013,15030,15035,15100,15105,,,15385,15485,15615,15715,15785,15885
5/20/2013,14845,14850,14910,14915,,,15195,15295,15425,15525,15585,15685
5/17/2013,14850,14855,14900,14905,,,15185,15285,15410,15510,15560,15660
5/16/2013,14765,14770,14895,14900,,,15180,15280,15405,15505,15555,15655
5/15/2013,14825,14830,14900,14905,,,15185,15285,15410,15510,15560,15660
5/14/2013,15100,15105,15180,15185,,,15465,15565,15690,15790,15840,15940
5/13/2013,15230,15235,15325,15340,,,15610,15710,15835,15935,15985,16085
5/10/2013,15320,15325,15370,15375,,,15655,15755,15880,15980,16030,16130
5/9/2013,15330,15335,15415,15420,,,15700,15800,15920,16020,16070,16170
5/8/2013,15435,15440,15490,15495,,,15775,15875,16005,16105,16155,16255
5/7/2013,14960,14965,15040,15045,,,15330,15430,15560,15660,15710,15810
5/3/2013,14905,14910,14965,14970,,,15260,15360,15485,15585,15625,15725
5/2/2013,14765,14770,14845,14850,,,15135,15235,15360,15460,15500,15600
5/1/2013,14970,14975,15050,15055,,,15340,15440,15565,15665,15705,15805
4/30/2013,15195,15200,15250,15255,,,15540,15640,15760,15860,15900,16000
4/29/2013,15280,15285,15370,15380,,,15645,15745,15860,15960,15980,16080
4/26/2013,15275,15280,15340,15350,,,15620,15720,15835,15935,15950,16050
4/25/2013,15130,15135,15225,15230,,,15500,15600,15715,15815,15830,15930
4/24/2013,15200,15205,15245,15255,,,15525,15625,15745,15845,15860,15960
4/23/2013,15080,15085,15150,15155,,,15430,15530,15650,15750,15765,15865
4/22/2013,15175,15180,15225,15230,,,15505,15605,15725,15825,15840,15940
4/19/2013,15225,15230,15305,15310,,,15585,15685,15805,15905,15920,16020
4/18/2013,15385,15390,15415,15420,,,15690,15790,15905,16005,16015,16115
4/17/2013,15325,15350,15400,15405,,,15675,15775,15890,15990,16000,16100
4/16/2013,15725,15730,15795,15800,,,16070,16170,16285,16385,16395,16495
4/15/2013,15450,15455,15545,15550,,,15820,15920,16030,16130,16140,16240
4/12/2013,15930,15950,16015,16020,,,16295,16395,16505,16605,16615,16715
4/11/2013,15950,15955,16050,16055,,,16325,16425,16535,16635,16645,16745
4/10/2013,16140,16150,16200,16205,,,16475,16575,16685,16785,16795,16895
4/9/2013,16065,16070,16115,16120,,,16395,16495,16605,16705,16715,16815
4/8/2013,16130,16135,16180,16185,,,16460,16560,16665,16765,16775,16875
4/5/2013,15925,15930,16000,16005,,,16285,16385,16485,16585,16595,16695
4/4/2013,16035,16040,16100,16105,,,16375,16475,16575,16675,16685,16785
4/3/2013,16185,16190,16245,16255,,,16530,16630,16730,16830,16840,16940
4/2/2013,16385,16390,16445,16450,,,16705,16805,16905,17005,17015,17115
3/28/2013,16535,16540,16695,16700,,,16970,17070,17170,17270,17280,17380
3/27/2013,16665,16670,16720,16725,,,16995,17095,17195,17295,17305,17405
3/26/2013,16945,16950,17025,17030,,,17300,17400,17500,17600,17610,17710
3/25/2013,16925,16930,17000,17010,,,17280,17380,17480,17580,17590,17690
3/22/2013,16820,16830,16925,16930,,,17205,17305,17405,17505,17515,17615
3/21/2013,16845,16850,16940,16945,,,17220,17320,17420,17520,17530,17630
3/20/2013,16720,16725,16795,16800,,,17075,17175,17270,17370,17380,17480
3/19/2013,16605,16610,16655,16660,,,16935,17035,17130,17230,17240,17340
3/18/2013,16550,16555,16620,16625,,,16900,17000,17095,17195,17205,17305
3/15/2013,17100,17105,17190,17195,,,17470,17570,17665,17765,17775,17875
3/14/2013,16980,16985,17075,17080,,,17360,17460,17555,17655,17665,17765
3/13/2013,17060,17065,17130,17140,,,17410,17510,17605,17705,17715,17815
3/12/2013,16965,16970,17025,17030,,,17300,17400,17495,17595,17605,17705
3/11/2013,16645,16650,16695,16700,,,16970,17070,17160,17260,17270,17370
3/8/2013,16555,16560,16625,16650,,,16915,17015,17105,17205,17215,17315
3/7/2013,16510,16515,16575,16580,,,16850,16950,17040,17140,17150,17250
3/6/2013,16570,16575,16625,16630,,,16895,16995,17085,17185,17195,17295
3/5/2013,16500,16505,16570,16575,,,16845,16945,17035,17135,17145,17245
3/4/2013,16535,16540,16600,16625,,,16895,16995,17085,17185,17195,17295
3/1/2013,16420,16425,16480,16485,,,16770,16870,16955,17055,17065,17165
2/28/2013,16655,16660,16710,16720,,,17005,17105,17190,17290,17300,17400
2/27/2013,16705,16710,16755,16760,,,17045,17145,17220,17320,17320,17420
2/26/2013,16500,16525,16590,16595,,,16880,16980,17055,17155,17155,17255
2/25/2013,16705,16710,16800,16805,,,17090,17190,17265,17365,17365,17465
2/22/2013,16735,16745,16845,16850,,,17135,17235,17310,17410,17410,17510
2/21/2013,16750,16775,16840,16845,,,17135,17235,17310,17410,17410,17510
2/20/2013,17190,17200,17275,17285,,,17575,17675,17750,17850,17850,17950
2/19/2013,17580,17585,17675,17680,,,17970,18070,18145,18245,18245,18345
2/18/2013,17930,17935,18005,18010,,,18300,18400,18475,18575,18575,18675
2/15/2013,18230,18250,18300,18325,,,18610,18710,18785,18885,18885,18985
2/14/2013,18285,18290,18350,18355,,,18645,18745,18820,18920,18920,19020
2/13/2013,18275,18280,18370,18375,,,18670,18770,18845,18945,18945,19045
2/12/2013,18280,18285,18325,18330,,,18625,18725,18800,18900,18900,19000
2/11/2013,18225,18250,18315,18320,,,18620,18720,18795,18895,18895,18995
2/8/2013,18215,18220,18290,18300,,,18595,18695,18770,18870,18870,18970
2/7/2013,18215,18220,18295,18300,,,18595,18695,18770,18870,18870,18970
2/6/2013,18480,18490,18505,18510,,,18810,18910,18980,19080,19080,19180
2/5/2013,18560,18565,18625,18650,,,18930,19030,19100,19200,19200,19300
2/4/2013,18580,18600,18660,18665,,,18960,19060,19130,19230,19230,19330
2/1/2013,18375,18380,18445,18450,,,18755,18855,18925,19025,19025,19125
1/31/2013,18370,18375,18460,18465,,,18775,18875,18945,19045,19045,19145
1/30/2013,18200,18205,18240,18245,,,18560,18660,18735,18835,18835,18935
1/29/2013,17600,17625,17625,17630,,,17950,18050,18125,18225,18225,18325
1/28/2013,17405,17410,17480,17485,,,17800,17900,17970,18070,18070,18170
1/25/2013,17260,17265,17300,17305,,,17630,17730,17800,17900,17900,18000
1/24/2013,17275,17300,17350,17375,,,17695,17795,17865,17965,17965,18065
1/23/2013,17475,17485,17500,17550,,,17850,17950,18020,18120,18120,18220
1/22/2013,17370,17375,17405,17410,,,17735,17835,17905,18005,18005,18105
1/21/2013,17360,17380,17425,17430,,,17755,17855,17925,18025,18025,18125
1/18/2013,17610,17630,17695,17705,,,18030,18130,18200,18300,18300,18400
1/17/2013,17380,17385,17460,17480,,,17800,17900,17970,18070,18070,18170
1/16/2013,17280,17285,17375,17380,,,17710,17810,17880,17980,17980,18080
1/15/2013,17180,17190,17220,17225,,,17555,17655,17720,17820,17820,17920
1/14/2013,17355,17360,17450,17455,,,17775,17875,17935,18035,18035,18135
1/11/2013,17320,17325,17400,17405,,,17730,17830,17885,17985,17985,18085
1/10/2013,17530,17540,17625,17630,,,17955,18055,18085,18185,18185,18285
1/9/2013,17435,17440,17525,17550,,,17865,17965,17995,18095,18095,18195
1/8/2013,17140,17145,17200,17205,,,17525,17625,17655,17755,17755,17855
1/7/2013,17210,17215,17285,17290,,,17610,17710,17740,17840,17840,17940
1/4/2013,17300,17325,17400,17405,,,17715,17815,17850,17950,17950,18050
1/3/2013,17535,17540,17590,17595,,,17910,18010,18040,18140,18140,18240
1/2/2013,17420,17425,17450,17500,,,17810,17910,17950,18050,18050,18150
12/31/2012,17080,17085,17155,17160,,,17270,17370,17495,17595,17635,17735
12/28/2012,17095,17100,17100,17105,,,17215,17315,17440,17540,17565,17665
12/27/2012,17225,17230,17275,17280,,,17395,17495,17620,17720,17745,17845
12/24/2012,17010,17015,17075,17100,,,17205,17305,17430,17530,17555,17655
12/21/2012,17380,17385,17480,17485,,,17600,17700,17825,17925,17950,18050
12/20/2012,17520,17525,17525,17540,,,17655,17755,17855,17955,18000,18100
12/19/2012,17580,17585,17675,17680,,,17800,17900,18015,18115,18140,18240
12/18/2012,17645,17650,17700,17710,,,17830,17930,18040,18140,18165,18265
12/17/2012,17550,17555,17715,17720,,,17845,17945,18045,18145,18170,18270
12/14/2012,17700,17705,17775,17785,,,17910,18010,18095,18195,18210,18310
12/13/2012,17425,17430,17500,17525,,,17645,17745,17830,17930,17930,18030
12/12/2012,17755,17760,17840,17850,,,17980,18080,18165,18265,18265,18365
12/11/2012,17600,17605,17695,17700,,,17825,17925,18010,18110,18110,18210
12/10/2012,17325,17330,17400,17405,,,17525,17625,17710,17810,17800,17900
12/7/2012,17020,17025,17070,17080,,,17195,17295,17380,17480,17470,17570
12/6/2012,17375,17380,17450,17475,,,17590,17690,17775,17875,17865,17965
12/5/2012,17440,17445,17480,17500,,,17605,17705,17790,17890,17880,17980
12/4/2012,17310,17315,17400,17425,,,17525,17625,17710,17810,17800,17900
12/3/2012,17590,17600,17655,17660,,,17770,17870,17955,18055,18035,18135
11/30/2012,17075,17100,17225,17275,,,17365,17465,17550,17650,17630,17730
11/29/2012,17200,17225,17340,17345,,,17460,17560,17650,17750,17730,17830
11/28/2012,16875,16900,16950,16955,,,17070,17170,17265,17365,17345,17445
11/27/2012,16665,16670,16725,16730,,,16845,16945,17040,17140,17120,17220
11/26/2012,16670,16675,16720,16725,,,16880,16930,17080,17130,17160,17210
11/23/2012,16525,16530,16595,16600,,,16720,16820,16910,17010,16990,17090
11/22/2012,16680,16685,16725,16750,,,16860,16960,17050,17150,17125,17225
11/21/2012,16505,16510,16570,16575,,,16690,16790,16885,16985,16965,17065
11/20/2012,16330,16335,16360,16365,,,16485,16585,16680,16780,16755,16855
11/19/2012,16055,16060,16125,16150,,,16260,16360,16455,16555,16515,16615
11/16/2012,15875,15880,15945,15950,,,16070,16170,16265,16365,16330,16430
11/15/2012,16010,16015,16050,16100,,,16195,16295,16390,16490,16455,16555
11/14/2012,15980,15985,16100,16125,,,16230,16330,16425,16525,16490,16590
11/13/2012,15905,15910,15995,16000,,,16120,16220,16315,16415,16380,16480
11/12/2012,15925,15930,15995,16000,,,16120,16220,16315,16415,16380,16480
11/9/2012,15885,15890,15945,15950,,,16065,16165,16260,16360,16325,16425
11/8/2012,15955,15960,15990,15995,,,16110,16210,16305,16405,16365,16465
11/7/2012,15995,16000,16025,16030,,,16145,16245,16340,16440,16405,16505
11/6/2012,15970,15975,16010,16020,,,16135,16235,16330,16430,16395,16495
11/5/2012,15845,15850,15850,15855,,,15985,16085,16180,16280,16240,16340
11/2/2012,16125,16150,16195,16200,,,16330,16430,16525,16625,16585,16685
11/1/2012,16305,16310,16390,16395,,,16530,16630,16725,16825,16790,16890
10/31/2012,16230,16235,16270,16275,,,16410,16510,16605,16705,16665,16765
10/30/2012,15995,16000,16070,16080,,,16205,16305,16400,16500,16465,16565
10/29/2012,15865,15870,15920,15930,,,16060,16160,16250,16350,16315,16415
10/26/2012,16095,16100,16095,16105,,,16235,16335,16395,16495,16455,16555
10/25/2012,16400,16405,16425,16450,,,16575,16675,16735,16835,16800,16900
10/24/2012,16290,16300,16300,16305,,,16445,16545,16605,16705,16670,16770
10/23/2012,16180,16185,16285,16290,,,16435,16535,16595,16695,16660,16760
10/22/2012,16725,16730,16810,16815,,,16955,17055,17105,17205,17155,17255
10/19/2012,17000,17005,17065,17070,,,17215,17315,17340,17440,17390,17490
10/18/2012,17130,17135,17205,17210,,,17355,17455,17480,17580,17530,17630
10/16/2012,17025,17030,17135,17140,,,17280,17380,17405,17505,17455,17555
10/15/2012,17200,17205,17290,17300,,,17435,17535,17560,17660,17610,17710
10/12/2012,17230,17235,17300,17305,,,17450,17550,17575,17675,17625,17725
10/11/2012,17640,17645,17700,17710,,,17850,17950,17975,18075,18025,18125
10/10/2012,17730,17735,17825,17830,,,17975,18075,18100,18200,18150,18250
10/8/2012,17925,17930,17975,18000,,,18135,18235,18255,18355,18305,18405
10/5/2012,18550,18575,18595,18600,,,18745,18845,18870,18970,18920,19020
10/4/2012,18640,18650,18600,18625,,,18755,18855,18880,18980,18930,19030
10/3/2012,18615,18620,18670,18675,,,18820,18920,18945,19045,18995,19095
10/2/2012,18830,18840,18855,18860,,,19000,19100,19125,19225,19175,19275
10/1/2012,18475,18480,18565,18570,,,18710,18810,18835,18935,18885,18985
9/28/2012,18515,18520,18540,18550,,,18700,18800,18825,18925,18875,18975
9/27/2012,18150,18155,18225,18230,,,18385,18485,18510,18610,18560,18660
9/26/2012,17925,17930,18045,18050,,,18195,18295,18320,18420,18370,18470
9/25/2012,18270,18275,18340,18345,,,18490,18590,18615,18715,18665,18765
9/24/2012,17805,17810,17925,17930,,,18070,18170,18195,18295,18245,18345
9/21/2012,18000,18005,18075,18080,,,18220,18320,18345,18445,18395,18495
9/20/2012,17595,17600,17625,17650,,,17785,17885,17910,18010,17960,18060
9/19/2012,17775,17780,17830,17840,,,17980,18080,18105,18205,18155,18255
9/18/2012,17795,17800,17835,17840,,,17985,18085,18110,18210,18160,18260
9/17/2012,17950,17955,18015,18025,,,18170,18270,18295,18395,18345,18445
9/14/2012,17520,17525,17550,17555,,,17705,17805,17835,17935,17905,18005
9/13/2012,16675,16680,16725,16730,,,16890,16990,17030,17130,17100,17200
9/12/2012,16820,16825,16875,16900,,,17050,17150,17190,17290,17260,17360
9/11/2012,16620,16625,16665,16670,,,16835,16935,16975,17075,17045,17145
9/10/2012,16520,16525,16575,16600,,,16760,16860,16900,17000,16970,17070
9/7/2012,16150,16155,16255,16260,,,16435,16535,16575,16675,16645,16745
9/6/2012,16100,16105,16150,16175,,,16335,16435,16475,16575,16545,16645
9/5/2012,15830,15835,15880,15885,,,16075,16175,16215,16315,16285,16385
9/4/2012,16095,16100,16130,16135,,,16305,16405,16445,16545,16515,16615
9/3/2012,16100,16105,16195,16200,,,16370,16470,16510,16610,16580,16680
8/31/2012,15870,15875,15960,16000,,,16155,16255,16315,16415,16385,16485
8/30/2012,16270,16280,16360,16365,,,16535,16635,16695,16795,16765,16865
8/29/2012,16230,16235,16275,16280,,,16450,16550,16605,16705,16680,16780
8/28/2012,16200,16210,16250,16255,,,16420,16520,16575,16675,16650,16750
8/24/2012,16425,16430,16545,16550,,,16720,16820,16875,16975,16945,17045
8/23/2012,16130,16135,16200,16205,,,16370,16470,16525,16625,16600,16700
8/22/2012,15750,15755,15850,15855,,,16020,16120,16180,16280,16250,16350
8/21/2012,15605,15610,15650,15655,,,15825,15925,15980,16080,16055,16155
8/20/2012,15325,15350,15400,15425,,,15585,15685,15740,15840,15815,15915
8/17/2012,15430,15435,15500,15505,,,15680,15780,15835,15935,15905,16005
8/16/2012,15185,15190,15255,15260,,,15435,15535,15600,15700,15685,15785
8/15/2012,15225,15230,15320,15325,,,15500,15600,15665,15765,15750,15850
8/14/2012,15550,15555,15625,15630,,,15820,15920,15985,16085,16070,16170
8/13/2012,15300,15320,15400,15425,,,15615,15715,15785,15885,15865,15965
8/10/2012,15220,15225,15255,15275,,,15460,15560,15620,15720,15690,15790
8/9/2012,15445,15450,15505,15510,,,15695,15795,15855,15955,15905,16005
7/31/2012,15995,16000,16010,16025,,,16220,16320,16390,16490,16470,16570
7/30/2012,16015,16020,16060,16065,,,16245,16345,16415,16515,16515,16615
7/27/2012,15855,15860,15905,15910,,,16095,16195,16265,16365,16410,16510
7/26/2012,15925,15930,15965,15970,,,16150,16250,16315,16415,16365,16465
7/25/2012,15710,15715,15755,15760,,,15955,16055,16135,16235,16160,16260
7/24/2012,15600,15605,15680,15685,,,15865,15965,16030,16130,16055,16155
7/23/2012,15630,15650,15625,15650,,,15820,15920,16000,16100,16025,16125
7/20/2012,15810,15830,15895,15900,,,16085,16185,16250,16350,16275,16375
7/19/2012,16175,16180,16175,16200,,,16390,16490,16550,16650,16575,16675
7/18/2012,15980,15985,16040,16050,,,16245,16345,16410,16510,16435,16535
7/17/2012,16100,16125,16200,16205,,,16405,16505,16510,16610,16535,16635
7/16/2012,15955,15960,16000,16020,,,16220,16320,16380,16480,16405,16505
7/13/2012,16150,16155,16195,16200,,,16405,16505,16555,16655,16580,16680
7/12/2012,15835,15840,15880,15885,,,16080,16180,16230,16330,16255,16355
7/11/2012,16160,16165,16200,16225,,,16410,16510,16560,16660,16585,16685
7/10/2012,16175,16180,16225,16230,,,16425,16525,16550,16650,16575,16675
7/9/2012,16240,16245,16275,16280,,,16470,16570,16595,16695,16620,16720
7/6/2012,16455,16460,16500,16505,,,16695,16795,16820,16920,16845,16945
7/5/2012,16910,16915,16980,17000,,,17170,17270,17295,17395,17320,17420
7/4/2012,16980,17000,17000,17025,,,17190,17290,17315,17415,17340,17440
7/3/2012,17100,17105,17175,17180,,,17365,17465,17490,17590,17515,17615
7/2/2012,16570,16575,16630,16635,,,16820,16920,16945,17045,16970,17070
6/29/2012,16470,16475,16450,16455,,,16655,16755,16780,16880,16805,16905
6/28/2012,16360,16375,16425,16430,,,16630,16730,16755,16855,16780,16880
6/27/2012,16175,16180,16215,16220,,,16440,16540,16570,16670,16595,16695
6/26/2012,16250,16255,16315,16320,,,16535,16635,16660,16760,16685,16785
6/25/2012,16325,16330,16400,16410,,,16630,16730,16755,16855,16780,16880
6/22/2012,16265,16270,16300,16325,,,16540,16640,16670,16770,16695,16795
6/21/2012,16775,16780,16865,16875,,,17085,17185,17210,17310,17235,17335
6/20/2012,17035,17040,17125,17150,,,17350,17450,17480,17580,17505,17605
6/19/2012,16670,16675,16740,16745,,,16960,17060,17085,17185,17110,17210
6/18/2012,16620,16625,16675,16680,,,16890,16990,17020,17120,17045,17145
6/15/2012,16605,16610,16650,16655,,,16870,16970,17000,17100,17025,17125
6/14/2012,16750,16775,16825,16830,,,17045,17145,17175,17275,17200,17300
6/13/2012,17080,17085,17175,17200,,,17405,17505,17535,17635,17560,17660
6/12/2012,17080,17085,17175,17200,,,17410,17510,17535,17635,17560,17660
6/11/2012,16810,16815,16895,16900,,,17125,17225,17250,17350,17275,17375
6/8/2012,16330,16335,16400,16405,,,16615,16715,16740,16840,16765,16865
6/7/2012,16440,16450,16500,16505,,,16730,16830,16855,16955,16880,16980
6/6/2012,16055,16060,16195,16200,,,16435,16535,16560,16660,16585,16685
6/1/2012,16020,16025,16085,16090,,,16340,16440,16465,16565,16490,16590
5/31/2012,16370,16375,16470,16475,,,16725,16825,16855,16955,16760,16860
5/30/2012,16385,16390,16425,16450,,,16690,16790,16820,16920,16725,16825
5/29/2012,16880,16885,16960,16970,,,17220,17320,17345,17445,17255,17355
5/28/2012,16975,16980,17075,17080,,,17325,17425,17435,17535,17345,17445
5/25/2012,16975,16980,17050,17070,,,17310,17410,17420,17520,17330,17430
5/24/2012,16910,16915,17000,17005,,,17245,17345,17355,17455,17260,17360
5/23/2012,16875,16880,16900,16905,,,17140,17240,17250,17350,17160,17260
5/22/2012,17025,17030,17055,17060,,,17300,17400,17410,17510,17315,17415
5/21/2012,16770,16775,16855,16860,,,17100,17200,17210,17310,17115,17215
5/18/2012,17100,17105,17140,17150,,,17385,17485,17495,17595,17405,17505
5/17/2012,16900,16910,16975,16980,,,17215,17315,17325,17425,17235,17335
5/16/2012,16945,16950,16975,17000,,,17220,17320,17320,17420,17225,17325
5/15/2012,16980,16985,17030,17035,,,17280,17380,17385,17485,17280,17380
5/14/2012,16975,16980,17000,17005,,,17185,17285,17230,17330,17125,17225
5/11/2012,17020,17025,17055,17060,,,17240,17340,17285,17385,17180,17280
5/10/2012,17130,17135,17220,17225,,,17395,17495,17420,17520,17320,17420
5/9/2012,17025,17030,17070,17075,,,17250,17350,17275,17375,17170,17270
5/8/2012,17400,17405,17465,17470,,,17645,17745,17670,17770,17565,17665
5/4/2012,17365,17370,17425,17450,,,17625,17725,17650,17750,17545,17645
5/3/2012,17375,17380,17470,17475,,,17655,17755,17680,17780,17580,17680
5/2/2012,17425,17430,17470,17475,,,17655,17755,17680,17780,17575,17675
5/1/2012,17520,17525,17620,17625,,,17800,17900,17775,17875,17670,17770
4/30/2012,17830,17835,17900,17910,,,18085,18185,18060,18160,17955,18055
4/27/2012,18250,18255,18325,18330,,,18505,18605,18480,18580,18375,18475
4/26/2012,17960,17965,18065,18070,,,18260,18360,18235,18335,18130,18230
4/25/2012,17480,17485,17540,17550,,,17735,17835,17710,17810,17605,17705
4/24/2012,17595,17600,17660,17665,,,17855,17955,17830,17930,17725,17825
4/23/2012,17590,17595,17625,17630,,,17815,17915,17790,17890,17690,17790
4/20/2012,17740,17750,17800,17810,,,18000,18100,17975,18075,17870,17970
4/19/2012,17600,17605,17670,17680,,,17875,17975,17850,17950,17745,17845
4/18/2012,17710,17720,17810,17815,,,18025,18125,18000,18100,17895,17995
4/17/2012,17750,17755,17805,17810,,,18025,18125,18000,18100,17895,17995
4/16/2012,17940,17945,18005,18010,,,18225,18325,18200,18300,18100,18200
4/13/2012,18395,18400,18455,18460,,,18675,18775,18650,18750,18550,18650
4/12/2012,18195,18200,18255,18260,,,18480,18580,18455,18555,18350,18450
4/11/2012,17900,17925,17950,17955,,,18170,18270,18145,18245,18045,18145
4/10/2012,18005,18010,18085,18090,,,18305,18405,18280,18380,18175,18275
4/5/2012,17860,17865,17940,17945,,,18165,18265,18140,18240,18035,18135
4/4/2012,18030,18035,18115,18120,,,18325,18425,18300,18400,18195,18295
4/3/2012,18320,18325,18375,18380,,,18580,18680,18550,18650,18445,18545
4/2/2012,17775,17780,17900,17910,,,18095,18195,18065,18165,17960,18060
3/30/2012,17425,17430,17475,17500,,,17680,17780,17650,17750,17545,17645
3/29/2012,17400,17405,17460,17480,,,17665,17765,17635,17735,17530,17630
3/28/2012,17715,17720,17775,17800,,,17980,18080,17950,18050,17850,17950
3/27/2012,18025,18030,18050,18070,,,18265,18365,18235,18335,18130,18230
3/26/2012,18185,18190,18255,18260,,,18465,18565,18440,18540,18340,18440
3/23/2012,18300,18305,18350,18400,,,18590,18690,18565,18665,18465,18565
3/22/2012,18465,18470,18525,18530,,,18745,18845,18720,18820,18620,18720
3/21/2012,18875,18880,18935,18940,,,19155,19255,19130,19230,19055,19155
3/20/2012,18765,18770,18820,18825,,,19040,19140,19010,19110,18935,19035
3/19/2012,18750,18755,18845,18850,,,19065,19165,19020,19120,18945,19045
3/16/2012,19195,19200,19270,19275,,,19495,19595,19450,19550,19375,19475
3/15/2012,19190,19195,19250,19255,,,19490,19590,19490,19590,19415,19515
3/14/2012,19345,19350,19450,19455,,,19685,19785,19685,19785,19610,19710
3/13/2012,19240,19250,19325,19330,,,19560,19660,19560,19660,19485,19585
3/12/2012,18995,19000,19050,19075,,,19290,19390,19290,19390,19215,19315
3/9/2012,18745,18750,18870,18875,,,19105,19205,19105,19205,19030,19130
3/8/2012,18995,19000,19100,19105,,,19330,19430,19330,19430,19255,19355
3/7/2012,18770,18775,18890,18895,,,19110,19210,19110,19210,19035,19135
3/6/2012,18695,18700,18845,18850,,,19075,19175,19075,19175,19000,19100
3/5/2012,19235,19300,19350,19355,,,19575,19675,19575,19675,19500,19600
3/2/2012,19385,19390,19500,19525,,,19740,19840,19740,19840,19665,19765
3/1/2012,19740,19745,19750,19755,,,19975,20075,19975,20075,19900,20000
2/29/2012,19905,19910,19950,20000,,,20190,20290,20190,20290,20115,20215
2/28/2012,20205,20210,20255,20260,,,20460,20560,20460,20560,20385,20485
2/27/2012,19830,19835,19975,20000,,,20185,20285,20185,20285,20110,20210
2/24/2012,19900,19905,20015,20020,,,20230,20330,20230,20330,20155,20255
2/23/2012,19975,20000,20190,20195,,,20405,20505,20405,20505,20330,20430
2/22/2012,20095,20100,20155,20160,,,20380,20480,20380,20480,20305,20405
2/21/2012,19985,19990,20100,20125,,,20325,20425,20325,20425,20250,20350
2/20/2012,19595,19600,19740,19745,,,19955,20055,19955,20055,19880,19980
2/17/2012,19730,19735,19825,19850,,,20055,20155,20055,20155,19980,20080
2/16/2012,19750,19755,19825,19830,,,20045,20145,20045,20145,19950,20050
2/15/2012,20345,20350,20325,20350,,,20555,20655,20555,20655,20460,20560
2/14/2012,20200,20205,20350,20355,,,20540,20640,20520,20620,20425,20525
2/13/2012,20975,20980,21045,21050,,,21215,21315,21190,21290,21100,21200
2/10/2012,21025,21050,21100,21125,,,21265,21365,21225,21325,21130,21230
2/9/2012,21345,21350,21395,21400,,,21545,21645,21505,21605,21410,21510
2/8/2012,21825,21830,21875,21880,,,22015,22115,21975,22075,21880,21980
2/7/2012,21295,21300,21370,21375,,,21505,21605,21465,21565,21370,21470
2/6/2012,21100,21105,21195,21200,,,21320,21420,21280,21380,21185,21285
2/3/2012,20775,20780,20840,20845,,,20965,21065,20915,21015,20795,20895
2/2/2012,20900,20905,20995,21000,,,21125,21225,21050,21150,20915,21015
2/1/2012,20865,20870,20975,20980,,,21060,21160,20960,21060,20810,20910
1/31/2012,21125,21150,21250,21275,,,21340,21440,21240,21340,21090,21190
1/30/2012,21365,21370,21410,21415,,,21485,21585,21385,21485,21235,21335
1/27/2012,21665,21670,21725,21730,,,21790,21890,21690,21790,21540,21640
1/26/2012,21345,21350,21445,21450,,,21500,21600,21400,21500,21250,21350
1/25/2012,20505,20510,20550,20555,,,20595,20695,20495,20595,20345,20445
1/24/2012,20290,20295,20290,20295,,,20340,20440,20265,20365,20115,20215
1/23/2012,20615,20620,20650,20670,,,20680,20780,20580,20680,20430,20530
1/20/2012,20150,20155,20175,20180,,,20225,20325,20125,20225,19975,20075
1/19/2012,19670,19680,19735,19740,,,19790,19890,19690,19790,19540,19640
1/18/2012,19455,19460,19520,19525,,,19545,19645,19570,19670,19425,19525
1/17/2012,19475,19480,19600,19605,,,19645,19745,19495,19595,19345,19445
1/16/2012,19265,19270,19295,19305,,,19330,19430,19180,19280,19030,19130
1/13/2012,19625,19630,19625,19650,,,19615,19715,19465,19565,19315,19415
1/12/2012,19570,19575,19595,19600,,,19575,19675,19425,19525,19275,19375
1/11/2012,19355,19360,19395,19400,,,19370,19470,19220,19320,19070,19170
1/10/2012,19400,19425,19405,19410,,,19375,19475,19225,19325,19075,19175
1/9/2012,18850,18855,18870,18875,,,18835,18935,18685,18785,18535,18635
1/6/2012,18675,18680,18645,18650,,,18635,18735,18535,18635,18385,18485
1/5/2012,18580,18590,18555,18560,,,18545,18645,18445,18545,18295,18395
1/4/2012,18700,18705,18675,18680,,,18675,18775,18575,18675,18425,18525
1/3/2012,18425,18430,18420,18425,,,18440,18540,18390,18490,18240,18340
